id,is_cancelled
6881,0.2944792450623053
6882,0.2826703987819073
6883,0.17771665181493734
6884,0.3517323623626099
6887,0.21837678370909108
6885,0.47944849033179776
6886,0.36372226182639505
6888,0.199656488808879
6889,0.31343403614916654
6890,0.34950811966545886
6891,0.19144277739711998
6892,0.1628585641199647
6893,0.22422311227572145
6894,0.20085945177450334
6895,0.3131675964546017
6896,0.2633458889100616
6898,0.20781329206281665
6899,0.3279523174045603
6900,0.17576441902856058
6897,0.18237486575222187
6901,0.37159484406316795
6902,0.2354771946956632
6903,0.3111267952621701
6904,0.4599885492708898
6907,0.3322375901545984
6905,0.18787985612272085
6906,0.1821305035308249
6909,0.32523523962337936
6911,0.2760313310787651
6908,0.27772173646477705
6910,0.27706430741413596
6912,0.3360573005224267
6913,0.3403311929763703
6914,0.2699927141543496
6915,0.39539496635797033
6916,0.34796797276315433
6917,0.20248323009858749
6918,0.39528119816633533
6919,0.1754212393223473
6920,0.29641168687389285
6921,0.24001907852953255
6922,0.26341204852532524
6923,0.2783812315646233
6924,0.2790417054996542
6925,0.3368593082450118
6927,0.29947283726170654
6926,0.27977447762428226
6929,0.17556337449854173
6930,0.26348341575846906
6931,0.36666085466481296
6932,0.33920968648137334
6933,0.28486468848843477
6934,0.1915610683428195
6928,0.31768943483378315
6935,0.17974597646999058
6936,0.1755357949366881
6937,0.34629598013626967
6938,0.27169263293218066
6939,0.190260242657426
6940,0.4134184628530467
6941,0.30006156834386316
6942,0.3409990640206513
6944,0.35874606860064145
6943,0.3031845488413616
6947,0.20795853701186365
6945,0.22531073649029187
6946,0.28747941879599676
6948,0.1898043709504821
6949,0.21913978141351753
6950,0.2924909292698184
6951,0.3661480745086836
6952,0.2036754301881959
6953,0.30235889742214916
6954,0.4524815219196228
6955,0.277084963918009
6956,0.23580571577670106
6957,0.19413557701580475
6958,0.40300903901214497
6959,0.3413105055581442
6960,0.19350032617240973
6964,0.27574219597748545
6962,0.28049982316071165
6963,0.3481526114029607
6961,0.32594931929625864
6965,0.28356373840077126
6966,0.2631495834109815
6967,0.24666463921566306
6968,0.3065990621100763
6969,0.31321767112863247
6970,0.30898534025344254
6971,0.2246191368801714
6972,0.21652905797009248
6973,0.2988741657888933
6974,0.3667895308220424
6975,0.16355662340514318
6976,0.24379501038358228
6979,0.34568959090903423
6977,0.2758608992244819
6978,0.5545887952437684
6980,0.21841957595816733
6981,0.33295006691960083
6982,0.2791045524570656
6983,0.17672835907493875
6984,0.20139956735874123
6985,0.19230925012391187
6986,0.3429972675771622
6987,0.3508920328435197
6988,0.26494721121446935
6989,0.18924136283058676
6990,0.3102101566493206
6991,0.3256607996769842
6992,0.3599383187741214
6995,0.37243102296429703
6994,0.3291693650991551
6993,0.2915929315379647
6996,0.3399892712551423
6997,0.2949654165855917
6998,0.2107368696862771
6999,0.3842233392132637
7003,0.19811963664122492
7000,0.2238939097171635
7001,0.3633442242624885
7002,0.3214965389685618
7004,0.25244455736055305
7005,0.3380865931006962
7006,0.223512278349462
7007,0.22870123599882766
7008,0.20541609083849835
7009,0.19399463485739285
7014,0.3513408358803289
7013,0.19025415026376133
7015,0.22180761931943338
7011,0.18285582625350835
7012,0.2621856703115946
7010,0.265156269437897
7017,0.18625967877037564
7016,0.3177633790542251
7018,0.25143949378756725
7019,0.2914748996286874
7020,0.19497498478468633
7021,0.29275788407708253
7023,0.274450685710016
7022,0.312351089100453
7024,0.3433715317064408
7025,0.2909830458254441
7026,0.18989326809923135
7027,0.25696323970343593
7028,0.19289208099040947
7033,0.19548182952219684
7035,0.3925964375522922
7034,0.16322268399856804
7031,0.23858428909162077
7030,0.19076873941855954
7029,0.21121995115407174
7032,0.37892747109986163
7036,0.18284629157005816
7037,0.2644097703216403
7038,0.18726458110439817
7039,0.3407155920023642
7043,0.2804203512069508
7042,0.30196942043892877
7040,0.2520581305630372
7041,0.2961476671759807
7044,0.2667971013482949
7045,0.2095390171609991
7046,0.42202172665528415
7047,0.34211617234307606
7048,0.3331433778573065
7049,0.24776979984612804
7050,0.28167504893047635
7053,0.3636834494349898
7052,0.211971016966076
7051,0.2616666733057191
7054,0.19123857903968092
7055,0.18903384086043185
7059,0.23558669588797745
7056,0.2815992527586781
7057,0.31639770871012424
7058,0.18387408978640796
7061,0.25649956686292935
7060,0.27213187412674533
7062,0.30204121086768043
7068,0.2052394644868084
7067,0.21516494480458967
7063,0.2951466346529631
7065,0.29028533066209755
7066,0.28789178435860413
7064,0.2733666023278946
7069,0.3011918066167177
7070,0.15211937985252805
7071,0.3256277229584671
7072,0.2120938453541836
7073,0.3593521337040923
7074,0.1830759826738605
7075,0.23015811843421755
7079,0.181886455310721
7080,0.19998934577835095
7076,0.29947957448549806
7077,0.184631653615314
7078,0.41343611390486257
7081,0.32975907337822413
7082,0.23939154536562657
7083,0.33122984854631127
7084,0.3583155404224521
7085,0.2256074801576706
7086,0.18007400864171563
7087,0.19971337410984868
7088,0.31100100956825205
7089,0.2303297109446105
7090,0.30360537847106017
7093,0.22526071901726294
7091,0.32798921364156014
7092,0.18322989095037615
7096,0.333709224062346
7094,0.26937359222490104
7095,0.23661470842629959
7098,0.30819782963641923
7097,0.1943927416682484
7099,0.3445213429846328
7100,0.33368036518823235
7101,0.328099314210423
7102,0.47120148281492585
7103,0.3459206082488402
7104,0.25655423715351006
7105,0.4252788928811014
7106,0.22849676863769308
7107,0.15968914761978975
7108,0.22492898012375837
7109,0.45174504089541695
7112,0.39476668030806605
7113,0.3509968360921673
7110,0.20610036496964448
7111,0.34352471738176305
7114,0.3023733705708785
7115,0.24460676528921968
7116,0.38351589922347645
7117,0.3360154125526727
7123,0.2766847872477317
7122,0.3297909657054661
7121,0.3405846865754858
7119,0.21227667643447148
7118,0.20732182468889762
7120,0.3286207402466424
7124,0.2722900154654971
7125,0.3181286466209314
7126,0.2068695844044632
7127,0.16318002512773902
7128,0.23996361840992622
7129,0.2746734375920647
7133,0.22509845747406776
7132,0.3269804791076087
7131,0.2565891418355392
7130,0.3938214437957406
7134,0.3120671289937564
7135,0.22855091592239996
7136,0.309775806726488
7137,0.2516567922788985
7138,0.2518127199543896
7139,0.21191388674460923
7141,0.22936764224130213
7142,0.19797404094856416
7140,0.2145942497045508
7143,0.22765100492284476
7144,0.33498542765785927
7145,0.3026346476969601
7146,0.4559543256401293
7148,0.29286118305317066
7147,0.21138057965229518
7149,0.266120906595308
7150,0.20972326590986992
7151,0.373910598727214
7152,0.20812897963902546
7153,0.3306366918083167
7154,0.3985869030627371
7155,0.20038641040725366
7156,0.35400615903910254
7157,0.32261331515102326
7158,0.30910822580955394
7159,0.35256948000604904
7160,0.2759690965968801
7161,0.19409972222666486
7162,0.31801780476004843
7163,0.2426152986212612
7164,0.23803901389275373
7167,0.4137606217774867
7168,0.21671850818726265
7165,0.33402398848863507
7166,0.23302205364319684
7169,0.20298800214572132
7170,0.24792092881480474
7171,0.2122693215020612
7172,0.3332014696242431
7173,0.20316346268537264
7174,0.3259985304118012
7175,0.30844986758551
7176,0.2918691141517927
7177,0.208754418815443
7178,0.3169152808559264
7179,0.21513040656672314
7185,0.23884270231359092
7184,0.23168040886181515
7186,0.3220091597944267
7182,0.29707763522951675
7181,0.351199906490046
7180,0.2553627750124281
7183,0.19677731481766667
7187,0.3809132963243607
7188,0.29266449337354544
7189,0.31727984305961043
7190,0.39203004912958006
7191,0.37887881476980884
7192,0.290566437485499
7193,0.36889708790631626
7196,0.454278549678111
7194,0.47144834947348474
7195,0.3094553615459633
7197,0.2920896707348672
7198,0.4038796629939254
7199,0.22524033799429258
7200,0.3365569736314536
7201,0.3129387523721547
7202,0.172977599124823
7206,0.2416502369081512
7204,0.22216188715545473
7203,0.26434010452749707
7205,0.33159504584912586
7208,0.4380486622792589
7210,0.21335707115980054
7207,0.3362031583970832
7209,0.38532554248987533
7211,0.22275173798088718
7212,0.21820452904533394
7213,0.30519484682311554
7214,0.3301533070864264
7215,0.17914407028839185
7216,0.22022255258532866
7217,0.19082329518223448
7218,0.2976771179861644
7219,0.3993131507393486
7221,0.36558001443106586
7220,0.17824940875409792
7222,0.24906840628455532
7227,0.26321904376935984
7226,0.33151953393846634
7223,0.321211417129494
7225,0.29611377836478003
7224,0.20872074048847578
7228,0.3825548893019703
7229,0.35599836794029066
7230,0.18802519800499765
7231,0.18160213697139146
7232,0.31188511043801703
7233,0.39558391150608424
7234,0.21598434069226458
7235,0.4507086881864139
7236,0.32450937090577153
7237,0.17001713630757534
7238,0.2685972163004227
7239,0.37743711468710656
7242,0.20538164518377441
7241,0.2477027310214046
7240,0.2153753544930078
7247,0.26341400618868466
7246,0.3511214117317307
7243,0.33292317498897417
7244,0.3769152507519519
7245,0.25914929201788156
7248,0.41353342932754295
7249,0.22820676950102972
7250,0.29912942587060015
7251,0.28990547297657426
7252,0.37578342720984614
7253,0.42907638721637165
7254,0.1889336256428548
7255,0.3176543929759296
7256,0.4569093824265984
7257,0.19285496537775504
7262,0.28349150948061314
7261,0.4377966466068312
7260,0.37392283871329823
7259,0.29815216688951124
7258,0.34967328942668957
7263,0.2502052744067244
7264,0.23517592291896613
7265,0.2111336784029519
7266,0.3082343577652369
7267,0.33131820233933157
7268,0.24178453943763997
7269,0.2055867608229176
7273,0.3253147839038674
7270,0.3322266284438556
7271,0.16092889580320896
7272,0.22415306067888788
7276,0.32509414682338783
7274,0.3183486857686343
7275,0.19167403360001756
7278,0.2908659181665762
7279,0.39677723586565666
7280,0.3830181435371625
7281,0.3491364640752868
7282,0.31585835393186207
7283,0.21231948388735358
7277,0.18865838378285152
7284,0.33228743622424944
7285,0.3558004996247692
7286,0.2304520047951167
7287,0.22821679620984378
7288,0.2546771776357794
7289,0.23536017542417764
7290,0.22123720097415833
7291,0.20257702801635022
7295,0.3008203373389249
7293,0.30723605678616295
7294,0.216693580625005
7292,0.2202726998136617
7296,0.23401955688779552
7297,0.23379975566087338
7298,0.2863117444656776
7299,0.3403627831536922
7300,0.280821941427993
7301,0.2407471325344778
7302,0.34346695583029785
7303,0.3108368395303202
7304,0.2475473224257837
7305,0.3191796556490585
7306,0.20831573596679775
7307,0.22288772248936806
7308,0.2168619085250124
7311,0.3990710081012831
7309,0.23183553475516328
7310,0.2393355833203944
7312,0.20202149035210426
7313,0.2956127985618393
7314,0.457111792521105
7315,0.21934519967883248
7321,0.372873037267975
7319,0.37674574570492886
7320,0.577739637385663
7317,0.2113124755570298
7316,0.189003078399953
7318,0.5952724611410739
7322,0.28316220542461035
7323,0.3879920483075349
7324,0.4321568148576387
7325,0.4004102122236039
7326,0.38380637518879573
7327,0.21970588376020703
7328,0.354612630186589
7332,0.42113824319956655
7329,0.31122045725848074
7330,0.24008966716257651
7331,0.28926719641365684
7333,0.2954963820364421
7334,0.23881717816554168
7335,0.4125529768942168
7336,0.24921955349815292
7337,0.3333571170017445
7338,0.21255926180951365
7339,0.3783482361899257
7340,0.27156475372371586
7341,0.3269699511141097
7342,0.45971715962327364
7343,0.28337793821291396
7344,0.4067038082362598
7345,0.17342514938411183
7346,0.29301036849095696
7348,0.3897391476607756
7347,0.3678860946545193
7355,0.24599902388524122
7353,0.33889301403946526
7354,0.3635299391681431
7349,0.35535142370460465
7351,0.3921482279683819
7352,0.20960996429531853
7350,0.29322961274935233
7356,0.28439015894603437
7357,0.43658675573670314
7358,0.34383252041782003
7359,0.3120030285321377
7360,0.31388658237531025
7361,0.26499737397492584
7363,0.5912823471971623
7364,0.45504404104133406
7365,0.3259276792696523
7366,0.3008575933918074
7362,0.33741317486081485
7367,0.3509646903255775
7368,0.2521635918334202
7369,0.2519788966249635
7373,0.25682355583095234
7371,0.20519982686602192
7370,0.35780946112625545
7372,0.39391813236857026
7374,0.22913044821212358
7375,0.3178334016562662
7376,0.23362561788364725
7377,0.4405898555445383
7378,0.4573616451639631
7379,0.20152439499153293
7380,0.36224398856809376
7381,0.31913771365316324
7382,0.22456849697153616
7383,0.2638058061382013
7384,0.19758540656602522
7385,0.3766240704353762
7390,0.2802215087070093
7389,0.24797551441763002
7387,0.3706646807691747
7386,0.4296223721670705
7388,0.24629090491933367
7391,0.3433935008535274
7392,0.34602881476367653
7393,0.34008375533416174
7394,0.32289149541269163
7395,0.39656789815812776
7396,0.3127610244929715
7398,0.20403636524093668
7397,0.32700492772927564
7399,0.517970055300966
7400,0.3124208730690351
7401,0.36045131509640016
7402,0.19948399727175692
7403,0.3128835258528832
7408,0.22383976892203125
7407,0.24782179123767603
7405,0.1753984473286325
7404,0.3194250802593734
7406,0.35823821615824863
7409,0.2998568101723689
7410,0.23058103316733866
7411,0.3953014065197486
7412,0.3154319004442513
7413,0.44674300822147855
7414,0.2314507843631569
7415,0.20387247109737036
7416,0.21053268421525062
7417,0.34793525075368653
7418,0.30416679668057317
7422,0.36514415783481874
7421,0.19964234510684123
7420,0.1963320359014522
7419,0.23473848625659252
7429,0.3885500669847326
7428,0.3235836235271102
7427,0.26268010443188566
7423,0.3412398858428718
7425,0.2477044885941885
7424,0.23320413184095776
7426,0.2589374414302863
7430,0.2064498972660909
7431,0.3238611247342383
7432,0.2026704893440983
7433,0.35023181799275566
7434,0.265019096763126
7435,0.31236174949766116
7436,0.2687490348435037
7437,0.39641006909650933
7438,0.3157174087974907
7439,0.2399938847548717
7440,0.3050136834884094
7442,0.21223306207220097
7441,0.32705180730293776
7443,0.32481726131907446
7444,0.3301856599609969
7445,0.32933016312986785
7446,0.33426742432584183
7447,0.3609098319655863
7448,0.31381987570590414
7449,0.38383648707735435
7450,0.40426608260497693
7451,0.3705745170381611
7452,0.20684647496551692
7453,0.2953703747289498
7454,0.17959050530010803
7455,0.20550038043199384
7458,0.3139899536944423
7457,0.30332153366216047
7456,0.3248460730186451
7459,0.18428533994248372
7462,0.21221086389773314
7460,0.3587546363449181
7461,0.33840453817979516
7464,0.3407049374049691
7463,0.305922785996604
7465,0.3240964005576035
7466,0.369957853737872
7467,0.367570368235431
7468,0.294491099411957
7469,0.3993778916159884
7470,0.3518399927558027
7471,0.365533934669493
7472,0.3091918448869798
7473,0.3119328646807959
7477,0.3194449170054877
7476,0.412880163149274
7475,0.32528261766518624
7474,0.2543330248150424
7478,0.3592031534156603
7479,0.3629598466508197
7480,0.307566721082841
7481,0.2271108386979032
7482,0.26819395039698357
7483,0.20821166693248924
7484,0.22159157770660612
7486,0.2112874754076026
7485,0.17284632915031337
7487,0.21299957208624054
7488,0.21147500309184156
7489,0.430122275758009
7490,0.34155549214976516
7493,0.20873603315144218
7495,0.19306954880648866
7494,0.21271634958245153
7491,0.19337262232927432
7492,0.3713518098198332
7496,0.2546152445520878
7497,0.2285047439214151
7498,0.3148565288426084
7499,0.21481836486865347
7500,0.33768367220814444
7501,0.3390603618394144
7502,0.39580586227623527
7503,0.3180721039366055
7504,0.2852763535372688
7505,0.20003113183431054
7506,0.21349703250786353
7507,0.41246115736017624
7508,0.4171336800547059
7509,0.21909413418281076
7510,0.3482900245897125
7515,0.21577088991812596
7514,0.3213973883750571
7511,0.27754972551753804
7512,0.31595816594025844
7513,0.32831973704332446
7516,0.3443010324900711
7517,0.4137264467558424
7518,0.22548153043654817
7519,0.33298743868638375
7520,0.2189442668158453
7521,0.23908700942063552
7522,0.1995225633763732
7523,0.38170213587546703
7524,0.3209283281705918
7525,0.3345630314247621
7528,0.3699683590724155
7529,0.2220072685353689
7526,0.2249935072237448
7527,0.22940162846402892
7530,0.21842764944428686
7531,0.34481322907205514
7532,0.3072926157817344
7533,0.17803563321100177
7534,0.3442085469012246
7535,0.3359365615361045
7536,0.30695627127280495
7537,0.2607049180461997
7538,0.29247186238130596
7539,0.3886929869307707
7540,0.36160385931679323
7541,0.3561645872593296
7542,0.319401451902744
7547,0.25718066076404306
7548,0.2670407165014796
7546,0.3301555754118908
7544,0.41300003592395074
7543,0.3420412101899328
7545,0.20266777085691712
7549,0.2844583399303344
7550,0.35301243570014273
7551,0.32641889705576627
7554,0.21490005778162738
7555,0.3706853726620813
7552,0.3463960311583287
7553,0.2996632598743843
7556,0.2846747696918656
7557,0.2922863118296604
7558,0.3306257788510365
7559,0.30203021745885966
7560,0.22134055200581304
7561,0.3771123851983671
7565,0.19315254756897637
7566,0.25629886130618756
7563,0.422167378510993
7562,0.19203608363386862
7564,0.21343154725166882
7567,0.22596663445805806
7568,0.2621686784656285
7569,0.3061253567112541
7574,0.31277431385485105
7573,0.2404511389499889
7575,0.359469154631864
7570,0.3293954705058899
7571,0.25714282915665093
7572,0.3250874209602313
7576,0.3120320569373374
7577,0.3103778134404232
7578,0.32670204581855616
7579,0.5683991173237125
7580,0.37482960084641476
7581,0.3123889593601264
7582,0.21443658712671598
7588,0.3404407031873636
7586,0.2226418179078864
7584,0.3370486594020958
7585,0.21062193771804508
7583,0.2891711704792497
7587,0.22790677335372664
7589,0.37427230462395905
7590,0.34653997501765876
7591,0.26122781869559547
7598,0.35362911208436887
7597,0.21057783358894733
7596,0.3127058036716603
7595,0.3356095978942027
7593,0.21566854862123516
7592,0.2420783599457794
7594,0.3339726613540222
7599,0.19987489181641183
7600,0.40350355190576465
7605,0.4891555094252
7604,0.3402914400920973
7601,0.219746125377015
7602,0.1733989152316638
7603,0.4680804727056007
7606,0.43066972616422183
7607,0.24412585683350793
7608,0.33300806900896074
7609,0.33432081230071375
7610,0.18146449465941403
7611,0.20832444153384852
7612,0.30282550302028505
7613,0.2311984361094588
7614,0.3264199760893561
7615,0.21107294967563395
7616,0.3939018966841778
7617,0.38915160878670774
7618,0.20303181422274338
7622,0.20469420776303004
7621,0.20960996429531853
7619,0.44187056604918745
7620,0.25494336892084646
7623,0.2323156353208643
7624,0.4133975412198319
7625,0.20344347921189895
7626,0.30189402925669817
7627,0.20658408844551587
7628,0.35550228115335675
7629,0.1951805598130939
7633,0.33818297093318384
7630,0.3063571582945765
7631,0.31755000099399056
7632,0.17528294470501496
7634,0.3386161824859135
7635,0.18826046111821282
7636,0.27803738659146254
7640,0.33807839823270863
7641,0.20840790395791886
7638,0.19771554760486756
7639,0.35001633147023065
7637,0.3634132153476573
7642,0.3562498879937839
7646,0.312287870473639
7643,0.2041175997164728
7644,0.2599260665624595
7645,0.29936388784880774
7647,0.21252867761130134
7650,0.2821777348792329
7648,0.3231288241284775
7649,0.307365526160758
7651,0.21891961586788314
7652,0.3707192231274267
7656,0.2557045017004892
7653,0.23747959010313915
7654,0.2053287857758089
7655,0.42267097934487463
7657,0.3848930136714354
7658,0.2010707648910922
7659,0.23427636708174582
7660,0.2989548378466051
7661,0.246254730492646
7662,0.21970588376020703
7663,0.33911489129477274
7664,0.40664172239533025
7665,0.36725217971218704
7666,0.3241869664472663
7667,0.28913191153466833
7675,0.24387371809534286
7674,0.3749854428941973
7673,0.3324591280116494
7670,0.19512803805022186
7671,0.3736176231271511
7669,0.30137208267698173
7672,0.4155566811250217
7668,0.20423907510875525
7676,0.39691747845448644
7677,0.5323311969468764
7678,0.32964486913677327
7679,0.20898200158694794
7680,0.34964469036945345
7681,0.21074799855928172
7686,0.3284648470697242
7687,0.20666480566604317
7685,0.4130801878243628
7683,0.3525952216977557
7684,0.23409746379597848
7682,0.2555110838884053
7688,0.23928890614333317
7689,0.2900326487377585
7690,0.29989187581833515
7691,0.31079838252582687
7692,0.21452626698713959
7693,0.40999241987845564
7694,0.3810837435176959
7695,0.37517420965261183
7696,0.1962443442776777
7697,0.23996510123378245
7704,0.3634058489709013
7701,0.2005874753049586
7703,0.23569643493338585
7702,0.23333801360266127
7699,0.20640785474889145
7698,0.34036497271242044
7700,0.21311796395897387
7705,0.2530430688153955
7706,0.40530431453907106
7707,0.2998540201275596
7710,0.37501011194947975
7708,0.30124346032292987
7709,0.31664460166074576
7711,0.21585017646950289
7712,0.2156092924616262
7713,0.34474672086351427
7714,0.430122275758009
7715,0.17718574144834343
7716,0.45366164227733985
7720,0.21095775507931314
7719,0.3063090209723022
7717,0.3655826554763149
7718,0.2390380073106323
7721,0.2815739584917889
7722,0.3240515684907832
7723,0.34656601834816264
7724,0.42343007286052475
7725,0.2667754365667283
7726,0.2455716433428652
7727,0.3374117965426476
7728,0.2214783466191171
7729,0.3440757481700492
7730,0.20601864553255878
7731,0.31571491583000716
7732,0.27477783566414965
7739,0.4429766812805638
7738,0.4558903766376428
7737,0.20557614086338752
7735,0.44554182187522473
7733,0.2391218996480662
7734,0.2124020221962124
7736,0.40092949327405886
7747,0.22887242808737818
7746,0.21792081272116895
7744,0.38430966200910116
7745,0.28481692900660877
7742,0.25350370743766687
7741,0.36143598651746034
7740,0.35721099036694914
7743,0.3003463186473116
7748,0.22916362253793998
7749,0.4941505169609344
7750,0.3326759569187014
7751,0.24030391084368055
7756,0.3564622470851038
7755,0.19837528088983566
7753,0.21246330203220812
7752,0.22274683816212137
7754,0.3247592635710697
7757,0.3136001681941137
7758,0.31326835793664315
7759,0.39658825629859606
7760,0.2033923046353703
7761,0.2888839067845601
7762,0.2148118995553692
7763,0.22730552947825675
7764,0.20565070234966
7765,0.3036082505501219
7766,0.2361427425489314
7767,0.35727234064905655
7770,0.18211242579329057
7771,0.2074332115480986
7768,0.343075142506813
7769,0.23907687680536793
7772,0.28018221459265313
7773,0.2988004230547113
7774,0.413437444135556
7775,0.3742309346412897
7776,0.32871698596761445
7777,0.3596040591322273
7778,0.195344483570694
7783,0.390876240506062
7782,0.3111149518182559
7779,0.31277507269229604
7780,0.2183968228240605
7781,0.19248778566008154
7784,0.40281843160350955
7785,0.31348850475687723
7786,0.3399667621412139
7790,0.3333048513986748
7789,0.32316968945456415
7788,0.30680787956788097
7787,0.45068685507178746
7794,0.22462696470139124
7791,0.19992721486361723
7792,0.3138203718400783
7793,0.22237367008656347
7795,0.3372445111795614
7796,0.28332980520817896
7797,0.2625573138811761
7798,0.18191418304072104
7799,0.26233383130299254
7800,0.2716964478577139
7801,0.38957356136398397
7802,0.5912823471971623
7807,0.21400257464783667
7808,0.34569181220746836
7806,0.47185123359202114
7804,0.24012409133999965
7803,0.19081677329536037
7805,0.2419450595343358
7809,0.2645237973693661
7810,0.3005099758662029
7813,0.23537945255104312
7814,0.4529321814715803
7811,0.2930713041719153
7812,0.4272704640277998
7815,0.3344236361521131
7816,0.33657301565677944
7817,0.33078126026127436
7818,0.3140608326377478
7819,0.28494768923680974
7820,0.2586872393816025
7821,0.3229630981007533
7824,0.33353671125989054
7822,0.21268181513447657
7823,0.2223059735400625
7825,0.4067792108943376
7826,0.1992234127589195
7827,0.3174496259464283
7828,0.2987580069924139
7829,0.3653510832779116
7830,0.20531064181147052
7831,0.2813187533251134
7832,0.20427640976034178
7833,0.3272905801464496
7834,0.22011550064003782
7835,0.22899808728162876
7841,0.2531798297115821
7840,0.3248522838712707
7842,0.30717468297187417
7838,0.2118642691877899
7837,0.16008379976504278
7836,0.27602171098612455
7839,0.35152603215755307
7843,0.4204226335146697
7844,0.42973766880396713
7845,0.3846949007818281
7846,0.3230906406426613
7850,0.3497511543583404
7849,0.3113491912153954
7847,0.23941691977694565
7848,0.20433488713959624
7851,0.3397416920928784
7852,0.18236863213521418
7853,0.2564377114964156
7854,0.1879333223733953
7855,0.2029462940791847
7856,0.267263067840156
7857,0.30428248730471963
7858,0.18718637238120986
7860,0.1931616759974074
7859,0.18251520183378275
7863,0.2842161826941549
7861,0.28814304810073066
7862,0.32327038013410625
7864,0.2293991117839569
7865,0.19144274318949203
7866,0.1979794317582142
7867,0.3647576932734493
7868,0.3060603025113025
7869,0.16176658615718378
7870,0.35753667399675476
7871,0.18590781453753102
7872,0.32979452061671793
7873,0.2785988845070178
7874,0.20348820042048754
7875,0.17978440215056427
7878,0.19166114226077338
7876,0.36260263172672197
7877,0.3453747820967457
7880,0.40389084571405515
7879,0.22545605290326307
7881,0.31048899517088263
7882,0.23201368716132117
7883,0.2094091176477205
7884,0.36445321387449453
7885,0.18976400005508823
7887,0.30329805328902
7886,0.2998576577690379
7888,0.18707520854808524
7889,0.27574235068110453
7890,0.18649060088444924
7891,0.37081150134357493
7892,0.2435949173776788
7893,0.2028269397150714
7894,0.3014052030964154
7895,0.23647490557553907
7896,0.17476762882937533
7897,0.2497831629688426
7900,0.17853151529741731
7898,0.18945318288936305
7899,0.31922431925392
7901,0.2930169006626537
7902,0.3358602706770653
7903,0.1765720136528468
7904,0.37079716563397674
7905,0.1973576690089152
7907,0.2467696733185322
7908,0.2040424471497937
7909,0.34485669916718265
7906,0.23047402439333645
7910,0.3342594786557334
7911,0.2438513826220561
7912,0.3320516213170407
7913,0.4068526020943364
7916,0.32190237959996637
7915,0.3594437944194923
7914,0.2216075408840712
7917,0.29108243877085854
7918,0.23526942469533382
7919,0.17267261649868135
7920,0.29646948877138396
7921,0.1877461698146475
7922,0.15560579085713003
7924,0.22969724491298207
7923,0.3033412920538953
7925,0.18644162730936006
7926,0.3171478016202791
7927,0.32213645238976213
7928,0.22018281388048952
7929,0.29236508486990825
7930,0.28122101759362195
7931,0.28758079004532916
7933,0.31270678144013697
7932,0.23113979162024326
7934,0.19483237089060926
7937,0.4147577631455383
7936,0.26146926688801453
7935,0.3188956782059948
7940,0.28661157278419686
7938,0.32036792050740676
7939,0.3279076013866877
7941,0.20072425817470685
7943,0.28263975467787006
7944,0.19330163807458167
7945,0.19478456807959063
7942,0.29750828908266547
7946,0.3651581818726983
7947,0.3960653910699923
7948,0.17857836713839306
7949,0.19023695594819104
7950,0.19304154842117374
7951,0.15464467959936287
7952,0.2397702931387454
7953,0.2791378575238989
7954,0.30057348851908183
7955,0.2882872429433114
7956,0.19004023432288583
7957,0.22942579822235495
7958,0.2920883176974012
7959,0.3301644541923993
7960,0.21239300808791292
7961,0.2787139611607385
7962,0.17204438105922626
7963,0.3011633729851371
7964,0.24789328140976133
7965,0.19090338419674768
7966,0.3791026238525072
7967,0.1825561534108147
7973,0.18184160519577341
7972,0.2806869704861759
7975,0.25236544522132787
7970,0.31830855404423347
7971,0.20104762125458828
7968,0.26858021488641687
7974,0.24804259418364208
7969,0.19610993747745933
7976,0.2223435926840107
7977,0.3106380030262486
7978,0.34764930753911266
7979,0.3575273792528942
7980,0.3592334543710125
7981,0.30066342841169585
7982,0.20267625839646639
7983,0.31731234264811975
7984,0.16305407048456302
7986,0.18135599629761004
7985,0.27515488760916457
7987,0.337292012959655
7988,0.3187587234529237
7989,0.366374993666462
7990,0.3959521685578899
7992,0.18943829863978343
7993,0.33770488567817997
7994,0.2762079023016955
7995,0.32053731833125176
7996,0.17980315092958796
7997,0.27880459549085024
7991,0.2638933644979727
7998,0.3037355813641987
8001,0.2774974102575271
8000,0.1816348061787707
7999,0.17260806908223889
8002,0.28793101925247816
8003,0.2264302234247484
8004,0.3966014002726952
8005,0.2956642284485506
8006,0.289770271319958
8007,0.1913602739378688
8010,0.34205403720772537
8008,0.3651416277640704
8009,0.20840848808559606
8011,0.18158650843927746
8012,0.30365373804591916
8013,0.2170217303338424
8014,0.33372682655809505
8015,0.3110592533373294
8016,0.33176104127664846
8017,0.36093636180492944
8018,0.38677214275430094
8019,0.34977160907746674
8020,0.20830702879392157
8021,0.2334441020490434
8022,0.3025018290595729
8023,0.20229037914799244
8024,0.22503315080428307
8025,0.3383012006417527
8026,0.2168302657628005
8027,0.21560245120073604
8029,0.26353313507182596
8030,0.2651108919943665
8028,0.3119736777860817
8031,0.29233431809090554
8032,0.18572136186836966
8033,0.32247650218676505
8034,0.17463084865578668
8035,0.3715355140520235
8036,0.22590493163848926
8037,0.3999973013377492
8038,0.17907590927147407
8039,0.21685343071590216
8040,0.45633098561276436
8041,0.3158050745398693
8042,0.2697274781768137
8043,0.34010196354826255
8044,0.32895852299478906
8045,0.20730427912974866
8046,0.20861050711532358
8047,0.2897550313979583
8048,0.32803946765461217
8049,0.23779154503441458
8050,0.23739105234352423
8051,0.1950824513012652
8052,0.344632687140916
8053,0.37613229083297156
8055,0.20966012045485216
8054,0.2145289133415089
8056,0.34931335238553873
8057,0.2879962223409592
8058,0.3261939444505701
8061,0.2004812713985096
8059,0.2279050150710359
8060,0.1939021764822398
8062,0.29541785809995563
8063,0.33089461645906165
8064,0.2484209280554368
8065,0.21577625696477587
8066,0.3875120872434323
8067,0.3001428677970309
8068,0.29849361821161247
8069,0.18246390724110165
8070,0.22291125610560533
8071,0.19661117571184386
8072,0.3584744739033539
8073,0.3295003908211421
8074,0.2256736657299658
8075,0.3194463088556811
8076,0.19202350107670915
8077,0.16878134718882554
8078,0.3203036754636403
8080,0.29980952698102564
8079,0.31761108952586137
8081,0.28887937590868623
8084,0.31126586186643723
8082,0.2021679618811274
8083,0.19276296748484664
8085,0.514394165127287
8086,0.2778059731803626
8087,0.26714433272286625
8088,0.2021669502760994
8089,0.23427411470709616
8093,0.33330908371152895
8094,0.2300564343776378
8091,0.22414062709477275
8090,0.18881161827963808
8092,0.19008707384544052
8095,0.20038968045878347
8096,0.17279668082483304
8097,0.19732868798009973
8098,0.18262884961555312
8099,0.3279144569013321
8100,0.22557248831667306
8101,0.38675588160128194
8105,0.3166737099291967
8102,0.17346816134082632
8103,0.18995335408590297
8104,0.28036119031317464
8106,0.30875487830840337
8107,0.1854876644878833
8108,0.2898186539572095
8109,0.21554375677598778
8110,0.2940631412627425
8111,0.20868815601460974
8112,0.3496558517088196
8113,0.18057571966275335
8114,0.19074009153670637
8115,0.32898786514032013
8116,0.29835710412182387
8117,0.3030539292470515
8118,0.22887203654072866
8121,0.33857674941795496
8120,0.31661721756270084
8119,0.2914828941501166
8122,0.31694184849605134
8123,0.2990145187021598
8124,0.1835537232217094
8125,0.17612937062733683
8126,0.1774354453403502
8127,0.33463091636797193
8131,0.2182467181604184
8130,0.1881488879377069
8128,0.20343020566545067
8129,0.24598219879820923
8132,0.31149243638585605
8133,0.4217604265441848
8134,0.29886326736871494
8135,0.15825466081598208
8136,0.31757726971034794
8137,0.18820806370674847
8140,0.30969166493675543
8138,0.27591035041981765
8139,0.22891603851864015
8141,0.1777653608926293
8142,0.2754399843870838
8143,0.18846364285044415
8144,0.17361185967751588
8145,0.22895269862478
8146,0.28668977991989586
8147,0.1990979057572686
8148,0.33336050014299884
8149,0.28619188741967294
8150,0.27686886040341524
8151,0.2296111338105246
8152,0.19024918389260811
8155,0.3006651989657771
8156,0.26387641325355976
8153,0.34629842762973845
8154,0.18791210072384815
8158,0.18211320608693526
8160,0.20220349682867322
8157,0.29773684637988496
8159,0.33011609103191353
8161,0.20301893759232728
8162,0.29886326736871494
8163,0.27426208305863364
8164,0.21338988732682415
8166,0.20227302636626163
8165,0.32387461439786197
8167,0.3045634063389094
8168,0.20621568257735876
8169,0.5500598960164885
8170,0.2565008262281904
8171,0.3172251833277786
8172,0.3628479576847286
8175,0.187406595101248
8174,0.15559715950893627
8173,0.36281597850439523
8177,0.1816297325019928
8176,0.1815351887670339
8178,0.340634302741117
8179,0.2962796872049417
8180,0.1925851859463977
8181,0.28765652788658147
8182,0.24804535766082705
8183,0.29213044784490527
8184,0.1786990275545531
8185,0.3163583654102042
8186,0.2963220924171622
8187,0.31819645869550367
8188,0.35105693834420476
8189,0.38083703912066574
8190,0.19967687582090296
8191,0.2421401395981301
8193,0.21392739242549597
8195,0.268871727638706
8192,0.3514022492228812
8194,0.2962310579716059
8196,0.2994057807530211
8197,0.4037051872920612
8198,0.28242352543544963
8199,0.20055052344069987
8200,0.23448036114894313
8201,0.31728507827892855
8202,0.27630892938037327
8203,0.22412676370103238
8204,0.2892971009750743
8205,0.3512535206569137
8206,0.37195144237299266
8207,0.26741684383792336
8211,0.2759594995483506
8210,0.295260702827893
8208,0.19233078788456057
8209,0.18146848651041492
8212,0.29241356972865623
8213,0.29574709936909765
8214,0.2037366889917045
8215,0.3191251491605147
8216,0.3149526087634143
8222,0.29651850545567915
8221,0.2764721191841923
8218,0.31566259562592747
8219,0.18276530210371536
8217,0.3072809515972305
8220,0.2233408296257787
8223,0.29958043476439594
8224,0.22812504746965387
8225,0.31837693270493667
8226,0.1822396561847565
8227,0.3152908211832662
8229,0.2592728010590278
8233,0.22624705470238482
8232,0.15908099643616855
8228,0.174620465656092
8230,0.3548538515828767
8231,0.18916338105853656
8235,0.34262919671838216
8234,0.39511391473872887
8236,0.2925110002172409
8241,0.30652293591882246
8240,0.18388462303245992
8237,0.33360344797907104
8238,0.30926128372697975
8239,0.18662488089417062
8243,0.3325526731813901
8242,0.2780569487565636
8245,0.30064200051782347
8246,0.3740016853143862
8244,0.33834320259878065
8247,0.3463567744973315
8248,0.316295290234839
8249,0.30663450799933933
8250,0.31360583256935276
8251,0.32217616105131325
8252,0.3371442291643754
8253,0.3386480808030627
8257,0.2992098244835389
8258,0.1893615202868241
8255,0.5198002948932784
8256,0.3013161161935494
8254,0.29122433771430206
8259,0.3250961206055511
8260,0.33898803206949185
8261,0.2970975625973929
8262,0.23024197623955758
8263,0.32939189056387824
8264,0.30183541655937
8266,0.3565478740670602
8265,0.3022211202665045
8267,0.29122433771430206
8268,0.2966164267466422
8269,0.3413143307877506
8270,0.33654107123957216
8273,0.338957057777786
8271,0.1831310752627597
8272,0.29619337591853373
8274,0.28887113507945567
8275,0.20145356064135714
8279,0.29225840880492093
8276,0.20722536357809532
8277,0.25022863526089073
8278,0.2976375550765758
8280,0.18987793834740754
8281,0.3204232882158539
8282,0.35285146512454446
8283,0.20093775427987515
8284,0.3106008544743388
8285,0.17029963043588514
8286,0.3234647762335167
8287,0.3052634740213141
8288,0.3793955383173551
8289,0.2751244251357592
8290,0.3528983093492697
8291,0.33379911538781015
8293,0.34254321543507954
8292,0.18433005505160552
8294,0.3786314919827836
8295,0.3028898304271476
8296,0.22696615284381047
8297,0.19170964737527085
8298,0.2724114083798955
8299,0.34840264218732236
8300,0.21957500924026588
8301,0.2292905190076945
8302,0.1850130976871777
8303,0.32775133981717164
8304,0.3562313570417617
8305,0.3385990467041085
8306,0.3086777157695591
8307,0.16985100204347867
8308,0.20369752067890265
8310,0.1697238775485058
8312,0.30847642179678064
8309,0.3437898407201881
8311,0.2868944883864389
8313,0.2348934668898528
8314,0.19170513146428028
8315,0.14928361010190586
8316,0.28932051543603027
8317,0.2803919652903372
8318,0.44519379061305736
8319,0.3381933658070601
8320,0.2768823572199072
8321,0.2897806373406531
8322,0.2716647439306004
8323,0.3349464935907826
8324,0.29256650301036435
8326,0.39554411369637604
8325,0.3346797639812294
8327,0.36590147051028415
8331,0.2929075423311829
8328,0.3001875833752124
8329,0.28610611537649633
8330,0.32762706397487446
8332,0.3068519857769026
8333,0.19648854160693766
8334,0.31775094078015553
8335,0.3332228333850547
8336,0.31191259233118496
8337,0.19692935865230965
8338,0.2159441354169328
8339,0.36015371981179584
8340,0.30550120377504153
8342,0.2369276275382285
8341,0.21699302601374937
8344,0.3584581015618433
8343,0.2694482235571443
8345,0.27315697809760486
8346,0.2629126782312214
8347,0.3129526013498797
8348,0.23323280512817238
8349,0.3102011578669321
8350,0.18660806711406944
8351,0.1747289740210156
8352,0.1808008083385296
8354,0.2019943191981466
8353,0.32744610248323164
8355,0.19603301966044898
8356,0.3415065068919471
8357,0.2089304663682152
8358,0.2869154058377333
8359,0.3464729569699281
8360,0.43260603139473486
8361,0.1737657551715667
8362,0.2612992166287202
8363,0.2810504408127692
8364,0.3542026593280898
8365,0.2895568887424819
8366,0.21996016215117362
8367,0.2051501861809516
8368,0.19078339505063094
8369,0.20370614250580651
8370,0.2862474055631525
8371,0.28829160660643566
8372,0.2143197158262903
8373,0.346920116312099
8374,0.2160114186486425
8375,0.27748245257896903
8376,0.22718730890869868
8377,0.1813090799679852
8378,0.31345568496732856
8379,0.31090550182038595
8380,0.21458427897164153
8381,0.24147154817074776
8383,0.30081278110936255
8382,0.1789245893162066
8384,0.28620813532574196
8385,0.30187186683759415
8386,0.18931538654111288
8387,0.20258837269197127
8388,0.1975937466249189
8389,0.38435550664616996
8390,0.148488835841588
8391,0.3370946744971044
8392,0.31765680450582884
8393,0.3017259850061887
8394,0.3212316537438055
8395,0.31820183580286915
8396,0.3609631804543057
8397,0.2240643605287552
8398,0.19690945006377678
8399,0.3197325616252719
8400,0.2144199398230333
8401,0.1910851570058795
8403,0.36042158484370007
8402,0.3490892968233242
8404,0.20858017919145858
8405,0.2917674276057734
8406,0.1717156949268618
8407,0.23324211551290744
8408,0.3353233136818237
8409,0.198890550888885
8410,0.35279825497324163
8411,0.2786205351000328
8412,0.1797858128961781
8413,0.1832728672827446
8414,0.21041354204228715
8415,0.28936627752124805
8416,0.584758225297975
8417,0.24791570306875563
8418,0.18462979856245218
8419,0.18244893153222017
8420,0.17414361182218216
8421,0.2637489620812742
8422,0.23952693202896566
8423,0.3656372253092633
8424,0.18275627145556808
8425,0.3179475917263062
8426,0.3493133144783227
8427,0.34428353748341145
8428,0.5684953437175811
8429,0.34902536195878514
8430,0.31658172995248407
8431,0.31443457232753275
8432,0.28431942062100674
8433,0.30383315661354215
8434,0.2812303301690116
8435,0.3229175478378098
8437,0.3505577857454018
8438,0.1620437429196789
8436,0.2779954416598103
8439,0.26892347748019957
8440,0.2439883929149219
8441,0.29888879129791013
8442,0.2129020355997887
8443,0.18428113252848166
8444,0.2010693448730652
8445,0.3298823282515671
8446,0.3101693877992174
8447,0.23687638946226533
8448,0.27737302173678025
8449,0.30960534043674903
8450,0.2164589962204252
8452,0.3995941018849812
8451,0.2798542337372147
8453,0.3191370877076009
8454,0.28242352543544963
8455,0.2091279139795721
8456,0.27703305773417236
8457,0.3393848819535464
8458,0.28758079004532916
8459,0.173392273834279
8460,0.2759961523670816
8461,0.3239660733696108
8462,0.38691260364749697
8463,0.2762796081204343
8464,0.30942893883446815
8465,0.17842378614399582
8466,0.245199234914402
8467,0.3130562709960128
8468,0.21138446082554915
8469,0.28984069312555477
8470,0.3772488222059214
8471,0.27838412873879964
8472,0.25821236103291895
8473,0.29857784385886793
8474,0.19112455617978155
8475,0.22989437883133004
8476,0.23102428635862093
8477,0.27969008910139437
8478,0.339677015732158
8479,0.3273852832305708
8480,0.2320310765313689
8481,0.2637269669720497
8482,0.19322654651318805
8483,0.22071313301371856
8484,0.3243646926798202
8485,0.2871731780786326
8486,0.29961664276615096
8488,0.1959847561018251
8487,0.29995240439030957
8489,0.3162272442664619
8490,0.2779393703810644
8491,0.20348429694345582
8492,0.28434050493921104
8493,0.19903022294044925
8494,0.33242414421530725
8495,0.16626225821009602
8496,0.2959933077304537
8497,0.35700798503069825
8498,0.3333822337577117
8499,0.2912690862055406
8500,0.30330129848880377
8501,0.2637912377416369
8502,0.24825607645824313
8503,0.380762010132333
8504,0.3023459338757322
8505,0.32105757867067913
8506,0.3161536422138229
8507,0.18367695849252205
8508,0.2941412969665263
8509,0.19367055301992034
8510,0.2860845088065698
8511,0.38468272727189906
8512,0.2534352847199729
8513,0.36021156608269383
8514,0.24472388825112723
8515,0.3263676183147253
8516,0.14812450277681946
8517,0.4609213926012878
8518,0.2909470927392056
8519,0.31939327009250823
8520,0.2794078049321944
8521,0.19347468637667212
8522,0.30324168110596456
8523,0.3039441348230105
8525,0.18867925375193229
8524,0.19366201973042027
8526,0.32565961366265433
8527,0.2545247948055205
8528,0.2015487502593699
8532,0.3029857981825139
8529,0.20282768048311461
8530,0.2988538168011245
8531,0.26491010707106466
8533,0.2716805988897018
8534,0.2989602108884573
8535,0.34781383095210927
8536,0.2826362361605211
8537,0.28086845103370706
8538,0.19222723959209087
8539,0.3282637373464871
8540,0.30687494348712857
8541,0.42167032516656494
8542,0.3490720725002676
8543,0.2159263946683231
8544,0.28597172050538927
8545,0.1809080694259918
8546,0.3081954987630718
8548,0.32540844676448977
8547,0.304039489339091
8549,0.26643527952891327
8550,0.1885014118382002
8551,0.3167824494267715
8552,0.1724402550561278
8553,0.3166607513369944
8554,0.18765918712182808
8555,0.32702593191718826
8556,0.36478604997901626
8557,0.2065877685714638
8558,0.32728603491963043
8559,0.25080977700110557
8560,0.22310761875134988
8561,0.30276144373743447
8562,0.31139828978508555
8564,0.4328842664591554
8563,0.5173128349980897
8566,0.3236574730660543
8565,0.22404587323063863
8567,0.180188802671058
8568,0.19849504242323782
8569,0.4138206134657174
8570,0.312875542815967
8571,0.18695597708869763
8573,0.23912353652368865
8572,0.40652864123207055
8574,0.19445732136009908
8575,0.35966711289231873
8576,0.3727270032207362
8577,0.21652905797009248
8578,0.3394405779252536
8581,0.28747365826923305
8580,0.24786527279548554
8579,0.31102644407474483
8582,0.27691603402515047
8583,0.22749404664836437
8584,0.20146685117229612
8585,0.27231468282655014
8586,0.2586367752860891
8587,0.20209463558454463
8588,0.22328830106488304
8589,0.3578965165196382
8590,0.17405275808324974
8591,0.31322896910630293
8592,0.1779068739182302
8593,0.1914955206030752
8594,0.20732266405637423
8595,0.17879785723516287
8599,0.19605316349510368
8598,0.3361393635995693
8597,0.2464049329123735
8596,0.326200118684744
8600,0.2292905190076945
8601,0.30050716790784826
8602,0.3380837893562163
8603,0.21309548998708158
8604,0.28568842857117693
8605,0.37245989140389096
8606,0.5135710904024681
8607,0.3146435688747343
8608,0.18035848816683153
8609,0.21116390932243354
8610,0.23282763155345523
8611,0.3404834769152852
8612,0.1860883696536713
8613,0.32646960748710036
8614,0.20741130059419766
8616,0.2757815557366257
8615,0.19188415433830355
8617,0.1836556214941545
8618,0.21912971528386024
8619,0.419747224180919
8620,0.22806947049678813
8621,0.17088509416767392
8622,0.29850129951204624
8623,0.19743291441103214
8624,0.18814517330870137
8625,0.18833903353759718
8626,0.18861048106269876
8627,0.23580207574285236
8628,0.21462859973975454
8629,0.26416657381920833
8632,0.2881644229023011
8630,0.3876170019036515
8631,0.22436166390440707
8633,0.2388259445533236
8634,0.20187733023573173
8637,0.2311954954346892
8635,0.2870340726247347
8636,0.2688564685331495
8638,0.24709287871539862
8639,0.31906302066963227
8640,0.3484889213637237
8641,0.1832656474150396
8642,0.2231800259605716
8644,0.22716823774803596
8643,0.284116669352573
8645,0.28814594294101337
8646,0.275549418849565
8647,0.25707361206392565
8648,0.29226818678639427
8649,0.16377596664312058
8650,0.3191893693398133
8653,0.17473487343843605
8652,0.31783166201490537
8651,0.33035424701552213
8654,0.3541351746780163
8655,0.32968219200031723
8656,0.3496693945973002
8657,0.3443165758967808
8658,0.3002861996637259
8659,0.30863353083515227
8660,0.19552951798445875
8661,0.2936323980898947
8662,0.2077314798051646
8663,0.3061183608995269
8664,0.16635330868836504
8665,0.2246145155493886
8666,0.31502127480658704
8667,0.29524475470853023
8668,0.3405933480657965
8670,0.2646321387055304
8669,0.1996705320688592
8671,0.20899939267230416
8672,0.20724703702008243
8673,0.32736362765725985
8674,0.35363745374130157
8675,0.3230783576070669
8676,0.2025811449682893
8677,0.3266499291578406
8678,0.19502278158736222
8679,0.33686459586774564
8680,0.20383255031838884
8681,0.34763243544053063
8682,0.18275372309747925
8683,0.2350440469061572
8684,0.3172387033747264
8685,0.29011799840302
8686,0.20416437771992435
8687,0.22937779323188254
8688,0.28895950338552484
8691,0.30652696214000946
8690,0.2124485108833741
8689,0.19972213780864925
8692,0.18224331746365596
8693,0.2839763352250292
8694,0.3043847615333677
8695,0.2903660318068332
8696,0.30759709153881826
8697,0.2220983912944102
8698,0.3112773515922536
8699,0.3089996208147278
8700,0.33973146941244986
8701,0.25946598940216353
8702,0.3017639785938012
8703,0.17250854474630586
8704,0.2770572600932532
8705,0.3823338304713752
8706,0.18127233681990584
8708,0.3437844902447969
8707,0.17785794241052819
8709,0.19337875639858068
8710,0.3445148137209199
8711,0.1651745921719883
8712,0.25758450332454086
8713,0.18505619695623085
8714,0.28993309037951775
8715,0.26334879225666674
8716,0.31368382217526364
8717,0.3011704680245137
8718,0.3014675945846355
8719,0.3135467068962527
8720,0.20027539382126047
8721,0.2014091259202622
8722,0.19165846602971337
8723,0.2815504451474277
8724,0.2143373369960184
8725,0.3080540697710555
8726,0.35221797121077
8727,0.29672630186021837
8728,0.19664406084544947
8729,0.21281550111452416
8730,0.28683987662752347
8731,0.2886841156362396
8732,0.37989195192002495
8733,0.2738376101473042
8734,0.3169828276556967
8735,0.28310464142940256
8736,0.1756399945624059
8741,0.2671353864402172
8740,0.24695571768156865
8742,0.2900745955882184
8738,0.1796152876727478
8739,0.17646870441516557
8737,0.16625676043850754
8743,0.18008419059221603
8744,0.23276408765441992
8747,0.300191933500834
8745,0.26114895793781284
8746,0.3940652650989975
8748,0.18068050040594455
8749,0.19995275271180443
8750,0.30347143614918465
8751,0.3742001079294435
8752,0.19362340896722255
8753,0.1801763068991861
8754,0.27531014009403487
8755,0.31310333642088345
8756,0.16682876028503366
8757,0.27734217065377187
8760,0.16141009675695459
8761,0.269712883497149
8758,0.4204270301072491
8759,0.29000672198403027
8762,0.1974422836320077
8763,0.31754421580242403
8764,0.3237001859744381
8765,0.28793617516833936
8766,0.33033420241695416
8767,0.22274601999540675
8768,0.37690891829930034
8769,0.1668169956314617
8771,0.2741605579573844
8772,0.39031060129485456
8773,0.30110906474474736
8770,0.33938287309146054
8774,0.32716072298937643
8775,0.21930392446692049
8776,0.3389042288385859
8779,0.20575574151116227
8777,0.17483733631313705
8778,0.33519104971411595
8780,0.18777940291546266
8781,0.33982331784765996
8782,0.17756823859012547
8783,0.38418755220530043
8784,0.3069110763123968
8785,0.35320882307965623
8789,0.3363644822575056
8788,0.2987257313415031
8787,0.3298823282515671
8786,0.3163282883650354
8790,0.3155463362531803
8791,0.1860478184192016
8792,0.18822260125750478
8793,0.2911277855828519
8794,0.2147292147503939
8795,0.30350427402286634
8800,0.22417929685084861
8799,0.3267175489002094
8796,0.3187715626339593
8797,0.22329250089310806
8798,0.19520074332083903
8801,0.2812481077308043
8802,0.27231527800116634
8803,0.25964705721067055
8804,0.3156146070837719
8805,0.28501679714834977
8806,0.2279459071646898
8807,0.3062862440450151
8808,0.3963999334391557
8809,0.30113262476781366
8810,0.3639252286434281
8811,0.170126729021811
8812,0.1812948741691683
8814,0.18147149219742667
8813,0.19152098122625447
8815,0.2825959696455297
8816,0.2926031492864542
8817,0.22505786851251589
8820,0.34640075148633853
8818,0.22283000948770193
8819,0.302773078148435
8821,0.18569418229219903
8822,0.3238429681857187
8823,0.3254105786628249
8824,0.37242562563606585
8825,0.28403048705872963
8826,0.21299419621227988
8827,0.4085102804800566
8828,0.18351201848680518
8829,0.3175815736140804
8830,0.17252046390927156
8831,0.1932296985160684
8832,0.2686660523663879
8833,0.33885950870187403
8834,0.1828303354175156
8837,0.36566512349360597
8835,0.1882632422278306
8836,0.2770301593548932
8838,0.3158720629941541
8839,0.2784074081966263
8840,0.21886844670408112
8841,0.1735107558759643
8842,0.40160142955017797
8843,0.17845901329720962
8847,0.2990589001748254
8846,0.3082886813705363
8844,0.22182674848310616
8845,0.44211120847372154
8848,0.3391488155328492
8849,0.28907108135661924
8850,0.26752888722466256
8851,0.2891812591468463
8852,0.19230925012391187
8855,0.2690461180920259
8854,0.38733069666906267
8853,0.2015808143769362
8856,0.16540707330158036
8857,0.26808480954376207
8858,0.18949928943453478
8859,0.3101066064724827
8860,0.308335347118273
8861,0.36456863147076457
8862,0.25046777388879365
8863,0.30099249799653033
8864,0.18714077263398535
8865,0.2990803735218495
8866,0.18936367337269347
8867,0.34058856268847854
8868,0.323872247137416
8869,0.3448531669012034
8870,0.18240859559717548
8871,0.3054832140243359
8876,0.2930406965088976
8875,0.31693127390628767
8872,0.3021817406815243
8873,0.3082146245090918
8874,0.24321549724788752
8877,0.2795296404141267
8878,0.3445446512034957
8879,0.18575243470795474
8880,0.26755004741221916
8881,0.21773777527399554
8882,0.3422496535984972
8883,0.41290877822319444
8884,0.3407869798454625
8885,0.3516110716340122
8886,0.33476617139498005
8889,0.30806604228863727
8891,0.20606148103416574
8890,0.2970817664919201
8888,0.3289988422931275
8887,0.20741659081446465
8892,0.37671626082273274
8893,0.22098342414647332
8894,0.19959162197023395
8895,0.23297154196778005
8896,0.21950839348606524
8897,0.3048978815533458
8898,0.2954436667940175
8899,0.28926519110320076
8900,0.3573634381847721
8901,0.33111653594737384
8902,0.20748899499695214
8903,0.31030889104161447
8904,0.35057234519486924
8907,0.20840857942658497
8908,0.17506171715480326
8905,0.3272896953485484
8906,0.22646975177272813
8909,0.4030474457003117
8910,0.4525331576040171
8911,0.18112758665294534
8912,0.17506426966785096
8913,0.27759992115692766
8918,0.18666329913039204
8917,0.29056763750321046
8915,0.1645793878657638
8914,0.26392693643716303
8916,0.20131545406239285
8919,0.18760469496112586
8920,0.2787814502753558
8921,0.2891606853033588
8922,0.4698860259502206
8923,0.33622411125390145
8924,0.3304634319415532
8925,0.3968347812848399
8926,0.3019566442271487
8927,0.2670945677788608
8928,0.1860400354138083
8930,0.23496276587236017
8929,0.19422604855597014
8931,0.15900310101932277
8932,0.3602945134540159
8933,0.32485887767632887
8934,0.18413441060492228
8935,0.32089246235255087
8937,0.37298089458019734
8936,0.1946362095788913
8938,0.3090222412912114
8939,0.3772780037301208
8943,0.37105223508836355
8940,0.31240604240345377
8941,0.41398418808637755
8942,0.31447991828532174
8945,0.34995836228095434
8944,0.3073072825676543
8946,0.3179306577592027
8947,0.3533935475035608
8948,0.3078579984225225
8949,0.21566149832414014
8950,0.3472377558640369
8951,0.2955894047309166
8952,0.32005918161736896
8954,0.15461043732187232
8953,0.2125814063575192
8955,0.6219619123381436
8956,0.31869045289180237
8957,0.18488374500811056
8958,0.232066667564536
8959,0.362635190593717
8960,0.31837693270493667
8961,0.2008679222718228
8962,0.275827569824135
8964,0.21680896687903814
8963,0.34217145909388963
8966,0.24783583812565244
8969,0.2524556042355767
8965,0.26934537365026606
8967,0.35052683553586883
8968,0.2223435926840107
8970,0.3491963495384683
8971,0.18221536674191183
8972,0.2527677706948919
8973,0.4281442207818902
8974,0.33583257648829495
8975,0.20957743700097095
8976,0.17759033140609348
8977,0.18127233681990584
8978,0.2776806589903857
8979,0.16707737083157548
8982,0.1800042610341229
8983,0.18066837223937585
8980,0.2513714627623241
8981,0.17256315451829118
8984,0.21620658020250957
8985,0.2532499858213169
8986,0.3103198949514259
8987,0.3638113749241591
8988,0.337452762318122
8989,0.37209634173212897
8990,0.29464537568512283
8991,0.31800247435153955
8992,0.18336481771334448
8993,0.2231839785672122
8994,0.23229467075118712
8995,0.1805081158050029
9001,0.3304634319415532
9000,0.162825708740128
8999,0.23953488744666085
8997,0.31522441249575345
8996,0.29951988535598223
8998,0.30139004189024804
9002,0.30317329329877307
9003,0.3137352405378133
9004,0.28591765695313126
9005,0.1638154002631114
9006,0.3953621810800736
9007,0.3580650287838654
9008,0.2755245226737878
9009,0.25513746307159296
9010,0.5593659507310796
9011,0.20332902581506027
9012,0.19464710079906242
9013,0.2557049002210196
9014,0.3152556759552544
9015,0.22040777146888849
9016,0.3952259030788278
9020,0.19381728836147782
9017,0.2637849287938399
9018,0.31676949564717544
9019,0.31839349180840376
9021,0.29180500653768165
9022,0.3064323177688895
9023,0.2019675292383993
9024,0.31377290701206123
9025,0.2082192322163788
9026,0.31468999832825933
9027,0.3282261947390222
9029,0.3790519696695391
9028,0.25608237147096374
9030,0.3700000195892092
9031,0.3367996412682648
9032,0.18148444346084372
9033,0.38451407886573524
9037,0.28716322266330174
9035,0.2250991506383663
9034,0.3054698646297337
9036,0.304482455933914
9039,0.26133959388318556
9038,0.1621761722560833
9040,0.2867723269303686
9041,0.29573695820003865
9042,0.19046134794797073
9043,0.21651154896971544
9044,0.2617834916733964
9045,0.29254970951893516
9046,0.23024408083410539
9047,0.30234216362385463
9048,0.31871289862548796
9049,0.3960627675248925
9052,0.35309635366073766
9053,0.20121050021705086
9050,0.2778589646210628
9051,0.3442021994260935
9054,0.2064672158638344
9055,0.1554899812812528
9056,0.21809029806127658
9057,0.37314590105525175
9058,0.2231839785672122
9059,0.2007098293755268
9060,0.3289988422931275
9061,0.18291684628604898
9063,0.32185682579001135
9064,0.29521693364165297
9062,0.18133610669180636
9065,0.19951706663017224
9066,0.28525966893895266
9067,0.1854876644878833
9068,0.30777488706024086
9069,0.37605098149995353
9070,0.4042367663787647
9071,0.20212754172871436
9072,0.17385458764783676
9073,0.38273485522156614
9074,0.20751368270160708
9075,0.20386767354123347
9076,0.22867733352295172
9077,0.3240597073579872
9084,0.31179035635387603
9083,0.34154309056937
9082,0.19824035097164117
9081,0.16066013500470838
9079,0.19772319227709256
9078,0.39469364115504996
9080,0.3178095439923096
9085,0.2886680332105447
9086,0.2980080128951185
9087,0.2655722487503401
9093,0.18903433278944645
9092,0.3044262757385721
9089,0.2989892665447819
9090,0.31236535448207636
9088,0.32151282383218494
9091,0.30198413612179026
9094,0.2963670143333293
9095,0.20081980403148894
9096,0.1823177476042943
9097,0.21732336961497303
9098,0.266239826514191
9099,0.3209866470467752
9100,0.2899516824081127
9101,0.22594858270605078
9102,0.37887185948998187
9103,0.23533952657354473
9104,0.3283981528426787
9108,0.20732563874084917
9107,0.32457562077295105
9106,0.3146951715494774
9105,0.21325798967621448
9111,0.18197874356384836
9109,0.1824209949180778
9110,0.17518341020123962
9115,0.29993432652699564
9112,0.311932373296141
9113,0.3175976552618824
9114,0.18265787864486813
9117,0.316105720507045
9116,0.3217018799769547
9118,0.3648973681736549
9119,0.2663287446155988
9120,0.29011768038996855
9121,0.32560170791162407
9122,0.23317444411414637
9123,0.29493797423257817
9124,0.2781240335344655
9125,0.219700132635263
9126,0.2954072896452839
9127,0.30174696122919564
9130,0.3008183314127945
9128,0.29707835279511774
9129,0.27660508242404985
9131,0.22523020516900039
9132,0.3160754742224576
9133,0.32416668730096365
9134,0.3275715920081836
9135,0.39780564549818304
9136,0.38050689467254656
9137,0.21004983581025505
9140,0.29405563521246425
9138,0.349234504364382
9139,0.3040458549377797
9141,0.29368949438225583
9142,0.208883790234582
9143,0.316411703509869
9144,0.31207627857856296
9145,0.3405250882044087
9146,0.22363763660782113
9148,0.2632327919164019
9147,0.31774112201420895
9149,0.1826329759028342
9150,0.3178033176305083
9151,0.1818844317550303
9152,0.35715730174821836
9153,0.3093248980948254
9154,0.32303621741472266
9155,0.3289411271224549
9156,0.20491588271582317
9157,0.3238625555278915
9158,0.20768549735911904
9159,0.18497881394271828
9160,0.18949223375131374
9161,0.21891557748982549
9165,0.3485455484158748
9164,0.18846710789601714
9162,0.30360146257287096
9163,0.2860792438594623
9166,0.19190988012013818
9167,0.2762405729664405
9168,0.3056106305899453
9169,0.2260564268088335
9170,0.36508335581478013
9171,0.2990230210752519
9172,0.2991973065470969
9175,0.20164762986696635
9173,0.29813889885382555
9174,0.27995531699709103
9176,0.2637489620812742
9177,0.34839072074083227
9178,0.30440280253694324
9179,0.20620400297323174
9180,0.30738847788515955
9183,0.19263313206760513
9181,0.20106966264165468
9182,0.21589110710510515
9184,0.45391595051980427
9185,0.20834152080600402
9186,0.3108635789257321
9187,0.18146032358374478
9188,0.30240942768876616
9194,0.3284588169785941
9193,0.19963724571944175
9192,0.435808792589831
9190,0.3096249458674973
9189,0.403496045415848
9191,0.21439154429171112
9195,0.314488672261265
9196,0.1876384923229739
9197,0.2861736204119204
9198,0.3170269652415294
9199,0.2763739912642857
9200,0.3256861534361714
9204,0.29774411017727476
9201,0.33885821158334634
9203,0.23197103601851646
9202,0.18654913783010726
9205,0.352595798388226
9206,0.27722211943344677
9207,0.2902856347685921
9208,0.3399445840070472
9209,0.33024655136026193
9210,0.36068396456850566
9211,0.25201972035895887
9212,0.3643542014300334
9213,0.30553125972142403
9215,0.2289466476186461
9214,0.27518128061324826
9216,0.34006264237805545
9221,0.17699197435872338
9220,0.2502906964344296
9218,0.2866684532841187
9217,0.31537730598015346
9219,0.31659810778611813
9223,0.20727099230682064
9224,0.20142735907975243
9222,0.35567661891611735
9225,0.165791125643303
9226,0.31124597979493684
9227,0.3113445693396643
9228,0.2772189251930276
9229,0.29116643677504694
9230,0.23516864038029772
9231,0.27829284099433854
9232,0.26424241485463223
9233,0.19998414777907889
9234,0.2196901381445664
9239,0.3292594696936949
9240,0.21467244504051217
9237,0.27388332558145123
9236,0.27358815294822164
9235,0.24661208512623325
9238,0.35816368605032417
9241,0.3008662082957931
9242,0.18122287416574168
9243,0.2106254992457901
9244,0.24376236569915613
9245,0.29846264964019614
9246,0.22256817535975423
9247,0.20097264252916072
9248,0.18797132752623166
9249,0.19061659356930424
9250,0.2483451652207865
9251,0.2910369168681773
9257,0.31652961978276567
9255,0.2539980066089634
9256,0.35484918866126575
9253,0.19355447995205613
9254,0.30687494348712857
9252,0.2036455737653644
9258,0.30795666624633283
9260,0.32580063937059633
9259,0.27238695011940534
9261,0.33890911135103235
9262,0.1750640106338515
9263,0.2206234683077457
9264,0.18440791896287922
9265,0.3285174628856382
9266,0.30313181392474786
9267,0.38498526344900125
9268,0.34940259704236
9269,0.396697085903918
9270,0.20049055324531354
9271,0.1911865707762802
9274,0.2750001200065323
9275,0.24379501038358228
9272,0.4133657310035475
9273,0.19109206689800085
9276,0.2838648051228414
9277,0.3099297287068825
9278,0.18689806845192405
9279,0.2780493886680993
9282,0.32593010348979634
9283,0.36849001118083774
9280,0.31343403614916654
9281,0.1857119013261236
9284,0.33891063402314825
9285,0.3098841278440524
9286,0.24399735581274493
9287,0.4583293475045
9288,0.36333408462723354
9289,0.20799591453363295
9290,0.2811551619282609
9294,0.22819517766067324
9293,0.34083721969961484
9291,0.35897748701618787
9292,0.32009968665068533
9295,0.1772724179637354
9296,0.369533257463812
9297,0.1846295961312773
9298,0.3153881580207459
9299,0.2808965256904452
9300,0.31996344923101383
9304,0.19977444286229132
9302,0.2916426908160748
9301,0.19770319379706577
9303,0.19391186690389875
9305,0.28984069312555477
9306,0.35396046146093957
9307,0.22547521651156885
9308,0.35990548187764365
9309,0.2969793604660606
9310,0.25970202358995825
9313,0.21385748443059602
9311,0.29915075850323636
9312,0.31028311334806447
9314,0.19033562958287695
9315,0.18269965954643783
9316,0.34966799612302274
9317,0.3175775146658555
9318,0.32730613646634105
9319,0.2898024123397414
9320,0.2247406647719101
9321,0.309387034368415
9322,0.18558966878879712
9323,0.32762181890684605
9324,0.3579118833159242
9325,0.2830772342180264
9326,0.2755353473124874
9327,0.20447637384741046
9330,0.45221904289267517
9329,0.16732719757881218
9328,0.3092986460991199
9331,0.27105451695792276
9333,0.29325218075003107
9332,0.24035324127723753
9334,0.275549418849565
9335,0.31417802687008695
9336,0.17587720371839247
9337,0.3005878846529633
9338,0.26911644517291905
9339,0.4131177312812435
9340,0.28533219664896153
9341,0.22501624008581067
9342,0.2978799148885514
9343,0.2401449672769811
9344,0.4165638993462702
9345,0.323390653333068
9349,0.19764024620585605
9348,0.35969697042895227
9346,0.23183553475516328
9347,0.32023784978241737
9350,0.35320723854957353
9351,0.38086214909265553
9352,0.29850213533175934
9353,0.28228548096911393
9354,0.19234549465859818
9355,0.28278685813930515
9356,0.4583293475045
9357,0.3157156310611235
9358,0.35324719959497375
9359,0.2110177666417099
9360,0.3146198045634241
9361,0.36784886588757265
9364,0.32720316341404954
9366,0.28519031426102665
9365,0.34262919671838216
9362,0.24272646339952886
9363,0.359585811711137
9367,0.29139794845460953
9368,0.22769357426879702
9369,0.29934149582236913
9370,0.21478136338613782
9371,0.33765598634044786
9372,0.18753445193116436
9373,0.18014893210686309
9374,0.25111739142597195
9375,0.2404635934113577
9376,0.27798337428877057
9377,0.20447933461711773
9378,0.3544923097664161
9381,0.26498524985616995
9382,0.25143190955063516
9379,0.3735685316767871
9380,0.37919242208798215
9383,0.19747700740320417
9384,0.3613869511746855
9385,0.2291006510400694
9386,0.30380226393408855
9387,0.21278066909178928
9388,0.3247215806326759
9389,0.31590995757181567
9390,0.3288777528697217
9393,0.31546572512349147
9391,0.17296153717889348
9392,0.3155315770789176
9394,0.36097276250673976
9395,0.18837105959570602
9396,0.2646998897753157
9397,0.3596428571841612
9398,0.34640075148633853
9399,0.3734040442188819
9400,0.3483612302032757
9402,0.2547358851568141
9404,0.3946933007381817
9401,0.3279220515470163
9403,0.1854327326356001
9411,0.22977716427863926
9409,0.26451719173454574
9410,0.3973690181221863
9405,0.3517091359390903
9407,0.3797438591187281
9408,0.3234040560188534
9406,0.2914979779194372
9416,0.24805748631648572
9415,0.3469472158667288
9412,0.25787992085009553
9413,0.28060813795168743
9414,0.20882795161977882
9417,0.2157657815779965
9418,0.3937252713108093
9419,0.32937869116073015
9420,0.2212293620322379
9421,0.40308307286570494
9422,0.2011801419564894
9423,0.365604874064555
9424,0.3093492923696028
9425,0.19697540545696315
9426,0.3153845832803106
9430,0.26494721121446935
9431,0.32828296046456173
9428,0.2225838569067036
9427,0.23123668451857102
9429,0.25223714241781087
9432,0.18069684215194856
9433,0.27621859552206157
9434,0.3498646664964264
9435,0.22147415187111863
9438,0.29903544363461204
9436,0.21532389576216346
9437,0.2353316945895574
9439,0.3793017470313503
9440,0.22079783350416912
9441,0.3629630919780393
9442,0.3835700530869158
9443,0.26571474649899823
9444,0.26857848336548323
9449,0.310832792742814
9448,0.2802765510556275
9447,0.3248143384386071
9446,0.25813428819771816
9445,0.2223280162506925
9450,0.27810026939805366
9451,0.2904358644796086
9452,0.23241377340627703
9453,0.33349332474015475
9454,0.33795431921682506
9455,0.33689460979040264
9456,0.46259824197698757
9457,0.24272459739827865
9458,0.4151750158611167
9459,0.22668044200830964
9460,0.2582139904446093
9464,0.23010876365134103
9463,0.41004853784436723
9462,0.21271634958245153
9461,0.23673628416699088
9465,0.32640201447285516
9466,0.23161338152216246
9467,0.27692870520172425
9468,0.22942799657487636
9469,0.342302453772481
9470,0.30416679668057317
9471,0.19164451240218652
9472,0.3214665429188419
9473,0.26357257800809103
9474,0.2840073457586951
9475,0.3111127963112919
9481,0.30609976454838184
9480,0.32675169457371883
9482,0.23189913716898428
9478,0.29857254953508366
9477,0.3508559805108063
9479,0.3166398269632072
9476,0.3232514051230362
9486,0.3314096846167541
9484,0.3290136704907537
9483,0.38988635608620276
9485,0.34383252041782003
9487,0.3658333110386763
9488,0.30464744311714115
9489,0.2549996494373786
9490,0.31182384603925156
9491,0.37142858943038487
9492,0.379202929418969
9496,0.31014107273084024
9494,0.32456757878354486
9493,0.46103685365902264
9495,0.35102993387697495
9497,0.20457667965234558
9498,0.35880569285487174
9499,0.22479051907018285
9505,0.2105053299448356
9504,0.22848334759431208
9500,0.3195705188456646
9502,0.2572339301709068
9501,0.22640083483158804
9503,0.2047428053714999
9506,0.22151243404189605
9507,0.29247307414842366
9508,0.21233530512832852
9509,0.30501967543954855
9510,0.36447770503036475
9511,0.26465924591095064
9518,0.2147698770370042
9517,0.4683228491078581
9519,0.23198595773254516
9516,0.3576894083577778
9514,0.20895848484225402
9513,0.31075064138423714
9512,0.3053052502306761
9515,0.39649659601339954
9520,0.37140545283390863
9521,0.35316783939860913
9522,0.32296793306661314
9523,0.27675636928995345
9524,0.37536203977331334
9525,0.20862342360412
9526,0.2956428804832267
9527,0.31606432865137046
9529,0.2278503498003741
9528,0.2898167564678756
9530,0.19865932324538071
9531,0.33498336982126964
9532,0.3561284708714984
9533,0.3612005639241978
9536,0.28200010146176746
9534,0.18688851064580914
9535,0.3528200211914548
9537,0.3737701892456085
9538,0.29611377836478003
9539,0.22527817855986218
9540,0.31623705443623756
9541,0.22451854110632855
9542,0.4205673526054463
9543,0.23981233625719722
9544,0.32827424865260263
9545,0.3439611717388881
9546,0.23635105522559804
9547,0.21066286425186287
9548,0.30378197099871346
9549,0.35200815561323234
9550,0.25082793346513876
9551,0.22110225891529467
9555,0.4123770066342695
9553,0.2634887815280548
9552,0.3850255554708714
9554,0.40385792865112774
9557,0.23415533488347565
9561,0.37762755204237847
9560,0.3524345250872427
9556,0.3416993666638754
9558,0.3513649023727912
9559,0.2382654636266954
9562,0.3125944806150377
9563,0.1843200286081913
9564,0.4301709548040762
9565,0.2539797394242708
9566,0.3453455290108633
9567,0.36352089656783315
9568,0.21471918109112798
9569,0.20302191726834293
9570,0.3606323561751272
9571,0.3391047600878702
9574,0.2767588427481972
9575,0.21149288028686755
9572,0.3584490716027309
9573,0.2349515666393577
9576,0.3085180169777627
9577,0.34591369288969614
9578,0.26619908066786374
9579,0.21669552098513897
9580,0.31280643649218354
9581,0.3178775164033593
9582,0.20712344514923353
9583,0.36561095625105233
9584,0.20523848951971624
9585,0.2163161486616947
9586,0.2138931464904784
9587,0.3617556781984792
9588,0.31880720818380487
9591,0.36056969702828723
9590,0.3520641546327296
9589,0.21629925911491535
9592,0.2813994038799869
9593,0.18612941625717971
9594,0.3833321176099654
9595,0.30001080759348037
9596,0.1885553102640334
9597,0.32237541762186694
9598,0.43743697570114043
9599,0.36918803687208346
9600,0.315352667701336
9601,0.3243804526341334
9607,0.3543520960353028
9606,0.3945630120242769
9608,0.3101134776208859
9604,0.20719593870400876
9603,0.35354618996555603
9605,0.2464289465213989
9602,0.3390260712821967
9609,0.37584069684035465
9610,0.37366478603968306
9611,0.30095453660312815
9612,0.22172937961580472
9613,0.21584349745890194
9614,0.3043418014055443
9615,0.16030607743524963
9616,0.23507743765563593
9617,0.30949364170285604
9618,0.2149593876503
9619,0.38199980950725326
9620,0.3578229747997225
9623,0.22305156854955321
9621,0.18674576227799702
9622,0.22559946429950986
9625,0.32459024602051584
9624,0.33865783906569874
9626,0.22275173798088718
9627,0.2464344590906206
9628,0.3269993901718017
9629,0.21117779557435387
9630,0.3652704715405468
9631,0.3552673854759398
9632,0.3709785086117483
9633,0.2966003082851534
9634,0.3203825340532044
9635,0.2221916183429564
9636,0.35904142497122393
9637,0.23516619207852718
9638,0.32839758933421354
9639,0.33779008495316765
9640,0.26128297872887124
9644,0.23603761525680397
9643,0.21209786414361712
9641,0.3894194794306894
9642,0.46481148447456233
9645,0.24955022310730315
9650,0.17353003309829632
9649,0.25042405511691385
9651,0.23303583021853003
9648,0.23389734889224256
9646,0.3212900403454387
9647,0.45318226056393235
9652,0.4791903610839195
9653,0.2022022297721631
9654,0.2995144929153256
9655,0.2206873929469174
9656,0.21556414945559635
9657,0.24170418681438166
9658,0.33038175569105716
9659,0.32700502975814977
9660,0.3506595679609623
9661,0.40559595755060734
9662,0.31304803331428743
9663,0.23773089296126373
9664,0.3177413255601417
9665,0.3192511166887831
9666,0.23575489590800838
9667,0.3369117489806477
9668,0.22993658161820327
9669,0.355550172697173
9670,0.18348700200941967
9671,0.3376674816992052
9672,0.31395149496703356
9673,0.2639100016609414
9674,0.24003576653131783
9675,0.40558763439121703
9676,0.2533363392103768
9678,0.37880194677289825
9677,0.3380315494625903
9679,0.33667004700698416
9680,0.35482358831974653
9681,0.38128855391556016
9682,0.3166602590396023
9683,0.21247369569702426
9684,0.2751223097878414
9689,0.3904178465988126
9688,0.3152999381480785
9687,0.4273350671325627
9685,0.3120757484279482
9686,0.2124256614602126
9690,0.22146643535433239
9691,0.3962361634009202
9692,0.19698740175568127
9693,0.2142649675666645
9698,0.397679009854859
9697,0.2626026088450509
9695,0.30820903874548317
9696,0.2590096787434255
9694,0.1817474507594987
9701,0.4108167946093982
9699,0.2086307459606019
9700,0.2283398702329106
9706,0.2119824966529725
9705,0.2464804621719506
9702,0.21981403789828172
9703,0.2777803098282844
9704,0.32312751277830737
9707,0.3464508607116275
9708,0.38343518538831817
9709,0.31425751727191475
9710,0.29841702974247575
9711,0.22273985608632918
9712,0.23451479887225346
9713,0.3453540577893414
9714,0.3536549781530573
9715,0.3250164705643674
9716,0.34597571323778414
9719,0.3562315888109497
9718,0.3788297640928702
9717,0.35266106738638614
9720,0.29419291324610203
9721,0.17583513282624294
9722,0.23371318625819715
9723,0.30956644826494234
9724,0.2664775881329897
9725,0.3439611717388881
9726,0.28331815398436644
9727,0.23620340767107909
9728,0.2571882728226502
9729,0.18060440730338903
9730,0.19679937818360418
9731,0.3859844853715328
9732,0.3173642713266404
9734,0.3474739753518201
9733,0.2962859447012564
9735,0.17132966388926518
9736,0.2531224152818426
9737,0.25062497655042404
9738,0.19964187618509957
9739,0.25574342150887047
9740,0.2483954352146974
9741,0.2772339412163916
9742,0.34418807910710075
9743,0.3798037259737724
9744,0.1923188002035747
9745,0.2991494201170873
9746,0.23044731214379435
9747,0.24848279620697436
9748,0.3208518567362582
9749,0.23519507390371439
9750,0.25039730225454476
9751,0.4342437808636463
9754,0.24191144096111716
9752,0.3502242560937341
9753,0.2225805681567304
9755,0.21181720452946715
9756,0.2263516979969762
9758,0.245100419792449
9757,0.18641089126269908
9759,0.3169621637139511
9760,0.3561645872593296
9762,0.3274917818407985
9761,0.19904426976683354
9763,0.2364312901070541
9764,0.5131776555106901
9765,0.21489254853423903
9766,0.41227515833003875
9767,0.24068632919852476
9768,0.23612269636047375
9772,0.24357225727417608
9770,0.39056636432566966
9769,0.2760478145721321
9771,0.22622289426627248
9773,0.22606544053251532
9774,0.19713929444644648
9775,0.29027667573009247
9776,0.3086301364882494
9777,0.22950601759849576
9778,0.43328135038569493
9779,0.25065455669747316
9780,0.21932012739959816
9781,0.3111697505647905
9782,0.28789233730992875
9783,0.4008134716139909
9784,0.36627144844963544
9787,0.3035087742703517
9789,0.21058321015592552
9788,0.42040659190154955
9785,0.2385236774512575
9786,0.30563114797451546
9790,0.32772953073873373
9791,0.20278402993010733
9792,0.23766750993515903
9795,0.23175152088450676
9796,0.33433491807150933
9793,0.3082407689401767
9794,0.3771008836998189
9797,0.21521179133999438
9798,0.340051413820783
9799,0.4215210224904869
9800,0.3637060513979747
9801,0.3337291404246312
9802,0.32798921364156014
9803,0.20835378011972006
9806,0.2950449353320383
9804,0.24194338743608224
9805,0.32473643005938313
9807,0.2989251238068041
9808,0.18302942755157112
9809,0.2177638733978128
9810,0.34800905644908964
9811,0.3869192584986069
9812,0.37893627249187006
9813,0.3554137590139897
9814,0.22175833963354397
9815,0.32821409199219326
9816,0.3087966646366013
9817,0.32503806247108663
9818,0.21698942437254543
9819,0.3209984537054875
9822,0.4560664663772718
9823,0.22070015982409344
9820,0.27768612945983817
9821,0.21195780555835872
9824,0.3221298898822852
9825,0.41748784886907453
9826,0.2707159923982669
9827,0.3526667258884654
9828,0.2227098177661412
9829,0.23352741424997325
9830,0.3586838439734652
9831,0.3022514345135806
9834,0.37862978253226426
9832,0.3404950894130399
9833,0.33069015081317116
9835,0.33898665499498354
9836,0.2671139145704286
9837,0.190525810735648
9838,0.46159815774939955
9839,0.3276261107142005
9842,0.2224254817240363
9841,0.3351128265389736
9840,0.3683344189506165
9846,0.32772632253148737
9843,0.34974222632180546
9844,0.32370254607706084
9845,0.3761038388359446
9847,0.3203033252921324
9848,0.30065724091665896
9849,0.29836757728520763
9850,0.26272852191992463
9852,0.2650041110318362
9853,0.19583545643710357
9854,0.2361408062579725
9851,0.2219054092570009
9859,0.2752610438890702
9855,0.35441503253164225
9856,0.21640699961676213
9857,0.36686538389912576
9858,0.212595380204895
9861,0.3745102807089599
9860,0.3365969908859252
9862,0.31014107273084024
9863,0.21915652449502412
9864,0.29824107253156307
9865,0.1687253844737886
9866,0.21233743583575757
9867,0.32652503799936533
9868,0.32857309839913057
9869,0.18294620224151723
9870,0.3041701367761806
9871,0.33870634135811456
9873,0.20533319096616434
9874,0.28233986299916736
9875,0.4286170520460922
9876,0.3125414216028492
9872,0.26195373991953375
9877,0.20890914333174826
9878,0.3716698584377746
9882,0.2506396990140414
9879,0.21863290475867234
9880,0.23248164995195353
9881,0.2128660817504918
9884,0.37050812140110767
9885,0.38227073448675974
9883,0.3494666064599394
9886,0.23543382818104364
9887,0.1973903688374219
9888,0.3454611988030822
9889,0.2203506274762166
9890,0.3242871012370554
9891,0.24274271464906164
9892,0.18962976760158443
9893,0.20973155418484166
9894,0.3842232549492192
9897,0.2903317944726023
9895,0.1754212393223473
9896,0.30048435364804216
9898,0.3365969908859252
9899,0.3288389527982588
9900,0.22522619196108454
9901,0.19444636418247493
9902,0.20955847132863514
9903,0.31901512814789024
9904,0.31374938177281825
9905,0.25048259999632805
9906,0.31861175002633607
9907,0.32420353551132236
9908,0.45461454246656063
9909,0.262289715469457
9910,0.3084074914228604
9911,0.39445647491724695
9912,0.29140566670268014
9913,0.2240680256369125
9916,0.31725995085604225
9914,0.21758541896053318
9915,0.322240557638636
9917,0.2760893859316084
9918,0.33719970241688707
9919,0.3378049906511913
9920,0.20866485193190268
9921,0.2920124737931748
9922,0.33412239084916995
9923,0.39568495063029036
9924,0.27900619079276673
9925,0.23504610999484307
9926,0.31752521031712627
9927,0.33175622409143063
9928,0.3247604146891942
9929,0.45854190189777655
9930,0.20154422431443694
9933,0.2983272783314523
9931,0.33322835084443014
9932,0.3302443366130421
9934,0.33670438099345396
9935,0.39144894508407924
9936,0.2900543920253516
9937,0.3202136011689969
9938,0.2041409221165195
9939,0.36179859356981275
9943,0.32628080820828936
9941,0.35182774387426125
9940,0.4176185190865432
9942,0.21164285828686122
9944,0.2960661482362262
9945,0.1911186469839166
9946,0.279713580225847
9947,0.28277599529408787
9950,0.33810929637591514
9951,0.33830344385055805
9948,0.31096390785723843
9949,0.36489002643292684
9953,0.24019448524174827
9954,0.21979909270728912
9955,0.20283951701221117
9952,0.4142766549709302
9956,0.35670104615584064
9957,0.2957332465175772
9958,0.19015981701486928
9960,0.2068817552424513
9961,0.23379284584948887
9959,0.4041059433705764
9962,0.27493037371121437
9963,0.3346399227045043
9964,0.2847629374253265
9966,0.29180296178138826
9965,0.20363294456245495
9968,0.18565273909015442
9967,0.23169895182639433
9969,0.379615006881985
9970,0.30053029957853417
9971,0.23670128002302784
9972,0.28441151545960247
9973,0.21928914315751624
9974,0.32895852299478906
9978,0.34211617234307606
9977,0.21577223054581163
9975,0.2771062179021742
9976,0.2997111885885343
9979,0.19332328834658075
9980,0.393262713792063
9981,0.19298968110832468
9982,0.3405430872025097
9983,0.3023217922496851
9984,0.2855869858191175
9987,0.2181089291436115
9986,0.25448810893040397
9985,0.30286788470084947
9988,0.17977189393416337
9989,0.2893034125169158
9994,0.3772245363869895
9993,0.19363612622988335
9990,0.22187799695973953
9991,0.2366734982384071
9992,0.19223814521204374
9995,0.16559611209669692
9996,0.3208485527747
9997,0.22382524971892712
9998,0.2571813149580642
9999,0.3177445422585538
10000,0.2941092434366283
10001,0.20362884594827393
10002,0.30140358837897513
10003,0.3943244137313047
10004,0.20450980233170304
10005,0.33616511407841737
10006,0.2250823110642852
10007,0.19375800314261457
10009,0.24219009353830498
10008,0.3098969941456428
10010,0.3172315068591383
10011,0.3135523665153937
10012,0.31118882933345543
10013,0.31624502277261235
10014,0.3021570973130448
10015,0.27264959716564124
10016,0.3295684624766539
10017,0.31765012721642977
10018,0.2933077158239023
10019,0.29379011305513114
10020,0.17383391153597583
10021,0.26141467725568307
10024,0.2078632620339008
10023,0.17214100466059656
10022,0.2363198769329781
10030,0.3631672326639041
10029,0.18127227773333063
10026,0.2501894107492036
10027,0.17987122234446482
10025,0.18983801053099128
10028,0.38622948068864943
10031,0.3193380578932063
10032,0.4142645950034769
10033,0.3089552972567013
10034,0.18277410234529
10035,0.18941301737485997
10036,0.28654767860221303
10037,0.28910913747936845
10038,0.28577019705439693
10042,0.2874027214820404
10041,0.17756823859012547
10039,0.3012253540569578
10040,0.3084445114111105
10043,0.2568851684810411
10044,0.18233528025921905
10045,0.18428929578566874
10046,0.2306811980429515
10047,0.2428396928079921
10050,0.19151609979393527
10048,0.1956550904366112
10049,0.3458238959532343
10051,0.2508999709222904
10052,0.29984515575513526
10053,0.24334232783911292
10054,0.31389041698522596
10055,0.3867064061322159
10056,0.20183863177333228
10057,0.30600477489316785
10061,0.3717931722874582
10060,0.3123041186007401
10058,0.2659490427198525
10059,0.26074421888254107
10062,0.3588277821061721
10063,0.2720278565518943
10064,0.1894275744316973
10065,0.17794308644089848
10066,0.32831819358281694
10067,0.1721808379056157
10071,0.3240597073579872
10069,0.34089790970634937
10068,0.23897135764500385
10070,0.3723849146806999
10072,0.27539855010559183
10073,0.3944750754574482
10074,0.3143143489198631
10075,0.3268099297296222
10080,0.29912501571399847
10079,0.263375177159281
10076,0.34458404771387213
10077,0.22566672742632973
10078,0.19339037233502088
10081,0.2061133680022508
10082,0.28880373537894727
10083,0.24855296897110782
10084,0.2751060463955015
10085,0.170580669541985
10086,0.1467578646487924
10087,0.18996470526135636
10088,0.2891625752310317
10089,0.34083721969961484
10090,0.23703776589995965
10091,0.3102253020603806
10092,0.3139043314535676
10093,0.277129037094218
10094,0.31891972553925796
10100,0.20423609849180627
10099,0.1808593396336788
10095,0.19018557955026028
10097,0.29801735757764675
10096,0.1899590005999974
10098,0.26111042377957755
10101,0.21942957589589673
10102,0.19943887025294027
10103,0.29673962044788754
10104,0.17467708888025493
10105,0.20429621915926222
10106,0.36409974030279874
10107,0.31070110539639745
10108,0.27460915188424867
10109,0.2835812139332079
10115,0.18363964645132494
10113,0.16468318226186035
10114,0.17388160809733547
10111,0.26802851544912465
10110,0.20191608490197896
10112,0.3256131785667205
10116,0.2314103594324967
10117,0.2278541783404461
10118,0.34617034235053806
10119,0.18735094832743218
10120,0.22257044035434884
10122,0.33733968928951
10121,0.21652404801727934
10123,0.1886530000109166
10124,0.3379106434487556
10125,0.3383168043021914
10126,0.1796256301862854
10127,0.3287373215239124
10128,0.30229269725593944
10132,0.150619800034514
10133,0.3226851986313802
10130,0.31974519657062106
10131,0.3482554680121465
10129,0.29937692788714215
10138,0.1818705093544822
10137,0.31608051409699606
10134,0.19028546476958205
10135,0.2886713242906524
10136,0.16611632651851713
10139,0.18965580302043084
10140,0.17755528080128316
10141,0.30068058994182584
10142,0.28940561176158164
10143,0.17615577113617223
10144,0.36322322261756335
10145,0.2059732300906305
10146,0.37540085647002924
10149,0.461295834142429
10147,0.16596339113103595
10148,0.2814333009995207
10150,0.31099121797780604
10151,0.2848551526667454
10152,0.1921546097902095
10153,0.2803344989785247
10159,0.18592236501676285
10160,0.33026138797653726
10158,0.32613351288091147
10155,0.3274138932306018
10156,0.19732083498460604
10154,0.182194584118587
10157,0.23262422504656022
10161,0.17539963201491823
10162,0.19129713581282623
10163,0.20482616468969395
10164,0.23284624334862025
10165,0.4063220097265501
10166,0.18243722117395086
10167,0.3316201732842645
10168,0.2912579593420496
10169,0.20484505908944114
10174,0.28930624730104765
10173,0.23956090237593056
10170,0.21428516942403508
10171,0.2128201055765464
10172,0.20532840410870298
10175,0.23667541389802146
10176,0.2075714059903597
10177,0.18229529729915503
10178,0.21382366988618728
10179,0.32641666077842646
10180,0.2029454569804002
10181,0.15931538689815142
10182,0.22977744066067737
10183,0.38998391223463763
10187,0.3252612778505234
10188,0.3609488114867503
10185,0.2974791862663994
10184,0.2915638071204844
10186,0.3130974005193072
10189,0.41121880899666136
10190,0.20817377734662076
10191,0.34598738064352524
10192,0.3520094134540556
10195,0.34977605691112873
10193,0.3602550680154996
10194,0.27679225957200365
10196,0.3028211699306706
10197,0.36080087540058486
10198,0.1822632222860777
10199,0.2427475297120959
10200,0.2759458998186058
10201,0.2490181049019252
10204,0.18930101890838527
10205,0.27894012123377326
10203,0.37764646095288573
10202,0.19088175581391456
10208,0.409809041506467
10206,0.22798830143006024
10207,0.2891789558827589
10209,0.18192094604905143
10210,0.2992340569589277
10211,0.28644865293886584
10212,0.17390003669554469
10213,0.24186283222239094
10214,0.29676565297927215
10215,0.34094653072792697
10216,0.2978342544327238
10217,0.1832691093846626
10218,0.2810718399896988
10219,0.17519831921211182
10225,0.187481438380002
10223,0.3074117755021027
10224,0.22172937961580472
10221,0.20987545699682356
10222,0.2953445980617338
10220,0.360389519819275
10226,0.2224122316348822
10227,0.22642052481017752
10228,0.27635541629452204
10229,0.30745409881668495
10230,0.24585555159061578
10231,0.2862997838012817
10233,0.34999287900474485
10234,0.31319351145749313
10232,0.27727705092003485
10235,0.39436757061498184
10236,0.3276045821939589
10237,0.3273504643582428
10238,0.41277400035059797
10243,0.20699798171021447
10242,0.3311513666990573
10240,0.33501774471318946
10241,0.32752990449362734
10239,0.31348850475687723
10244,0.2688071277151174
10245,0.2637353006577104
10246,0.2916083372840696
10247,0.30223751960824924
10248,0.2591136877973655
10249,0.2831180384773106
10250,0.16304385920465647
10251,0.41488998469542954
10252,0.21222302104503024
10253,0.29975638995949067
10254,0.17808696389221168
10255,0.21078960249194353
10256,0.310708879639993
10257,0.3091058836535989
10258,0.31826204913812955
10260,0.20093111558822177
10259,0.14781095995815438
10261,0.2045700109844696
10262,0.34846279232845784
10263,0.32288981022357327
10264,0.20592142989379955
10265,0.18817919057290708
10266,0.20224603950882622
10267,0.21435949733762028
10271,0.33682496019730707
10270,0.32938523869933345
10268,0.2964013342108075
10269,0.3166504406799663
10272,0.1910430104052994
10273,0.19958675717922936
10274,0.33594008799661573
10275,0.3301833180196317
10276,0.2967899241431558
10277,0.2169450736499183
10280,0.21321569695960876
10279,0.2058654933052002
10278,0.31967535120916135
10281,0.2981340687693245
10283,0.20347459415268587
10282,0.24832563160277463
10284,0.3918263350265309
10285,0.18854397786480323
10286,0.36335079532605014
10287,0.3353091386774531
10288,0.2757170889327662
10289,0.32801099335864464
10291,0.1883078093194094
10290,0.36187042218951065
10292,0.302691187646308
10293,0.2387293535322165
10294,0.27640386440748327
10295,0.24254710523413178
10298,0.2835251196783814
10296,0.20198828275974137
10297,0.2830334857860163
10299,0.21647195740359948
10300,0.2994815302893408
10301,0.28922456117764117
10302,0.31800088150454436
10303,0.2970881213643431
10304,0.3396865951717343
10305,0.2365295698624432
10308,0.363483314348837
10306,0.2983848860297479
10307,0.21587261817712025
10309,0.17257618309347897
10310,0.29271709993136646
10311,0.3635324757263459
10312,0.3272484446479534
10316,0.21294072204410552
10317,0.30188982247010043
10314,0.28823099842404293
10315,0.269261238173961
10313,0.30895384790403696
10320,0.3408116110596306
10319,0.30679822013029195
10318,0.41292644045002636
10321,0.39388022203615264
10322,0.34897889408485666
10323,0.30712888009465983
10324,0.31554063046156794
10325,0.2519569711692904
10326,0.2512161595263805
10327,0.2729357884619793
10328,0.18414102504705862
10329,0.3379731277877703
10330,0.2065877685714638
10331,0.3807600473475314
10332,0.3818310107655252
10333,0.2846479105608673
10334,0.19295945644735038
10338,0.3178881981334676
10337,0.37936748830063344
10335,0.19379178530856953
10336,0.26837031324594884
10339,0.4147051903737157
10340,0.21222136288919025
10341,0.3058219739513482
10342,0.2059050761985267
10343,0.18011367675144427
10344,0.42510972872945535
10345,0.1576438272067223
10351,0.3030480195989073
10350,0.3026665699385918
10346,0.17479254529480048
10348,0.29037923515229636
10347,0.3374806653404936
10349,0.19705021368837206
10356,0.17728234213709052
10355,0.3372878307581995
10354,0.2998695307190596
10352,0.2961657887617702
10353,0.2629719023926645
10358,0.31554063046156794
10357,0.3049868782288388
10359,0.3088343918068382
10360,0.32585623640829947
10361,0.2675674412282911
10362,0.3276708544067433
10363,0.19486166118664716
10364,0.23065681914643388
10365,0.22625411234763115
10366,0.2647073900608699
10367,0.2781175195577068
10368,0.3292895978683646
10371,0.30231281035465835
10373,0.18942466460334903
10372,0.32883712780144403
10369,0.31246506943768276
10370,0.28263975467787006
10374,0.22590539804260704
10375,0.2996579054746603
10376,0.414550683132677
10377,0.2562265645375949
10378,0.28036119031317464
10379,0.26183476855425886
10384,0.3171483885661357
10383,0.23323280512817238
10380,0.3270157511432257
10381,0.17581916296946157
10382,0.3113503031829543
10385,0.2510402591314399
10386,0.23381031793856913
10387,0.17833658822284193
10388,0.19046135999207167
10391,0.2769139032262413
10389,0.22559102804607586
10390,0.2637858025949032
10393,0.2901507017000332
10392,0.22755276933643423
10394,0.352719974319671
10395,0.2771624326498824
10396,0.2807592526514308
10397,0.18598585314455815
10398,0.19612860683723876
10401,0.17885341377850325
10399,0.42539474725924137
10400,0.2967366184526736
10402,0.3308569365535075
10403,0.3017682027864076
10404,0.17894406166692245
10405,0.3177753965552404
10406,0.17174523286838417
10411,0.1804247763054471
10410,0.40644907898022664
10409,0.2698730580796922
10407,0.2191060514509426
10408,0.30603025469548806
10412,0.1857523747848432
10413,0.21996777593047437
10420,0.27270046032201206
10418,0.2874632637444237
10419,0.15327584484975257
10416,0.2248967891983884
10415,0.3402522784311815
10414,0.31839526978725297
10417,0.387302828512807
10421,0.2877484624708078
10422,0.18540895753892825
10423,0.18737398069450706
10431,0.19735861350188955
10430,0.31737858677571806
10429,0.3170854697167665
10426,0.26244325952969844
10427,0.31012128580865217
10424,0.19942498463986566
10428,0.3781194083635661
10425,0.36592347220217447
10432,0.17137052807809852
10433,0.23097474167955115
10434,0.24179774313721394
10435,0.30004476466897906
10436,0.19367373058867973
10437,0.34945986913180255
10438,0.2983272158858181
10439,0.5003084138483933
10440,0.5155732012696475
10441,0.3282638845966393
10442,0.26200083550607595
10443,0.18719510770356643
10444,0.18703126303650372
10447,0.20011846965672717
10445,0.2890456806745631
10446,0.32212518864548584
10448,0.18288537210777508
10449,0.26176283089415414
10450,0.2024921110017103
10451,0.27479561125688506
10452,0.18270437730022138
10453,0.3263673739906274
10457,0.31638542574312295
10456,0.36343647580679866
10454,0.19816653279779314
10455,0.25325240502777163
10458,0.296819033018824
10459,0.17001853650905144
10460,0.182182826287959
10461,0.2772679436420069
10469,0.23516864038029772
10468,0.2030857025311212
10467,0.20606148103416574
10466,0.3364245580434085
10464,0.3834587406304168
10462,0.31397291428862534
10465,0.21055559487703915
10463,0.20439345599551975
10470,0.3115450429627716
10471,0.3177200343874606
10472,0.29975202315127053
10473,0.15648932810740615
10474,0.2809035479327299
10476,0.30923937352336045
10477,0.27811879828239433
10478,0.2757661738926409
10475,0.2735814394759771
10479,0.20271324121871973
10480,0.21476900095680918
10481,0.21231171548065988
10482,0.20149860595923863
10486,0.2967954576845604
10484,0.17340270243650635
10483,0.2772298182772059
10485,0.1896364286540311
10487,0.2747441728047517
10488,0.21289883709843427
10489,0.40512607077251195
10490,0.33310802565322273
10491,0.340078546042437
10492,0.3650806784069538
10493,0.16476233727917702
10494,0.38736436930968593
10495,0.35219183360791506
10496,0.19864469302547536
10497,0.27460923184312863
10498,0.20096427585117546
10499,0.22826458699005078
10502,0.36524814630664965
10500,0.25667948886064856
10501,0.26263691625212315
10505,0.2519737041119536
10503,0.3122166524322982
10504,0.20358755532290085
10506,0.21884013297165295
10507,0.3170747824036097
10509,0.20516130559186962
10508,0.22016024474179993
10510,0.4547933996062225
10511,0.23811770953021125
10512,0.23184677749676716
10513,0.32882056056346776
10514,0.24113327788332448
10515,0.346397022802325
10516,0.42540251137929985
10523,0.3191954097002972
10522,0.31230505836100747
10521,0.37386827183332777
10519,0.3220314796535754
10517,0.3341605946069952
10520,0.3950911846228438
10518,0.3249773491780121
10524,0.5654316937487308
10525,0.3381072784368058
10526,0.31261716438460246
10527,0.23208892572482975
10528,0.2332360559668838
10530,0.19583203169726546
10531,0.1994366579986577
10532,0.1869804900883648
10533,0.19438833539213543
10534,0.19588125275945703
10535,0.501294927945754
10529,0.35142952464003335
10539,0.33946969349658024
10537,0.3140926574363183
10536,0.28347491748231507
10538,0.3256483331829134
10540,0.2770661731929719
10541,0.16490789587587643
10543,0.21233178739352446
10542,0.3237708788653333
10544,0.3513825967794908
10545,0.3073678823601727
10546,0.3404706383194504
10547,0.39495240658300573
10548,0.34682291942383586
10549,0.18460983182369484
10550,0.30213164903934236
10551,0.22257366630788933
10554,0.37166929193947756
10555,0.3563818697319563
10552,0.26465827034697603
10553,0.3856578979745648
10556,0.3371645915927875
10557,0.3386904018722898
10558,0.3927480734311128
10559,0.37302090986957426
10560,0.3389121685513969
10563,0.327239135264392
10561,0.20322092750204987
10562,0.2081332990794036
10564,0.21760809600326728
10565,0.33210801377236604
10566,0.230009699705463
10567,0.3557028930664486
10568,0.2124535417683684
10569,0.23397837620275752
10570,0.29906334190915573
10571,0.3428368092494724
10574,0.38582470493209664
10572,0.23635521233528944
10573,0.1817502229196376
10576,0.2130664472647795
10578,0.25140940730566996
10575,0.1542269067283428
10577,0.27149763907013036
10585,0.336104775977559
10584,0.29996602392903193
10583,0.3237508080939724
10579,0.21280846231186978
10581,0.45891895637849994
10582,0.1930329115000343
10580,0.19675916241687022
10586,0.2836502010099747
10587,0.2195129904418255
10588,0.25463256081421026
10589,0.22066111070415695
10590,0.3933663991025023
10591,0.38917397988955943
10592,0.31218198403960146
10593,0.42188204914818767
10599,0.22193309980017895
10598,0.2027551564718447
10595,0.2891711704792497
10594,0.3497691056598529
10596,0.3174133556423415
10597,0.2732364604502203
10600,0.21086346613044268
10601,0.33617553000779193
10602,0.2952057329551562
10603,0.316994837664516
10604,0.22782667512034135
10605,0.3379766345133288
10610,0.21318404060571516
10606,0.21196939181382043
10607,0.19803654805801904
10608,0.34331028966865773
10609,0.23271313158433904
10612,0.26486191853882324
10611,0.1627230290097836
10613,0.2830050851286696
10616,0.3676836362673146
10615,0.28995776795933553
10614,0.31231198302477664
10617,0.24284086476225444
10618,0.31035854064218177
10619,0.21243963499936558
10620,0.20714828978978406
10621,0.23476262913410081
10622,0.35307916352720864
10623,0.26831487666532583
10624,0.18243318755903645
10625,0.27447636556596106
10628,0.22231902597532602
10629,0.2879560596025043
10626,0.2141336130753333
10627,0.41059987697189504
10631,0.35023180720192054
10630,0.3520789346759586
10632,0.31346523021282247
10633,0.31326512198664075
10636,0.3703845632281786
10637,0.3051597518279669
10634,0.23465804076255647
10635,0.4629875058717457
10638,0.30932962591264446
10639,0.2667702984268822
10640,0.2577433470101828
10641,0.32575445453103474
10642,0.36290921542439175
10643,0.3518434086376392
10644,0.3525402593426068
10645,0.20049622900397102
10648,0.22006384729562045
10647,0.21562321889991695
10646,0.31772367643085825
10649,0.3416541374294015
10650,0.3223629379582564
10651,0.4038805347346754
10652,0.26650928422883463
10653,0.33894497713970145
10654,0.19484456796137142
10655,0.19592303882429926
10657,0.38262955768975077
10658,0.19358084813918078
10656,0.2216330613130174
10659,0.34098718326169375
10660,0.22803660563459913
10661,0.2375562105997923
10662,0.2213187016083706
10667,0.2969612460755146
10666,0.37915157551240625
10664,0.31765680450582884
10663,0.22795834053846875
10665,0.20535711733304507
10668,0.20879944153144056
10669,0.2885678895938096
10670,0.20975601259618926
10671,0.22900115864706824
10672,0.18108927109708453
10673,0.228939256342141
10674,0.3363501216372271
10678,0.2610782745578321
10675,0.2124109878361666
10676,0.2128660817504918
10677,0.3709995418565795
10679,0.41442117436395076
10680,0.37814187049180426
10681,0.4323555493070476
10682,0.39519177865280425
10683,0.2091629325505536
10687,0.3211372437952904
10684,0.3251409716698604
10685,0.23264406098384352
10686,0.1753285564404908
10688,0.3002144606895749
10689,0.37658225094686953
10690,0.19048955439088386
10691,0.216394587021554
10696,0.3235351365642618
10695,0.1930317635707619
10693,0.4550279848624041
10692,0.3126376726806088
10694,0.31033166797302597
10698,0.27854382244197784
10697,0.22899958983238847
10699,0.4076943947358152
10700,0.3060016327943897
10701,0.2350440469061572
10707,0.256657474947343
10706,0.18393796820428268
10703,0.2314688870075395
10704,0.25550743605546844
10702,0.35348493004207254
10705,0.2894460914793597
10708,0.28985145340519075
10709,0.21476290395558406
10710,0.20323350618586644
10711,0.3101480325752235
10712,0.21243308167989272
10714,0.2201858667733365
10715,0.32839758933421354
10716,0.22753684421978781
10717,0.3893875567222047
10724,0.2537513835545925
10723,0.25447861293496576
10722,0.19284495902772916
10720,0.32473502880930716
10718,0.30322826582108636
10721,0.2261306907830036
10719,0.34441388002621487
10725,0.21643965913902355
10726,0.3627336889324999
10727,0.20626598275686459
10728,0.25015745163009934
10729,0.3517819653111766
10730,0.36091173169706164
10731,0.2393241865946579
10732,0.2977887908966481
10733,0.38219832900803813
10734,0.174754795154532
10735,0.3274692143315732
10736,0.30502823281272945
10737,0.2918247614741816
10741,0.3455018180063412
10740,0.21682893822781815
10738,0.271751499859052
10739,0.21828827402018902
10748,0.4500682863177183
10747,0.3583155404224521
10746,0.38666637658033864
10749,0.31445011474902185
10744,0.18848697885047297
10743,0.26205381585697457
10742,0.20127091971336777
10745,0.3585669975251464
10750,0.4725655667014917
10751,0.2758391644424392
10752,0.39651331076218277
10753,0.31630833043733686
10754,0.20765103003388574
10755,0.2015328126735325
10756,0.3656471060899322
10760,0.3313632280856864
10757,0.33438483008482356
10758,0.31073974474271776
10759,0.2010188904683404
10762,0.20680758330024726
10763,0.2531208764761635
10761,0.30325099926777227
10764,0.42500558857848425
10765,0.31362382609513045
10766,0.3536009208663486
10767,0.3450040215308481
10770,0.21157303970896915
10769,0.31654438444316174
10771,0.14651662469555063
10772,0.2535860020871072
10773,0.1781072510887325
10768,0.36031632186069285
10775,0.36935762636544417
10774,0.34555065732030427
10776,0.5652196094666792
10777,0.3831136765437185
10778,0.19918124779436597
10779,0.2223059735400625
10780,0.21189835375579222
10781,0.2667603536596796
10782,0.4250159115798347
10783,0.20897510057462734
10784,0.2212030816448585
10785,0.33930542345178577
10786,0.39388411611263235
10787,0.20681503782534405
10788,0.3121552118212704
10789,0.32054043971746005
10790,0.36447375025189865
10791,0.2618877249121927
10794,0.18884236490605358
10795,0.27235172580306244
10792,0.19325935515804948
10793,0.30486870376464287
10797,0.30078582774472745
10796,0.3416925234687329
10798,0.3987461703641439
10799,0.37868796444790503
10800,0.21370543934449293
10801,0.25185698945363294
10802,0.28158614266943083
10803,0.24527037635252769
10811,0.24586409309645166
10810,0.3236051404495224
10809,0.3162228605527444
10805,0.3761265601670009
10807,0.2992164277142646
10806,0.38378060359643956
10804,0.38093116274650796
10808,0.3253825125289997
10816,0.36529115732107753
10815,0.18045818610765726
10813,0.33730920885396204
10814,0.2327769716793401
10812,0.23897799548466447
10817,0.20287694567916406
10818,0.3103587402002995
10819,0.24086639680651548
10820,0.21926550371741235
10821,0.19479413635518997
10822,0.2767218744489228
10823,0.21802830042199375
10824,0.3095395057265142
10825,0.36653774881930556
10826,0.3110380020857377
10827,0.33508279790140266
10832,0.32242181916846907
10831,0.2944119447777036
10829,0.3897137600622458
10830,0.4152336158670915
10828,0.41039447726963624
10833,0.333812272299558
10834,0.3548402441115892
10835,0.2908024015140353
10836,0.37629878071556827
10837,0.4028244591243653
10838,0.21387431970863616
10840,0.30640904337520186
10841,0.29794258435190696
10842,0.16535101314195752
10843,0.2579161243107056
10839,0.30130466578111026
10846,0.2146399605343238
10844,0.3096993774673337
10845,0.22547572134795557
10849,0.30227433755967653
10847,0.2319339696612481
10848,0.2843610078696109
10850,0.34026668562135803
10851,0.2316462054310472
10852,0.34274318842564594
10853,0.3391467883381413
10854,0.3789248133237863
10855,0.2657327928062801
10856,0.3440511133996728
10859,0.2659457538161129
10858,0.24088758557405912
10857,0.2727422943349407
10860,0.28705039877124955
10861,0.41250909483253523
10862,0.21462950633284036
10863,0.22550329972259367
10864,0.3451849722358991
10865,0.2909879723112528
10871,0.3241191645409781
10870,0.45798734299442606
10867,0.4540021585902901
10868,0.32967976064201343
10869,0.32923287173107174
10866,0.2129362532345621
10873,0.2919254544069423
10875,0.3454411306740853
10872,0.24646157285173934
10874,0.31869458142540136
10876,0.3340912700979024
10877,0.29865622017568966
10878,0.40281843160350955
10879,0.31241435764740677
10880,0.3052454795459954
10881,0.40247685951524653
10882,0.20151436563735395
10883,0.3724489999903502
10884,0.23219684255571113
10885,0.31150561115574
10886,0.35898552152945373
10887,0.2637517771856022
10888,0.22312258589940448
10892,0.32150537932273787
10891,0.44902565038948233
10889,0.21669552098513897
10890,0.31725658325157885
10893,0.3030358169859027
10894,0.37570371777826644
10895,0.3259648080782429
10896,0.32361480977803136
10897,0.17214100466059656
10898,0.2756544141672856
10899,0.27026072827991654
10900,0.23917752121124958
10901,0.5510182602378407
10902,0.34804575052305103
10903,0.3126686723835736
10904,0.19456918135989784
10907,0.3137793171393921
10908,0.23853720177721324
10905,0.21077458982298092
10906,0.2636420743758454
10909,0.3825335107549382
10910,0.36928356752624697
10911,0.29666975414324215
10912,0.2767218744489228
10913,0.48713818073889653
10914,0.20480912841870116
10915,0.3152237959288297
10916,0.33116043908861853
10917,0.22704971977232613
10926,0.3783675302757899
10925,0.21366945001254492
10922,0.40295648685637087
10923,0.2786987817338213
10921,0.2920284459419532
10920,0.32528248020502437
10919,0.3450598836910979
10918,0.23802112999284328
10924,0.22283479427949018
10927,0.2641747843679689
10928,0.32624360590122986
10929,0.3962311570687906
10930,0.2379667006174816
10931,0.18612029794325047
10932,0.17245637585078102
10933,0.3306393158743806
10934,0.43288168726973897
10935,0.34933393607653224
10936,0.19477079534330535
10937,0.31305341527964575
10938,0.3242871012370554
10939,0.3188530877616158
10942,0.2267296333835315
10944,0.23053330107004952
10943,0.23077716152263136
10940,0.2992153598765924
10941,0.2139594645160897
10945,0.19716953793322545
10946,0.33460194980959507
10947,0.2625246291869952
10948,0.3641192025788272
10949,0.3519710714347168
10950,0.45759725953742797
10951,0.2346073795290142
10954,0.21586773522032054
10952,0.3683113289895103
10953,0.2871862986057707
10955,0.5668720448293195
10956,0.2888712413381566
10957,0.27858136228434077
10958,0.37829371594086925
10964,0.27916426363111607
10965,0.28147285898689867
10963,0.22320353950819993
10959,0.4518234588413161
10961,0.2901243089239401
10960,0.21782184128726226
10962,0.2596491420113089
10966,0.2497277124050702
10967,0.42528837122177116
10968,0.31137842449719305
10969,0.3453511721717551
10970,0.2041335639209592
10971,0.27293313501995287
10972,0.19451199835837119
10973,0.39079487891468706
10974,0.24730985537256478
10977,0.23312577062612058
10978,0.3539510739900704
10975,0.38357028293212975
10976,0.21945935796432245
10980,0.243208466803985
10981,0.2132460764148858
10982,0.201271728948044
10983,0.27911707816048553
10984,0.3389101310758742
10985,0.2007214080691919
10987,0.26452234234367095
10988,0.24342321614744625
10979,0.39702415146751613
10986,0.2082153887196693
10993,0.3117737334425211
10989,0.33743944049923225
10990,0.2843072687625869
10991,0.21574814160409939
10992,0.23151746363656697
10995,0.31640532667679216
10994,0.1790335581885969
10996,0.2096721795103144
10997,0.22918903053310383
10998,0.23278246021100177
10999,0.3659863108951091
11000,0.23396466233445343
11001,0.3331433778573065
11002,0.4840888542893409
11006,0.23821622249642513
11004,0.22547055743497912
11003,0.2215720818099158
11005,0.31134559161058517
11007,0.23134290638678487
11008,0.30278186219999953
11009,0.3816005511535616
11010,0.3037119285058017
11011,0.42321986042079196
11012,0.25023076376071146
11014,0.20323350618586644
11013,0.4148783222480678
11015,0.19415214563765737
11020,0.30161557141878825
11019,0.18223825242418845
11016,0.2588013493663795
11017,0.3119621535894768
11018,0.31230505836100747
11022,0.4585275128434016
11023,0.2457887429001304
11021,0.32593816525240954
11024,0.32448967016121083
11025,0.34417604618668
11026,0.37438065494991823
11027,0.3372308221137898
11028,0.30263493587256474
11029,0.3505289613145717
11030,0.4058821315178734
11031,0.2768895152086044
11032,0.37757856006328
11033,0.22826013990803987
11037,0.26234124300959233
11038,0.29975533687674427
11035,0.346596066923807
11034,0.35988138557679034
11036,0.3265201491024087
11039,0.44866938576053084
11040,0.23186596825458336
11041,0.3198250391821512
11043,0.21944954922856055
11042,0.22300591305720133
11046,0.4028244591243653
11044,0.2526961746467895
11045,0.36908965068583627
11047,0.2395928172989176
11048,0.1812072208974722
11049,0.22812139721981164
11050,0.4215490019605261
11051,0.41370290286692163
11052,0.30714821282587806
11056,0.20667550025525075
11057,0.18347881134861935
11054,0.2155416638989599
11053,0.369038351983667
11055,0.1817327199209435
11059,0.33414161859658925
11058,0.2633445018217163
11060,0.32437031282111295
11061,0.3761038388359446
11062,0.24703117652866646
11063,0.40661824626518
11064,0.35672530639937183
11065,0.2267081906620931
11066,0.19702263358248043
11067,0.35377487573276517
11068,0.3227053931527656
11069,0.28178957217445316
11072,0.3848049078088091
11070,0.26351714789800307
11071,0.42627811216515465
11073,0.3326719151491557
11074,0.20744149145236843
11075,0.4416794791684338
11076,0.19945294931263388
11077,0.2652818141017625
11078,0.26627250721909707
11079,0.1732471694084724
11080,0.2348906996583137
11081,0.38700024835904473
11082,0.329386812993525
11083,0.23597500505826244
11084,0.31267007153526943
11085,0.19971337410984868
11086,0.3087072104726934
11089,0.22702278044389881
11088,0.1914496601794228
11087,0.3256444890537527
11091,0.2794088027357983
11092,0.21940000074146926
11090,0.16765122779765404
11093,0.21430579614231068
11094,0.33514895454435445
11095,0.22750507124370786
11096,0.4137833083880023
11098,0.33585502441375276
11099,0.23571289226922235
11097,0.2313408292581469
11100,0.33729372770081284
11101,0.21356770796544144
11102,0.3649992417376999
11103,0.32446970640307643
11104,0.20140769420546456
11105,0.36146003519976766
11106,0.3203170225179755
11107,0.3789869881036103
11108,0.3516725721306077
11109,0.1919820042680007
11110,0.3495094102321747
11111,0.2906207872775665
11112,0.3253527008327625
11113,0.22127739244837707
11114,0.22037693152943746
11115,0.3293812480222797
11116,0.20790081183629597
11117,0.35331296845952814
11125,0.32902113584190046
11123,0.22262993112830162
11122,0.34967328942668957
11124,0.1913352912615517
11120,0.23457558641412649
11119,0.3307899957788903
11118,0.21030733828269063
11121,0.3740976826933142
11126,0.39242388609990364
11127,0.42020969409062997
11128,0.2989439028722951
11133,0.22275173798088718
11132,0.45293332600084196
11130,0.19302275875803945
11129,0.24912756527064872
11131,0.45793902363462363
11134,0.3102358200938009
11135,0.353327788367678
11136,0.38998391223463763
11137,0.32890453866432157
11138,0.23159115125045968
11139,0.2774299181214666
11140,0.238961654523241
11144,0.35029229752687846
11141,0.19647414218619233
11142,0.21181223692717874
11143,0.3348668363833489
11145,0.2049986040955826
11146,0.3717238231599138
11147,0.32625137578572966
11148,0.3064077124652603
11149,0.3436457876089758
11150,0.39491927882869565
11151,0.32351739028692894
11152,0.20871413823766205
11153,0.2456676709121325
11154,0.3457789387652839
11155,0.3370828758785022
11156,0.41465200462475615
11162,0.18131053131425445
11161,0.22309731346903527
11160,0.33850897268734376
11158,0.21364846111451144
11159,0.26357283874079956
11157,0.3716046019379564
11167,0.33533189513278455
11166,0.3417285810989412
11163,0.18137309540106059
11164,0.3437555242889549
11165,0.38904323353036735
11168,0.33824864319102316
11169,0.2956903689519566
11170,0.316375652484306
11171,0.3510428945710939
11172,0.2736284221587885
11173,0.2660784529081052
11177,0.20302191726834293
11178,0.343162650776361
11179,0.4311129358932297
11175,0.35362664223635837
11176,0.20538164518377441
11174,0.1650725697169195
11183,0.3230255650193538
11181,0.352009111745711
11180,0.3653922905859351
11182,0.3237846675244146
11184,0.3399554684174934
11185,0.3275190456920947
11186,0.21825768852013563
11188,0.24590710097135018
11187,0.5546913719256105
11189,0.23314479458542858
11190,0.37184622016237673
11191,0.3511721006775211
11192,0.23547183861840126
11193,0.2361869279381781
11194,0.33912846116196654
11198,0.33738916731602436
11197,0.4297207159064493
11195,0.3397967432235993
11196,0.22167361176816588
11200,0.2092209847650672
11201,0.37901645711604043
11199,0.20541609083849835
11202,0.24716035163211503
11203,0.2665352766320657
11204,0.26177491418749294
11205,0.33931900700205603
11206,0.21653163272813805
11207,0.2197504293749364
11208,0.30034170244192326
11209,0.2392800153077406
11210,0.3122562907364305
11211,0.22147731289268857
11212,0.30275999844120854
11216,0.2030283498068255
11215,0.2675298492945862
11213,0.3375460477052136
11214,0.3545923686892176
11217,0.2964677343525861
11218,0.3612364571879892
11219,0.22839682581734924
11220,0.3486205179495549
11228,0.2647699859501535
11227,0.2625812754254823
11226,0.3329942228808847
11223,0.24723881916155585
11224,0.3224653931504419
11222,0.19884886809717348
11221,0.22029158335421717
11225,0.23020815843829054
11229,0.29862003030901707
11230,0.3390698247377444
11231,0.3384428160971107
11232,0.2623667990968333
11233,0.3390946365421193
11236,0.4876992361549426
11234,0.36888056047546064
11235,0.2860938180397399
11237,0.3447248291456157
11238,0.2578572230540554
11239,0.3529558054364954
11240,0.25545204144159944
11241,0.37307688307761694
11242,0.25875588925002796
11243,0.19140948866491794
11244,0.22182233470198232
11245,0.28920286104600396
11246,0.26310458641899825
11247,0.34614508615413914
11248,0.2257127460097581
11251,0.3169097404377669
11249,0.3599329616410072
11250,0.3317060707263291
11253,0.2195171480407517
11252,0.2139428402148592
11254,0.3315995790873647
11255,0.36587775268786626
11256,0.28164047899725253
11257,0.20270866153986966
11258,0.21295844903531677
11263,0.3057494891545362
11262,0.2116913794965063
11260,0.39686278557143173
11259,0.24812873404522842
11261,0.22485373643670356
11264,0.19479413635518997
11265,0.21151177401237495
11266,0.3131464767565619
11267,0.32350162010627415
11270,0.2893693796332316
11269,0.3781194083635661
11268,0.2043885284202068
11271,0.19218182394857686
11272,0.4420979258538121
11273,0.3405313728084349
11274,0.2427696886375977
11275,0.383286669284536
11276,0.31434245253987125
11277,0.35413982611688793
11278,0.2156779497565696
11279,0.25576035418966475
11280,0.22831723703732046
11281,0.2529104508271992
11282,0.4380140102564707
11286,0.2004063887150556
11287,0.31316955372397065
11284,0.27210583249964976
11283,0.2009433283057086
11285,0.23545726356983665
11288,0.22382509966953315
11289,0.37485086978660426
11290,0.34031057718568625
11291,0.5129963357427167
11292,0.21410379492261764
11293,0.22816539483666917
11294,0.3369228066898989
11297,0.33797690166108296
11295,0.28316220542461035
11296,0.2746543019138917
11298,0.2968948974281566
11299,0.29085295959392593
11300,0.22676481865239007
11301,0.3023776976257918
11307,0.26328867159636
11306,0.22653447672023605
11308,0.20937822647011362
11304,0.20299530282387115
11302,0.3677600202809988
11305,0.2922399708099438
11303,0.32374638741325895
11309,0.2878589867638306
11310,0.18316849969282586
11311,0.2015211079763964
11312,0.1832056857246108
11313,0.28494509927211714
11314,0.18734978607397954
11315,0.29036791123032435
11316,0.22753102234383124
11317,0.31868241661551505
11318,0.2779517909226086
11319,0.35915478159579267
11320,0.21694362364491437
11321,0.30391925512705514
11324,0.2872874765329884
11322,0.2032188732002147
11323,0.29201675585396175
11326,0.18048824656954654
11325,0.2281019819021164
11327,0.3296600431079248
11328,0.2298696071356193
11329,0.38769351558279114
11330,0.22281436458373374
11331,0.2978473663459655
11332,0.19946168784247273
11336,0.2710494058934059
11333,0.20938407554415328
11334,0.30422099331335845
11335,0.1733764258946723
11337,0.30701564040196494
11338,0.2177650217597131
11339,0.20817377734662076
11340,0.2173913889934401
11341,0.2847977423866817
11342,0.233870796103011
11343,0.36402537898070836
11344,0.16349222854037396
11350,0.23144568172325397
11349,0.18167571283619996
11345,0.33569634423799183
11347,0.3459372739612816
11346,0.34851857929131597
11348,0.2962176167787803
11351,0.30284613355610074
11352,0.364186576635781
11353,0.19866526491735895
11355,0.20476533864247623
11356,0.20215535118342554
11354,0.298873776915708
11357,0.2786598089027503
11358,0.22104514025116653
11359,0.2838283703272056
11360,0.3014645195364333
11362,0.28956900614571907
11361,0.30421045916708017
11363,0.1637319131666746
11364,0.20972993807914855
11365,0.24334449715174214
11366,0.2910369168681773
11367,0.19000794840735294
11368,0.37779914634636097
11369,0.26015097969640555
11370,0.3344076957066093
11371,0.24804259418364208
11372,0.22501820653215096
11373,0.32942333014292835
11375,0.2719783668221827
11376,0.26172300257463527
11377,0.3377546409770979
11378,0.23406335627438524
11379,0.14823984389276212
11374,0.2065291147236122
11383,0.3101333719006806
11380,0.22803179404723908
11381,0.20144214979910613
11382,0.208883790234582
11385,0.1746475784008273
11384,0.1701822943944766
11386,0.25958147596374076
11387,0.32465000283819284
11388,0.32525616812424757
11389,0.33128232643131345
11390,0.19806470804335718
11391,0.15421741036002032
11392,0.27711798891397715
11393,0.22480916241663787
11394,0.20532500019849867
11395,0.2905761909493019
11396,0.19696218825222245
11397,0.3360495587210799
11398,0.1884362129886142
11399,0.1751680447452867
11402,0.1998125012675728
11400,0.3195979890373857
11401,0.18084305997059488
11403,0.37892069440975246
11404,0.324401582791693
11405,0.19122597328244537
11406,0.3526345279356062
11407,0.2181917865531642
11408,0.3677600202809988
11409,0.17127882205255104
11410,0.2168889675088189
11411,0.21887561064308905
11412,0.20416522523001648
11413,0.3959726978224542
11414,0.2512319902036358
11415,0.2334423865234947
11416,0.1829933828430543
11417,0.24320065784448
11421,0.22090117573859805
11419,0.2389375451574767
11418,0.29104486329900653
11420,0.18312745829782018
11430,0.18636830592709963
11429,0.2012745384779204
11428,0.1783600388051385
11427,0.2161282796275016
11431,0.22689859785663533
11425,0.3426628286705992
11424,0.2546915857321473
11423,0.27833217133083143
11422,0.17638693343249234
11426,0.36296984271263777
11432,0.17469545016024915
11433,0.2783838395982373
11434,0.34007873068238065
11435,0.2871427388993274
11436,0.2368476245112631
11437,0.19632183381303045
11443,0.3487910548381605
11444,0.39545096447125766
11442,0.2751806590797143
11438,0.21778198628143408
11440,0.2997833312088202
11439,0.19789884627847787
11441,0.5921325586767817
11445,0.2816538245437881
11446,0.32430313281911205
11447,0.3111240982003889
11448,0.19740429066888912
11449,0.3073072825676543
11450,0.21694065005324126
11451,0.3459809820754469
11452,0.2188844576861481
11453,0.22692341645841388
11456,0.3168691550840536
11454,0.3460512875069945
11455,0.28762291637843324
11460,0.2872684039235339
11457,0.17440376694626344
11458,0.33847985199322767
11459,0.18033097069742862
11462,0.1930131778564926
11461,0.1956012644533551
11463,0.1758982716682204
11464,0.31144823538710636
11465,0.3008182344617411
11466,0.20537620758546268
11467,0.3715865009740735
11468,0.16545878955350676
11469,0.24336231451621246
11470,0.28789742288885156
11471,0.2659647935275979
11472,0.2684855927469097
11473,0.3021817406815243
11477,0.31907864425173227
11478,0.34627657540168105
11475,0.2286370722781957
11476,0.1806128519425547
11474,0.31179243171451626
11481,0.1752293278392223
11479,0.2177473470472505
11480,0.3050036363942904
11482,0.3673481533088865
11483,0.1621142122534113
11484,0.38393843427287894
11486,0.39464399995997196
11487,0.35484918866126575
11485,0.33549972464599187
11488,0.29003048484207317
11489,0.31028311334806447
11490,0.29158786266656084
11493,0.34190869319102796
11491,0.3270635216031485
11492,0.227128126419866
11495,0.18465286740757958
11494,0.19077735462588505
11501,0.24068632919852476
11500,0.2345538576831778
11496,0.2988004230547113
11498,0.3513931426812695
11497,0.2462409084990644
11499,0.2881631974627007
11502,0.20398716260483352
11503,0.205402661516129
11504,0.32479642015489896
11505,0.3174700471950376
11506,0.23696918341298764
11507,0.21065073219912467
11508,0.3604741871717269
11509,0.1826033270302694
11510,0.19341090117847892
11513,0.3385583795549121
11511,0.22840993718407396
11512,0.2933980279928598
11515,0.18375206473320807
11514,0.1818958350751563
11516,0.17036673262864052
11517,0.21312196938253866
11518,0.17365358864318103
11519,0.21340136669411633
11520,0.20046341285857053
11521,0.31502531974742776
11522,0.26363140965214416
11523,0.1677833364450451
11524,0.30256804901326045
11525,0.2891802342865512
11526,0.3381060117570614
11527,0.1733660579173492
11528,0.36115244981558003
11531,0.3073273534640489
11530,0.1689375024318264
11529,0.21086979691041396
11532,0.26138999637120597
11534,0.28577427005082556
11537,0.2987233677163029
11533,0.1954921963037387
11535,0.23476708129954418
11536,0.353366246797478
11538,0.3716649787313244
11539,0.2781718428151296
11540,0.2931387343083233
11541,0.20196916427798853
11542,0.3031971156207456
11543,0.31535267137821993
11544,0.20961219592709548
11545,0.2785494123617967
11546,0.1621650031814363
11547,0.18253705780169208
11548,0.3499599498263779
11549,0.19252596923666754
11552,0.1891246368029287
11551,0.3372071538438317
11550,0.18115362225242904
11553,0.1467374450909031
11554,0.16378159577193824
11555,0.18776476794800687
11556,0.21563376144109483
11557,0.25295525313652517
11558,0.17741676871216813
11560,0.36212158371779135
11559,0.24133255835839398
11561,0.17631590350599702
11562,0.3152819479845512
11563,0.22994476123506258
11564,0.33262881869329464
11565,0.3297385597158284
11567,0.3255830552601116
11566,0.37390675892048364
11573,0.27873368156085604
11572,0.2494719316883706
11568,0.336693469067918
11570,0.303054885856777
11569,0.18288537210777508
11571,0.1719325062338405
11574,0.16387562085935675
11575,0.22412676370103238
11576,0.29932062438555973
11577,0.18776387015645343
11578,0.30853083355133915
11579,0.3629089218728719
11580,0.3005932510941181
11581,0.1503467001688107
11589,0.18044469296411147
11588,0.4041043729283696
11587,0.2787523095871008
11586,0.43259752158758097
11583,0.30022374334514496
11582,0.17083629473675466
11585,0.19944434991809312
11584,0.2727080674176764
11590,0.2836358540573478
11591,0.3224749630505815
11592,0.4449322455330229
11593,0.20910484922872538
11594,0.2512867886618491
11595,0.173732053492751
11596,0.27786878620338373
11597,0.2900526630285803
11598,0.3647555245220624
11599,0.1812437493185207
11603,0.27767131894429287
11602,0.28371303324345865
11600,0.17918680912944132
11601,0.34990110176996875
11604,0.29953536643975925
11605,0.3298423793641816
11606,0.20626598275686459
11607,0.24135878943236858
11608,0.3213413586424945
11609,0.18025422957916418
11610,0.1850346740686223
11611,0.23460337344190108
11612,0.2192534531400443
11613,0.18011939526861584
11614,0.24618292438311817
11615,0.3111910630545595
11616,0.30595659218865773
11619,0.16603606634645168
11620,0.3294574812712206
11617,0.21699199905701985
11618,0.3599892279342895
11621,0.19288488666544268
11622,0.38724375626371127
11623,0.2904540935159445
11624,0.1863084657731583
11625,0.2784236082274106
11626,0.32230585972320663
11630,0.27582613744675627
11628,0.19762035936369382
11627,0.3432024300559435
11629,0.33671832405202046
11631,0.3649345291450139
11632,0.18071249798166064
11633,0.31189028070834524
11634,0.2382136369941468
11635,0.26278928219706277
11639,0.22523214418340864
11640,0.29805816739501984
11637,0.3261299302022745
11638,0.26672790697831433
11636,0.22051126120113293
11641,0.33212937376049073
11642,0.27743325831753646
11643,0.3040271760227447
11647,0.2947908960053398
11648,0.2983970138717614
11645,0.30193436928631806
11644,0.352719974319671
11646,0.1894349813816926
11650,0.19684660991166716
11651,0.365785798103982
11649,0.19281627195998763
11652,0.18778641287392864
11653,0.19455281208348219
11654,0.1861399922647414
11655,0.3336855349458287
11657,0.17169631188034462
11656,0.1728710514836773
11658,0.18776476794800687
11660,0.20795080022205167
11659,0.17763327897342676
11661,0.16419139198150853
11662,0.17210385064530828
11663,0.31371304712864184
11664,0.4074565865633027
11665,0.30770019286209693
11666,0.23325174620940925
11667,0.2059181587592629
11668,0.19253720812494987
11669,0.20123039310852606
11670,0.20285167974841825
11671,0.19590920777001383
11672,0.3101333719006806
11673,0.42172915097973607
11674,0.1639128150855281
11679,0.35235616272073567
11678,0.1619355482350426
11675,0.21500303575340396
11676,0.2978415608401907
11677,0.4127534239393627
11681,0.28756285614858806
11680,0.3173665633481451
11682,0.3728510373770438
11683,0.30520715948363203
11684,0.2945270534182776
11685,0.30630468683911033
11686,0.2551627533294665
11687,0.3399544805928166
11688,0.21647016400338928
11689,0.27708369227710183
11690,0.18689323756396245
11691,0.28987306573805
11692,0.2544082648731539
11694,0.2519224831927793
11693,0.32788237717656515
11696,0.37972600526424943
11695,0.38234440414243026
11697,0.18420252615338475
11698,0.16901820385788666
11704,0.18949223375131374
11703,0.326709572274212
11705,0.18253268210052817
11701,0.2632726083347685
11700,0.31543375227800713
11699,0.24333744308137106
11702,0.22769642815288849
11706,0.18967788353401904
11707,0.3179519402535183
11708,0.3362452720509647
11709,0.35047127926982596
11710,0.1958084965630167
11711,0.18865015155526646
11712,0.19974679923042507
11715,0.34965833153264453
11713,0.19900428675352855
11714,0.3057386222407217
11716,0.3194069173443061
11717,0.32710552042834845
11718,0.18906133165755154
11719,0.2201734693476698
11720,0.3330730775077784
11721,0.3613597187928262
11722,0.1630473964976292
11723,0.17369479090584447
11724,0.2687833108785058
11725,0.23150332650122882
11726,0.17187443661505353
11727,0.1827338766691974
11728,0.20232059593157178
11731,0.17148046896412925
11729,0.3365884857920203
11730,0.20106294256388837
11732,0.3270635216031485
11733,0.30649421390255577
11734,0.30052375213928867
11735,0.35203670344722243
11736,0.30301437781399504
11737,0.22709179163616697
11742,0.2090152443518821
11741,0.29355016395900047
11739,0.46796276073824267
11738,0.29297025419061057
11740,0.33973893645602615
11743,0.1947355149947434
11744,0.2836053592445397
11745,0.33184561150811404
11749,0.3346692539512562
11750,0.19553441358294435
11747,0.30049898474404024
11748,0.3058219739513482
11746,0.20702020506864036
11753,0.3015889457366581
11751,0.2964220368388244
11752,0.23162542685639728
11754,0.31715026836289156
11755,0.30571737746063393
11756,0.3166197742339847
11757,0.34599091662832837
11758,0.31670175053254607
11759,0.23413274862928032
11760,0.2905719230282293
11761,0.3150301032062655
11762,0.2021990515859264
11763,0.18117415723379007
11764,0.24666463921566306
11765,0.28336601870018047
11766,0.20018262879591905
11767,0.2756237683575313
11768,0.2345921339933343
11769,0.2972618992114234
11770,0.20065473484503213
11771,0.17340461832706852
11772,0.18017672594663445
11775,0.2918386532066742
11773,0.2753609606768641
11774,0.23031070397245804
11776,0.19929218312574526
11777,0.1855728510278936
11778,0.33494812719449857
11779,0.18794167006991488
11780,0.18838902376714117
11781,0.20703500979921133
11782,0.30291434341035556
11783,0.19542648475139512
11784,0.33188510369381236
11785,0.18102818736728063
11786,0.42706758079123586
11787,0.356151169186073
11788,0.3196312357389712
11789,0.3091936323426094
11790,0.2636737667818994
11792,0.17361185967751588
11794,0.2881180475510629
11791,0.3152496101764703
11793,0.28814284280587604
11795,0.17509221915384146
11796,0.2946336887990686
11797,0.297619683311812
11798,0.3841134692523683
11799,0.31867981233973064
11800,0.28760988047760455
11801,0.20177510922953656
11802,0.2787424105500769
11803,0.2909817491755979
11804,0.2595847745829404
11805,0.2648282467731082
11806,0.28786433636518055
11807,0.3012864521335177
11808,0.28570794987339915
11809,0.2224122316348822
11811,0.25123161097485663
11812,0.1767393244760318
11810,0.17216723592874136
11813,0.20610087254723308
11814,0.2030045379233977
11815,0.42147500616249167
11816,0.20728792674118668
11817,0.14021650225102683
11818,0.17401830521977016
11819,0.30693724118166626
11820,0.33091058744216634
11821,0.27840190935841447
11822,0.2513720761949361
11823,0.3168618146405145
11827,0.2096813800041838
11826,0.2746920594119278
11824,0.27868132601187895
11825,0.29635820703530696
11829,0.33836858248882656
11832,0.3707107532679849
11828,0.291873808640529
11830,0.28826025392765603
11831,0.32213645238976213
11833,0.18299120457666318
11834,0.397500576247565
11835,0.32610962410786576
11836,0.36277382437143507
11837,0.33573258584968174
11838,0.33087225276375287
11839,0.33422306961062737
11840,0.3266248198382262
11841,0.2917356308980416
11842,0.3382463920856464
11846,0.19307753076130688
11845,0.23358266809474007
11844,0.3482615912832314
11843,0.18346391150963345
11849,0.22638719880686942
11847,0.2619267802132024
11848,0.17568322176182552
11850,0.31783276226010143
11851,0.17816384360609863
11852,0.32640201447285516
11853,0.23225152578077587
11854,0.27487240624518333
11855,0.2988274580507324
11856,0.28230053834586827
11857,0.3297689936865394
11858,0.3015402545367369
11859,0.21676099794870687
11861,0.33784760519585894
11860,0.32693105974705056
11863,0.2106721313666519
11862,0.30032512625008984
11864,0.26736387011213636
11865,0.33736470273501035
11866,0.3576101752459777
11867,0.19637015239378483
11868,0.1914521587786424
11869,0.19484147027272467
11870,0.32357794208793184
11871,0.3481231105437073
11872,0.22366545513157968
11873,0.2887713310565043
11874,0.339031740901606
11875,0.1886627168015742
11876,0.27412748802617315
11877,0.2883813826529868
11878,0.29064890209257527
11879,0.5001481301564571
11882,0.341179117026317
11881,0.23507743765563593
11880,0.2785487283575293
11883,0.36740442719406885
11884,0.2761696172105907
11885,0.3019431804132956
11886,0.20236855906468462
11887,0.314229237649553
11888,0.326631146638653
11889,0.3032954825228698
11890,0.3082089930712483
11891,0.27615231343938773
11892,0.3175815736140804
11893,0.375805329946618
11894,0.21064579675251202
11895,0.22475941196958796
11896,0.21470258772622983
11898,0.3125073632042545
11897,0.20430919019618762
11899,0.20332019460723272
11900,0.27879439534521444
11903,0.24669711978179784
11901,0.17173857857622332
11902,0.2639744436775416
11904,0.1759502976214755
11906,0.22717649852296415
11905,0.3481591028942783
11907,0.25855584659297415
11908,0.3370133700245655
11909,0.21222790220138632
11910,0.2825751188711168
11911,0.20599750337717596
11912,0.30904937715807074
11913,0.3110186523769662
11914,0.2465590924862996
11915,0.21455224983376342
11919,0.2983296590657002
11916,0.1828046787668235
11917,0.3118247663500553
11918,0.3588241180568716
11920,0.3500869303652691
11921,0.2013930528327902
11922,0.22517728804200035
11923,0.18258818701438018
11924,0.32672768487889897
11925,0.36786422453597695
11926,0.17549086691965585
11927,0.2919364911494896
11928,0.22860553988024482
11929,0.38057325306351286
11930,0.32666079620259963
11932,0.3259295703401835
11931,0.3300673041102211
11934,0.1801492511807549
11933,0.2810216684120707
11935,0.2686841119592465
11937,0.2635343876449041
11936,0.3386480808030627
11938,0.322797606725635
11939,0.1845935500456921
11940,0.16415756927263173
11941,0.2785246478876619
11942,0.2770474596258622
11943,0.2008016602076824
11944,0.25971117569429
11945,0.34052869362984434
11946,0.31723764924102676
11947,0.3714101726767615
11948,0.310958375972203
11949,0.3484126419885265
11952,0.33198076622747297
11950,0.3708679327224241
11951,0.30287310639477133
11953,0.33842553734539577
11954,0.39543842059828843
11955,0.17390032989275983
11956,0.2904442810735011
11957,0.3433752568623965
11958,0.3247097577586702
11959,0.3272732437598511
11960,0.3380612211064767
11961,0.3325374870155799
11962,0.263331016997582
11963,0.3439328600743088
11964,0.19179856419950522
11965,0.32709421694552393
11966,0.21643363897143084
11967,0.20126894658351632
11968,0.18791449196987797
11969,0.31327830190270206
11971,0.29906544380909045
11970,0.27387186023171256
11972,0.1936899324655109
11974,0.37992657522206313
11976,0.20983131795089882
11973,0.29890163535686604
11975,0.2529769219504098
11977,0.183262909526688
11978,0.18335526915363906
11979,0.3006739732127132
11980,0.30087200047792606
11981,0.32545003266972355
11982,0.34488701766925467
11983,0.3232265171628476
11984,0.18152843550776954
11985,0.30887943713806004
11986,0.3244635557332586
11987,0.31578300063651643
11988,0.19248778566008154
11989,0.17239699456624993
11990,0.32431620372741454
11992,0.31779063658329426
11993,0.2053381194339233
11991,0.2996885830652818
11994,0.2870938633335703
11995,0.2974791862663994
11996,0.18929591944134902
11997,0.35766692604038247
11998,0.2815563900004754
11999,0.2977887908966481
12000,0.18956135201525284
12001,0.334421456317237
12002,0.2965507244345377
12003,0.27692173230166567
12004,0.30223705825974967
12005,0.2918763461588223
12007,0.26171876094946617
12006,0.33629781958516
12010,0.30794476063557186
12008,0.3326828785255216
12009,0.23060418271265046
12011,0.15075745203625662
12012,0.21772685119308402
12013,0.2970817664919201
12014,0.2881310148388135
12015,0.3358995611689784
12016,0.18876275220526217
12017,0.18057571966275335
12018,0.32649108211689765
12019,0.27885287048164215
12020,0.3071095337596764
12021,0.3659569221693462
12022,0.30166504118732645
12023,0.43026074892683924
12024,0.4166178777799412
12025,0.21545212885300527
12026,0.24739181236692206
12027,0.19016173280767776
12028,0.26170334432378245
12029,0.3282424252179363
12030,0.2875495932146816
12031,0.38459776550271346
12032,0.2958680437078545
12033,0.20986989187045205
12035,0.31379245457581767
12034,0.16017664912690743
12036,0.18814177485987807
12037,0.3719723319385853
12038,0.1853176623231858
12039,0.18760469496112586
12040,0.20885934393751956
12041,0.14848764865342004
12042,0.34884490966985915
12044,0.3222892451175054
12043,0.2891267755451253
12048,0.2353457982143651
12045,0.326503640069664
12046,0.39507033469308483
12047,0.3407865540645782
12050,0.3114525540026478
12049,0.20082079003717468
12052,0.20953022931266488
12051,0.17477563072513735
12054,0.19357873123110134
12053,0.3014645195364333
12055,0.34322788322476633
12056,0.3083603071661018
12057,0.2946164086530654
12058,0.30005777724532257
12059,0.3281987183743916
12060,0.3250170310058907
12061,0.3174586144163612
12062,0.23973012783274092
12063,0.263182061765629
12064,0.21729238031768142
12065,0.2268565556061514
12066,0.30595659218865773
12068,0.37651621928593365
12067,0.2774320279737495
12070,0.3369777040378588
12069,0.21616986336833977
12071,0.18919096803867583
12072,0.2503497761013986
12073,0.16679088207754697
12074,0.18528585487387628
12075,0.28649005790092236
12076,0.2620884039467953
12077,0.17220176044294708
12078,0.21594728610518088
12079,0.2819646683536458
12080,0.2301281127066769
12081,0.2937546428387161
12082,0.2240274986412187
12083,0.18549878819044183
12084,0.3341279980739784
12085,0.3348819425870337
12086,0.2221805036283744
12088,0.27766108305369247
12087,0.30730793498868986
12089,0.3136449425044298
12090,0.3388886821462655
12091,0.18303927728789926
12092,0.38664639680455526
12093,0.19896440685223984
12094,0.31845019567799554
12095,0.22617623587477598
12096,0.2657706484561576
12097,0.3462490726457948
12098,0.2824733802655272
12099,0.30894589749273615
12100,0.2811811340358913
12101,0.21762931013899567
12102,0.21488070444233487
12104,0.20524451366497046
12103,0.2885262685442956
12105,0.25324986175416603
12106,0.35064927053506817
12107,0.19631423139884988
12108,0.29984127945351774
12109,0.2986678192158194
12110,0.32457562077295105
12111,0.17419998410412832
12112,0.31534911939954363
12113,0.35860371099352695
12114,0.3650139477633811
12115,0.26189221051337674
12116,0.29415798507118357
12117,0.2556031051678337
12118,0.20823856504412386
12120,0.30110221860444647
12119,0.30076056693798137
12121,0.20138743007676427
12123,0.29477845352756155
12122,0.2639084323125399
12125,0.32120586675477786
12126,0.3162786941802061
12127,0.1871011894405693
12124,0.19020927626763232
12128,0.20496667184001438
12129,0.18985295789271842
12130,0.2992908272851446
12131,0.19805492725131205
12132,0.17501414593765605
12133,0.3782409644520639
12134,0.30012719672836335
12135,0.26052815510582267
12136,0.30914264650050954
12137,0.3269050170922505
12138,0.19504473274352876
12139,0.3003309882906139
12141,0.2996029895817663
12142,0.29806356613240914
12143,0.4372496765446155
12144,0.3265436889399089
12140,0.2053190708411623
12145,0.33519104971411595
12146,0.22551820270591802
12147,0.21583584813461978
12148,0.17398581772806646
12149,0.2751985767596705
12150,0.28706907677137367
12151,0.17488001450683957
12152,0.3391806938508704
12153,0.45298406507652916
12154,0.3953218678180486
12157,0.35094646272584473
12155,0.27691617257385603
12156,0.2330172236555197
12158,0.22844094321671013
12159,0.2659003858875177
12160,0.4460392486631883
12161,0.2872058452852477
12162,0.2529417981958682
12163,0.22522554357640193
12164,0.285806622465176
12165,0.17208703321138552
12166,0.34575990917755967
12167,0.2831163303124528
12168,0.32575479470185736
12169,0.3516110716340122
12170,0.19246489762284705
12171,0.3008662082957931
12172,0.2865505232076582
12173,0.32701347275326226
12174,0.1876140222761118
12176,0.323380847924454
12175,0.1653039457124139
12177,0.3368529220111706
12178,0.19503701967946344
12179,0.2854857018469572
12180,0.18251520183378275
12181,0.33100083671414776
12182,0.3361393635995693
12183,0.3148392629020637
12184,0.19574608157679607
12185,0.2784084340991844
12186,0.3528435291773017
12187,0.17408046546055853
12188,0.30337534962636625
12189,0.18306231503820714
12190,0.2989233288071353
12192,0.3286499975934693
12191,0.3172518489459883
12193,0.24259915719110123
12195,0.3501529489789166
12194,0.2892209918915294
12196,0.20691883946928202
12197,0.2884035923665065
12198,0.32519906753472066
12199,0.22988842433306775
12200,0.1721108948995671
12201,0.26694382801432054
12202,0.3041726769956726
12203,0.1967446603553591
12204,0.22231753833541212
12205,0.3112170069134899
12206,0.18629062898399298
12207,0.3042191123059292
12208,0.20205993815154222
12209,0.19541605191652758
12210,0.2870304715188713
12212,0.19591530945089317
12211,0.3788987044159225
12213,0.2959389270971851
12214,0.3299324711207943
12215,0.328645379781596
12216,0.2847212854306484
12217,0.36599462597978216
12218,0.3465154411559608
12219,0.2538368567753933
12220,0.38109035589272455
12221,0.31216769261468214
12222,0.27898943453437697
12223,0.29045384036731553
12224,0.3325275402410335
12225,0.31777707111253756
12226,0.30473790947242446
12227,0.18787165591619
12229,0.18982247425916776
12228,0.3000078570553058
12233,0.1881483643649612
12230,0.18864889933101095
12231,0.4127148231511168
12232,0.3996303847242803
12234,0.3066669778422058
12235,0.23479554935283398
12236,0.22505786851251589
12237,0.17585876318426494
12238,0.2783306569726392
12239,0.29517218318506616
12240,0.18651422447951269
12241,0.25725613959487176
12242,0.3015452295031932
12243,0.17309782731825063
12244,0.31859892609726864
12246,0.1872927598792228
12245,0.37079716563397674
12247,0.3294857957521391
12248,0.19455916186237068
12249,0.18662069267673187
12250,0.21353066257753284
12251,0.2127789176717834
12252,0.3042559884588894
12253,0.19995487592045316
12254,0.3017184179076966
12256,0.3285492909725614
12255,0.26606085982963606
12257,0.31811673310411587
12258,0.1937141934738276
12259,0.3674250355753686
12262,0.3200932336296843
12260,0.18721783518873858
12261,0.30030072218496384
12265,0.4877353708648145
12264,0.32282471075989894
12263,0.2053241600899375
12269,0.30044262320145065
12266,0.3505747724942541
12267,0.3010068779452754
12268,0.3096375630866915
12270,0.22347149547080136
12271,0.17058240332427066
12272,0.3039247496933935
12273,0.25523697650673677
12274,0.4247550616338307
12275,0.21000437103703848
12276,0.3281260897159848
12277,0.2229935675747355
12278,0.3251403405549285
12279,0.3486477553850172
12280,0.18757952114310786
12281,0.30720706087903993
12282,0.32737214594749825
12286,0.2537927950956918
12285,0.3115178233180302
12284,0.29158329006751166
12283,0.2114169657621777
12287,0.2306822766713614
12288,0.3054007372592182
12289,0.3470881442292984
12290,0.22953118863351915
12291,0.19382630017770283
12292,0.20763365420554378
12293,0.3093679818531084
12294,0.3072449602876426
12295,0.266999276263092
12296,0.3001991585867124
12297,0.2996632598743843
12298,0.29237137523861034
12300,0.19531545425716024
12299,0.35172265072320014
12301,0.37460014433063904
12302,0.3260407245996952
12303,0.27605756743118054
12304,0.21034736914145713
12305,0.3593118122649363
12306,0.38810952628821266
12307,0.30204703241993575
12308,0.30529645835097496
12309,0.3032069302858163
12310,0.37238488708874334
12312,0.20457298432592638
12313,0.2841429363152442
12311,0.26267370347781055
12314,0.30364709554648694
12315,0.3088446313641488
12319,0.3195894643770349
12316,0.30499999200726413
12317,0.3088887971368158
12318,0.3635666984648876
12320,0.3203746928686259
12321,0.19285573939736336
12322,0.22391909807201907
12323,0.38890255756413117
12324,0.19743291441103214
12325,0.18318909823764773
12326,0.18526528422428853
12327,0.15598837875665258
12328,0.18533979251613977
12329,0.3220685750247639
12330,0.4028557048295232
12331,0.2905255732543809
12332,0.2963876234206935
12333,0.18426101610517853
12334,0.2908760012669513
12335,0.43657214789976034
12336,0.1632680286957443
12337,0.17925488215151963
12338,0.2722017367018544
12339,0.3584581015618433
12340,0.25749357260193984
12341,0.17759634704459235
12342,0.33148485706793834
12343,0.3495866655604531
12345,0.3382604536875849
12344,0.39296827812776874
12347,0.26263344625275115
12348,0.29589830499961495
12346,0.21309749670310807
12349,0.3047956872407435
12350,0.34285207686648583
12351,0.3283247944888948
12352,0.1931532396942278
12353,0.18164241556445548
12354,0.19184896876591254
12355,0.24517275085175974
12356,0.21908614094307852
12357,0.23501841034003554
12358,0.3037119285058017
12359,0.27792946564130644
12361,0.2393893123800873
12360,0.29832339753675796
12362,0.30215500875906615
12363,0.20664371685313196
12364,0.1887022429816433
12365,0.3185374235204176
12366,0.202962558408014
12367,0.3016818985901493
12368,0.326683212224572
12369,0.30534965643072737
12370,0.27651642152993977
12371,0.2859955070939813
12372,0.20888593968072458
12373,0.2567324967709216
12374,0.32277855859805205
12378,0.2604992915860454
12377,0.21786176072351435
12376,0.33477769089294646
12375,0.36447375025189865
12379,0.21077788676646758
12380,0.3319512362108886
12381,0.32223726639766265
12382,0.31584905134620783
12383,0.2944969669761575
12384,0.354639087065087
12385,0.31236425130780227
12386,0.18713846904066722
12387,0.3030480195989073
12388,0.30138322539001056
12389,0.16843152542475381
12390,0.35366429806642974
12391,0.20559403196813988
12392,0.32670113028755005
12395,0.18789351449081756
12394,0.3318366383610988
12393,0.3000296935926921
12396,0.3057793681877026
12397,0.22247767032253737
12398,0.19603688943412792
12399,0.1880973318012462
12400,0.24148158734263572
12401,0.3010068779452754
12402,0.29927904239348263
12403,0.24609958117700528
12407,0.38977220843055044
12404,0.27080590395496257
12405,0.28758079004532916
12406,0.2020282922627806
12408,0.18917081100793576
12409,0.32588036797075376
12410,0.1503355651576613
12411,0.28819500475629356
12413,0.3254798845147807
12412,0.276220117000669
12418,0.27815484820168807
12417,0.14565737091872852
12414,0.20261206298279602
12415,0.3018233663850267
12416,0.29802966829089494
12420,0.3127811885466702
12419,0.3347129570181657
12421,0.3195894643770349
12422,0.34958607789017576
12423,0.26894284152173037
12424,0.2769035380952317
12425,0.1640969918192803
12426,0.34006491046494003
12427,0.20240570013162892
12428,0.18728791861916275
12429,0.3282010627275396
12432,0.3278461957303142
12433,0.2760535684112098
12430,0.2511509520816253
12431,0.27687822033312853
12434,0.30723605678616295
12435,0.290959338931218
12436,0.3959181050783514
12440,0.2818489611152944
12441,0.34461569366783507
12438,0.19065118607849776
12437,0.21122383508516618
12439,0.29003050609153574
12442,0.29441492530202823
12443,0.3338267679738469
12444,0.3173673279233247
12445,0.3041726769956726
12446,0.17803265427383186
12447,0.2066448999528613
12448,0.21202235457660315
12449,0.18870113886957385
12451,0.17592260805999557
12452,0.18408038759675607
12450,0.33902360943364723
12453,0.18575243470795474
12454,0.3412838693411538
12455,0.36076027061783994
12456,0.339920388135673
12457,0.2355897756584062
12458,0.3505767033789307
12459,0.25841197981261627
12463,0.3081781612931502
12460,0.2567913550700967
12461,0.17833658822284193
12462,0.19207489274860115
12464,0.3173045010765607
12465,0.2363198769329781
12466,0.20056893880824167
12467,0.23447517421925615
12470,0.3014216976790833
12468,0.2007023164706078
12469,0.3484527093514403
12471,0.20775884831141112
12472,0.3008948410893444
12473,0.18781108761229562
12474,0.3791026238525072
12475,0.2697649274703402
12476,0.39265288198699216
12477,0.2874191601138477
12478,0.31643831477306134
12479,0.2300217388606035
12480,0.4231262356342796
12481,0.3090603190289258
12482,0.30308935597714226
12483,0.26378606345399774
12487,0.2793585423534261
12486,0.20362621390306732
12484,0.30793871535273437
12485,0.3022644826455786
12489,0.20171904378424885
12488,0.3171768809308732
12490,0.31173928404142215
12491,0.28791871232923677
12492,0.3298727613792878
12493,0.19485041595801358
12494,0.26317149438407217
12495,0.22569392245349976
12496,0.3850507568422943
12497,0.3260375936989211
12498,0.3093476277607835
12499,0.2692951992295653
12500,0.20213367654995448
12501,0.3238098656511722
12502,0.32763700025465164
12503,0.31749021067548555
12504,0.27676249096847766
12507,0.29398126975063155
12506,0.16614086244319645
12505,0.32929770966812305
12508,0.3368024527896971
12509,0.2551900494621251
12510,0.2408571687592639
12511,0.36524357496724824
12512,0.21736025994583277
12513,0.21498543239169096
12514,0.39557142748216395
12515,0.34751307414167787
12516,0.3383686042480578
12517,0.20200816365437502
12518,0.4354940937415872
12519,0.1811266213015342
12520,0.2994931573050051
12523,0.3307244718799772
12521,0.2910776394809143
12522,0.29033871432655495
12525,0.22636104600795715
12526,0.18336481771334448
12527,0.19937453051850063
12524,0.328241430774399
12528,0.3175164156482562
12529,0.23500245398746697
12530,0.17550818412197175
12532,0.3770847756457363
12531,0.4131340424346573
12533,0.27768089601118884
12534,0.3789455418039955
12535,0.21479522436356843
12536,0.3096503082574857
12537,0.31707843845358435
12541,0.2944969669761575
12540,0.19398257351346115
12538,0.20510605099057042
12539,0.4741226120317859
12542,0.2835212238310196
12543,0.2615202523045187
12544,0.30438847649110673
12545,0.2493029228969351
12546,0.2174726785522104
12547,0.29933529540260223
12552,0.35039175803621453
12551,0.19192113000422276
12549,0.398047807410762
12548,0.17520009442800352
12550,0.32697136348191574
12553,0.3261919747232905
12554,0.1944917703234795
12555,0.2086530892792554
12558,0.3091010832071327
12559,0.22810993246237898
12556,0.3817610948979792
12557,0.29477255877056247
12560,0.4987756886347592
12561,0.20275947980916623
12562,0.2962493039341573
12563,0.20441684550884265
12564,0.1727345472221625
12565,0.3452887059545571
12566,0.3848041280360885
12567,0.2693145676942042
12568,0.17849088561283044
12569,0.1794985418155155
12570,0.2903660318068332
12571,0.37212122559929367
12572,0.1972478399738571
12575,0.23919887394035655
12574,0.3338769524219773
12573,0.302607529770155
12576,0.187350690333965
12577,0.20273136321370702
12578,0.23859408131896695
12579,0.2783570751619037
12580,0.3489459229750928
12581,0.2759686265714606
12583,0.37746919279544716
12582,0.3214665429188419
12584,0.3008683868521429
12585,0.3188951724951791
12586,0.2555833531094523
12587,0.3459406929236514
12588,0.39554996134547776
12589,0.36260018392387616
12594,0.17714179793254803
12593,0.31104452784868647
12595,0.3178522163161917
12591,0.21340894944691483
12590,0.3501632491645075
12592,0.3079097330034631
12596,0.1828070238653525
12597,0.23560247271630919
12598,0.3236652169760457
12599,0.2953380179445875
12600,0.2720936184010091
12601,0.27328714080583966
12602,0.43718629502501244
12603,0.1827733276819391
12604,0.1897163457485317
12606,0.21793293663224386
12607,0.31939668880002997
12608,0.35068850495094356
12605,0.22354259784451638
12609,0.3042320957830757
12610,0.202600991887676
12611,0.2453688165055243
12612,0.24010063281633096
12616,0.29932178598390435
12613,0.3177684314772183
12614,0.2718732279708089
12615,0.2830306911921561
12617,0.16526459314540115
12618,0.18047674502699754
12619,0.3603752138400793
12620,0.28920208206394976
12621,0.2880744785495806
12622,0.2481098736508531
12626,0.3720664223856061
12624,0.343422701465079
12623,0.3662328367562587
12625,0.22561262514403987
12627,0.2650343152609618
12628,0.3391489284524147
12629,0.19220256142491218
12630,0.29838461657643706
12634,0.18057185319832558
12633,0.24233312076520966
12631,0.28741007657602885
12632,0.22128017921484977
12636,0.21524664967672025
12635,0.28503247913075835
12637,0.19996402727208099
12638,0.32337250311959426
12639,0.18587900774480534
12640,0.18850789756286782
12641,0.29920607731847854
12642,0.2364271576622382
12643,0.23570992422381384
12644,0.3419010860276966
12647,0.18976080108082596
12648,0.1500062625714864
12645,0.4530674920803614
12646,0.3096182912114729
12649,0.35107455414777805
12650,0.20665059442187736
12651,0.31164740830776927
12652,0.2671768897574859
12653,0.22425390679134058
12654,0.18266482869864417
12655,0.23225152578077587
12656,0.2096478961400595
12657,0.30249958489412715
12658,0.20197412729783967
12659,0.18993436199941272
12665,0.2992362493048733
12666,0.21467231990014954
12664,0.18173596805784362
12667,0.18321742449196732
12662,0.15445008985102068
12660,0.258112369879764
12663,0.2295011320485393
12661,0.18035358014659486
12668,0.2880057019990821
12669,0.1864337579011397
12670,0.15607510934723945
12671,0.29617867870594927
12672,0.31718239720357255
12674,0.19981368594950102
12673,0.18777045248090643
12680,0.32412164051917297
12675,0.3335376092975451
12676,0.1766118044928163
12677,0.3273027636160937
12678,0.30982399111847186
12679,0.3063598593028387
12681,0.2810481363038002
12683,0.1825674012946208
12682,0.18149633098849546
12684,0.2756544141672856
12685,0.21487892909057638
12686,0.26716885979581567
12687,0.316855456427766
12688,0.20091933936928727
12689,0.2412711708636066
12690,0.27969193874600107
12691,0.27583357134572717
12695,0.2942909339571027
12692,0.35298938687347364
12693,0.1895287862645146
12694,0.29088248415802653
12696,0.3203036754636403
12697,0.189184900827824
12698,0.19318275130787285
12705,0.3410597919926793
12703,0.29028813396561076
12704,0.3575904468898494
12701,0.32450414485790574
12700,0.33950551342495733
12702,0.32609989918665416
12699,0.3503931821127675
12706,0.32574626976097654
12707,0.39507033469308483
12708,0.37521668724688156
12709,0.3032674288456421
12710,0.32610962410786576
12711,0.3489053140709883
12712,0.3505474146152201
12713,0.3096249472908256
12714,0.2354771946956632
12715,0.21202985761993884
12716,0.4067345484552525
12717,0.3046148097512518
12720,0.2675073502240407
12718,0.23441630141228575
12719,0.20140480211251463
12721,0.2774028528061914
12722,0.18660290054630843
12723,0.2152138605557773
12724,0.18514212190398513
12725,0.3353005398907531
12729,0.28663612047960507
12728,0.363895267287482
12726,0.31001631834073656
12727,0.3184412361988374
12730,0.17702533864570366
12731,0.2826388030557028
12732,0.33834320259878065
12733,0.4127963425833725
12734,0.18395523517313986
12735,0.26796344589402005
12736,0.21738919274480098
12739,0.3039160934302627
12737,0.2911160497211835
12738,0.29696812829914515
12740,0.22388460586407766
12741,0.3358206727590707
12742,0.2797187739277231
12743,0.24505683477294568
12744,0.27679252006382055
12745,0.17826541439349705
12746,0.2002332710759854
12747,0.20127091971336777
12748,0.20452544157690733
12749,0.3607860734550339
12750,0.30404720236073746
12751,0.3002349804865609
12752,0.29858790262044566
12753,0.20120828489669754
12754,0.40067777782540287
12755,0.21017329278453756
12756,0.1808910304992628
12759,0.3404709173464017
12757,0.20621854591644853
12758,0.34135017775629883
12760,0.30741454190129613
12761,0.2280548068135475
12762,0.24445003337119467
12763,0.18131053131425445
12764,0.24250990703975006
12765,0.2046259927211831
12766,0.27922062358395583
12767,0.3338251982184763
12768,0.3325574608704115
12769,0.32573291695910417
12770,0.30194277042798395
12777,0.2758370934169965
12779,0.3363253568143338
12778,0.20243298397467072
12776,0.32762706397487446
12780,0.2877479755290669
12774,0.570529844807978
12771,0.2969962466675686
12775,0.2866772445694238
12773,0.31194946257320655
12772,0.22784634624589065
12782,0.33308515976890946
12781,0.2567290970060379
12783,0.19935527762900893
12784,0.24685989553781304
12785,0.2958221351169121
12786,0.2487589478348149
12787,0.18534929381936435
12788,0.19599615669686246
12789,0.3610726500596826
12790,0.42244908956259986
12791,0.32391820561675555
12792,0.22363763660782113
12795,0.19205073415773943
12796,0.3143157280268956
12793,0.18291684628604898
12794,0.3105129377758289
12797,0.19596093744426893
12798,0.20871964919643074
12799,0.333733126723008
12800,0.36862136578445925
12801,0.20040310970494904
12808,0.27506789879600985
12807,0.2572932837894111
12806,0.19721685384637413
12804,0.25700478780998076
12803,0.4447367906899898
12802,0.28661744350123614
12805,0.20986050330123396
12809,0.19367821749932154
12810,0.397032515838257
12811,0.18737398069450706
12812,0.31414496085825255
12814,0.30674820286541177
12813,0.20531759945355899
12818,0.281027165168437
12815,0.2191530292037982
12816,0.30241954757320955
12817,0.27200740666575624
12819,0.19435987823524595
12820,0.3411565744578094
12821,0.28769683037374166
12822,0.21358306861989962
12823,0.40570223888915896
12824,0.20034112801484186
12829,0.18446882057691527
12828,0.21818273114355657
12826,0.17267859126855045
12825,0.18707520854808524
12827,0.17159394112422324
12830,0.20303273257020626
12831,0.3751293276013747
12837,0.2660095811431319
12836,0.15717377098639362
12833,0.19516303593429707
12834,0.18277202301741124
12835,0.2781240335344655
12832,0.2329193268024221
12838,0.22467786853838143
12839,0.22624337993976518
12840,0.3037016841768829
12841,0.20121354257927573
12842,0.2691804925139601
12843,0.3006405695011805
12844,0.2586575989402777
12845,0.2589229478851451
12846,0.2626428858949727
12847,0.36905068895621973
12852,0.16159628163862974
12851,0.30024371592097215
12849,0.23978523431824872
12850,0.20115212440615474
12848,0.2511357247430155
12853,0.30803716594536634
12854,0.3209318653660678
12855,0.20411864618991027
12856,0.38720100778195415
12857,0.1893160528240144
12858,0.29917772338206367
12859,0.2256736657299658
12860,0.27973743273438956
12861,0.2788436457368189
12862,0.18177693931063085
12863,0.2915579455746991
12864,0.17887507728522498
12865,0.22544049968914023
12866,0.2996512249615634
12869,0.2923170559559638
12867,0.5117948056838403
12868,0.31434870181009755
12870,0.26883992064312806
12871,0.2410809673471959
12872,0.3012424485598593
12873,0.3064887177770954
12874,0.3501529489789166
12878,0.3090957977209015
12879,0.3190608372804407
12876,0.15619260692349235
12875,0.19041461844854016
12877,0.30325822393094376
12880,0.334527738976822
12881,0.31076912484516617
12882,0.17238667364566498
12883,0.3085207397051481
12884,0.19237731998422214
12885,0.30010696564808126
12886,0.23662314127563597
12889,0.2027719738611762
12888,0.21183335294360858
12887,0.2936319341381122
12894,0.29082870449514475
12893,0.28839535534557115
12890,0.3417652762048415
12891,0.31418238962083245
12892,0.1497509298372611
12895,0.19366201973042027
12896,0.22534050422089325
12897,0.38212823784945643
12899,0.22924722894103988
12900,0.36128644905312113
12901,0.22991538718534402
12902,0.29825641417382726
12903,0.36864001727890655
12898,0.20890720059830895
12905,0.286646008756069
12904,0.21784324759967055
12908,0.3516631101608479
12906,0.21589878218742117
12907,0.22880604275500693
12909,0.29794679168655486
12910,0.2968367463123151
12911,0.37868787438570656
12912,0.18028421166331
12913,0.2864600704051179
12914,0.3329514393659379
12915,0.19104661084361965
12916,0.3129900864549306
12917,0.3179256948237477
12918,0.27039598353917493
12919,0.2180593034451769
12920,0.34214349765581953
12921,0.3204541370580362
12922,0.20085332319573382
12929,0.3398595577309098
12930,0.304828917437358
12928,0.215850835442473
12923,0.3262097679164662
12926,0.3580372885058794
12924,0.20689791756658538
12927,0.20207560932864557
12925,0.2996231498142518
12933,0.299895021771679
12931,0.2341632380863512
12932,0.315781220910574
12934,0.3293866243328345
12935,0.30130070004937615
12936,0.3032568047054344
12937,0.2629707824578239
12938,0.33326481545192616
12939,0.3000873089098401
12940,0.20137394329109895
12941,0.3279400528875756
12942,0.272344488944678
12943,0.25857974979296267
12944,0.2169149753725824
12945,0.2462409084990644
12946,0.352892057280642
12951,0.21076163910449472
12950,0.2851144304102676
12949,0.1850130976871777
12947,0.33952475675102606
12948,0.16322107814526204
12952,0.29220964794534315
12953,0.29951678159677997
12954,0.3160105249179616
12955,0.2910846561328383
12956,0.33747910974022116
12957,0.3090603190289258
12958,0.30103183301068065
12959,0.26982112406648967
12960,0.16505427199289532
12961,0.36461547979087566
12962,0.3009279402212272
12965,0.28823519906757106
12966,0.3216394857185081
12963,0.20114332513458702
12964,0.3335898255815166
12967,0.23410802198017686
12968,0.17569927735122173
12969,0.32291123029225627
12970,0.21375892862151444
12971,0.22076565885307173
12972,0.30249958489412715
12973,0.182062153885402
12974,0.3410886471040843
12975,0.27827105440454947
12976,0.1801273998153842
12977,0.17270915381116822
12978,0.23758756916723925
12979,0.21613762632077774
12980,0.3282060924880072
12983,0.4761732225525848
12981,0.22600230965232923
12982,0.18356016082846083
12984,0.29573695820003865
12985,0.309800410948328
12986,0.17987773509728341
12987,0.23991856301670667
12988,0.32704680264432573
12989,0.30673878375655345
12990,0.3066250144556621
12993,0.1942002744169112
12992,0.19413553797322303
12991,0.17505314438542605
12994,0.208680743792133
12995,0.1748144724004507
12996,0.30538320147051284
12997,0.34254457896221285
12998,0.19367921339957297
12999,0.3185921183100417
13002,0.1841209663465874
13001,0.30005173546499375
13000,0.27458055732182657
13003,0.20047492360308272
13005,0.16368411977636962
13009,0.1637639869825048
13008,0.20194800033927496
13004,0.33209200556785917
13006,0.29634211448135456
13007,0.2818568900397855
13010,0.30881335804708754
13011,0.22181215248052663
13012,0.3297078441335634
13013,0.30038944864407585
13014,0.28743557341343845
13015,0.19665280283063913
13016,0.2503869580951223
13017,0.3533631035941324
13018,0.35639240710461983
13019,0.3503788106505467
13022,0.41665492028682666
13021,0.39816346655845264
13020,0.2038948528115361
13023,0.48320937124850527
13024,0.27167019075617976
13025,0.44805095255253513
13026,0.2378355313492344
13027,0.19832060380008584
13028,0.35326128160110404
13029,0.34950650612488343
13030,0.3007296241038884
13031,0.26356015231371677
13032,0.33937660279968923
13033,0.3602591011438192
13034,0.4059765309506938
13035,0.2471258013794835
13039,0.22440485461824056
13037,0.17900965717331144
13036,0.2044494044265044
13038,0.2124315512563688
13040,0.2006825772972505
13041,0.3511693847050414
13042,0.29849606426184117
13043,0.3057631573344208
13044,0.20794711078276887
13045,0.3306680229927853
13046,0.3378262213045233
13047,0.3941718190488123
13048,0.34734125092371176
13049,0.2828841566117156
13050,0.38589535434809114
13051,0.3426655334499668
13052,0.3160519527284043
13053,0.22505279893539185
13055,0.36666085466481296
13054,0.21540182927519103
13056,0.21447362976771545
13057,0.2488660818951817
13058,0.356543613741859
13059,0.3268542612763381
13060,0.23172463451427217
13061,0.37403657542115015
13062,0.20551858164576817
13063,0.30998855768122086
13064,0.2955801469959319
13065,0.37779914634636097
13066,0.3567040077930809
13067,0.4045153726669291
13068,0.3510712347949314
13069,0.29679298643097773
13074,0.19937370985064784
13073,0.33412391982412265
13072,0.2341707846701869
13071,0.2993271820128722
13070,0.2838439325968065
13075,0.20743541338837046
13077,0.29544657361581356
13078,0.2070220042434643
13076,0.47272813584310036
13079,0.29711595178157285
13080,0.3615208150548493
13081,0.17343905255771241
13082,0.3177230674608183
13083,0.2571027158765534
13084,0.3366235316675595
13085,0.2904358644796086
13086,0.3302062558483631
13087,0.22483815222834722
13088,0.3506410868974297
13089,0.1990318108974142
13090,0.2459302752817503
13091,0.34103881757592697
13092,0.3265612118242848
13093,0.3743211900022281
13094,0.2294844466608783
13095,0.3045086891924449
13096,0.3031790470675528
13097,0.29539006157108455
13098,0.34851121951924496
13099,0.29051667797740194
13100,0.26659943151028265
13101,0.37383967047537053
13102,0.3278503712618276
13103,0.255455457557806
13104,0.33895475596699015
13105,0.23299023676614397
13106,0.2246942943261114
13110,0.3592023006396114
13109,0.18895970529066078
13108,0.230540695607207
13107,0.3258671547568205
13114,0.2790239235938948
13111,0.3482529649157395
13112,0.2392024566232366
13113,0.3326973618477392
13115,0.25798145715917875
13116,0.35117534355650015
13117,0.20285388764516776
13118,0.20816025276391373
13119,0.3080548510705263
13120,0.31391628455161197
13121,0.3377812770114357
13122,0.33620951135950167
13123,0.3202929012231732
13127,0.32705961264022215
13128,0.3132298699553969
13125,0.38071466292216805
13126,0.27333178170657596
13124,0.21886190856222498
13129,0.33775891074923475
13134,0.28396617412946257
13133,0.1901729817602494
13130,0.29914683466693964
13131,0.3040673361613579
13132,0.1535544181061608
13135,0.21609169871615339
13137,0.3710551493882393
13138,0.21187440261372648
13139,0.33492417709555844
13140,0.31939035244029274
13136,0.2024622361498795
13141,0.34072432554365584
13142,0.24705394980503556
13143,0.2523341756322364
13144,0.21388105765146062
13147,0.1903913983577802
13146,0.20820088525698935
13145,0.3760401190291153
13148,0.2267296333835315
13149,0.3045817788277319
13150,0.331448138085365
13151,0.22401806701089388
13152,0.32465550937218346
13153,0.3547623779133511
13154,0.23181441522041538
13155,0.3585410993342543
13158,0.3516533488604668
13157,0.27691802920169173
13156,0.17250854474630586
13159,0.24103771806330895
13160,0.39539938665197916
13161,0.30133614877693865
13162,0.25223258054132863
13163,0.21748783548603343
13171,0.3797821052361096
13170,0.2088234692823757
13169,0.27911731124795397
13166,0.3708498264131823
13167,0.3253446184361702
13165,0.2994793074205819
13164,0.4121449556095526
13168,0.270544583687171
13172,0.2956642284485506
13173,0.21743694205787467
13174,0.4639460168294576
13175,0.351308562936875
13176,0.18609947845359143
13177,0.2567288268046592
13178,0.3999837338689735
13179,0.2737728035083719
13180,0.31837921061055385
13181,0.2937159054873342
13182,0.5086246556476143
13185,0.2126636820237288
13183,0.21178009736209139
13184,0.2016975320507043
13186,0.3686484185775713
13187,0.20995984067389395
13189,0.17178281083471125
13188,0.3290885983938722
13190,0.3022693330810966
13191,0.18885829476636773
13192,0.32280565230071345
13194,0.2030425941072256
13193,0.2118207661764837
13195,0.34006264237805545
13196,0.2561835876642445
13197,0.2851917860206344
13198,0.270944685847593
13199,0.4146234097585251
13200,0.22714115113511268
13201,0.30323368632445596
13205,0.2553155069404183
13202,0.2233265637471329
13203,0.3407850437773141
13204,0.2671067816951339
13206,0.192995648928888
13207,0.2646998897753157
13208,0.2924243795753189
13209,0.43455917358957996
13210,0.1917577217827844
13211,0.20413346694788417
13212,0.337357094184424
13213,0.18925028810146802
13214,0.28558760959132445
13215,0.19379290443176636
13216,0.29191084361795583
13217,0.22535716987970442
13218,0.17235697183094986
13219,0.396697085903918
13221,0.28273712793111344
13220,0.27214256787484403
13223,0.27742523854371975
13222,0.3282261947390222
13224,0.2301492666584942
13225,0.2922927722105304
13226,0.35125892735682057
13227,0.32358463196669085
13228,0.3519542888550351
13229,0.22518590546564365
13230,0.20916900644990385
13231,0.18391172508230533
13232,0.33774085252961045
13233,0.3652761961647182
13234,0.3127058036716603
13235,0.35240414709976386
13236,0.22393454119535572
13237,0.19012365303744136
13238,0.3543547690291533
13239,0.18079304109178304
13240,0.37275524004530675
13241,0.35601642122708066
13243,0.5661907625829944
13242,0.2992425122397239
13244,0.40174041023386337
13245,0.3193953567248648
13246,0.23794982864352554
13247,0.35401529694561185
13248,0.21934519967883248
13249,0.1824654928046757
13250,0.2827179765333903
13251,0.29095433992825886
13252,0.34004557187320567
13253,0.22949542528629566
13254,0.2554208270656057
13255,0.25544635256824194
13256,0.18896817784436007
13260,0.22357685490573723
13258,0.205303339770214
13257,0.17321728615881896
13259,0.2091067395736519
13261,0.25254583336946834
13262,0.21385748443059602
13263,0.2761371037505637
13264,0.2390000144105989
13265,0.28858180372452463
13266,0.2192951453147469
13267,0.27916426363111607
13268,0.38301957321487895
13269,0.25784462749089726
13270,0.27222608012131266
13271,0.26804716613656415
13276,0.21909413418281076
13275,0.20924083932420157
13273,0.3275715920081836
13272,0.4309466731404416
13274,0.37117970745283063
13277,0.3238063221553125
13278,0.3521093149693401
13279,0.33097543998656276
13280,0.181319701213036
13284,0.24658565505747296
13283,0.2036455737653644
13281,0.3561599776647439
13282,0.33098346537517526
13285,0.23528351278230294
13286,0.3288173279093107
13287,0.33945350004246394
13288,0.31344395159341226
13289,0.3124318469988631
13290,0.17356351866580566
13293,0.30240564812056564
13292,0.34391446770323136
13291,0.4708206657237599
13294,0.32628593430602076
13296,0.31463110507492714
13295,0.3960720827583047
13297,0.3483559155612115
13298,0.326564985386737
13299,0.3161217428809867
13300,0.33116641628279725
13301,0.3281429365189923
13302,0.3101237571154956
13303,0.2231607356987844
13304,0.34958022060734656
13305,0.35043541168349396
13306,0.3303139608655796
13307,0.3183410546871913
13308,0.28760876778967387
13309,0.32925197890516006
13312,0.3314643041668707
13310,0.38921603888980033
13311,0.2598359322993112
13314,0.26838481538612086
13313,0.34811044457878354
13315,0.45230493593456456
13316,0.3618842914544063
13317,0.3052149716164681
13318,0.42486180292995
13319,0.3443074867278118
13321,0.3123041186007401
13322,0.32751884326833935
13320,0.440556734317439
13323,0.5433352680744986
13324,0.16519857995043355
13325,0.3471912708230678
13326,0.2626703400543933
13327,0.37668569743859437
13330,0.252298955286813
13329,0.19613421358344305
13328,0.21609123378964878
13333,0.25929661138375204
13331,0.40466177544096826
13332,0.24300440550060964
13334,0.2839328852792511
13335,0.3511373689009826
13336,0.35645829484945946
13337,0.20732563874084917
13338,0.299832591304324
13339,0.2105652414409335
13340,0.2197759151694736
13341,0.34428030814567284
13342,0.3250566274571253
13343,0.2237288112586225
13344,0.33154000104747416
13345,0.20481557062562272
13346,0.35255516752783406
13347,0.3399967525104089
13348,0.20357216175942194
13349,0.3511485245237782
13350,0.3002116528671283
13351,0.3376888496283377
13352,0.24610945264784823
13353,0.3372771849515443
13354,0.21365078886982136
13355,0.21432386064171885
13356,0.38355546284670616
13357,0.24068632919852476
13358,0.33433381171100685
13359,0.2212942841031139
13360,0.21377104237836644
13361,0.23071318058693435
13362,0.263940701952803
13363,0.2217915281763793
13364,0.334882823873693
13365,0.17415096426063081
13366,0.34018842176863257
13369,0.21234954999443137
13367,0.20941694261208796
13368,0.41592991803944973
13370,0.2209266805141131
13371,0.22622289426627248
13372,0.34033048203998145
13373,0.3447944418517091
13374,0.23242284068663308
13375,0.23905469505431812
13376,0.29780052125775086
13377,0.21289523378840966
13378,0.2573587248463716
13379,0.35915478159579267
13380,0.20264593964424385
13381,0.323436477274542
13384,0.3872512293612013
13382,0.2840235330202105
13383,0.548829790065758
13385,0.332490244492377
13386,0.25166607461912777
13387,0.3524345250872427
13388,0.30124346032292987
13389,0.36235330847962444
13390,0.3093826925329377
13391,0.21257171232131944
13392,0.34493709409970946
13393,0.23520160103818957
13394,0.2902856347685921
13395,0.21915815969300875
13396,0.19348546147570914
13397,0.37345451784014
13398,0.32772953073873373
13400,0.2743927970377768
13399,0.20177865477513637
13401,0.27412817677063167
13402,0.3771123851983671
13403,0.26021325991991445
13404,0.5449489175181016
13405,0.3696298900499959
13406,0.3507735572028107
13407,0.2173869401517857
13408,0.37874265937248225
13412,0.35844551124644686
13409,0.2747132976196067
13410,0.350817332707043
13411,0.34392460455953805
13413,0.3207126921558156
13414,0.2361981278142763
13415,0.29538641692823897
13419,0.2797005881914698
13417,0.30501967543954855
13416,0.2118549357353686
13418,0.3170991836968775
13420,0.32663741213551206
13421,0.27624807608585406
13422,0.340345003969497
13423,0.2601023628119916
13424,0.18132344676705706
13425,0.37310310836556604
13426,0.33281329971089524
13427,0.3389809189046787
13428,0.31891651244077485
13429,0.378421003075542
13430,0.37050464689278
13437,0.3519748047120979
13439,0.212399359496941
13436,0.19853518955380214
13438,0.31103774756947195
13434,0.2421436996299187
13431,0.2181757262892411
13435,0.3050870128093514
13432,0.21330596273800106
13433,0.222822184128749
13441,0.2230365033329227
13440,0.2043885284202068
13442,0.28668737172566955
13443,0.26480788105588354
13444,0.371579269075722
13445,0.3122759604359278
13446,0.34083721969961484
13448,0.29960766421489415
13449,0.2217805560641819
13450,0.23483529998717798
13447,0.28604509735219
13451,0.3047053489212676
13452,0.22657920900913833
13453,0.32760649097966876
13457,0.3440980117564963
13456,0.4012118952415243
13454,0.32828077133892064
13455,0.2299475182338175
13458,0.3626114632521851
13459,0.32113754410416734
13460,0.2509999600338892
13461,0.34098364050972013
13462,0.3174320140091084
13465,0.2711963298407463
13463,0.29335759151315877
13464,0.20298428163899151
13466,0.23672546642201933
13467,0.3132477521191949
13468,0.31338934391535905
13469,0.2382136369941468
13470,0.3061761032692469
13471,0.38310837379403523
13472,0.3781685646379658
13473,0.3233246665647375
13475,0.21382169239331653
13476,0.3176789081090445
13474,0.35911780568030355
13477,0.4579235888951234
13478,0.27763333279859553
13479,0.39781132317694534
13483,0.3394107439823321
13484,0.38370084949503075
13481,0.37066282514388943
13480,0.18837997890981048
13482,0.1863093652721356
13485,0.22251122327663053
13486,0.1949252912156583
13487,0.25333590851000826
13488,0.35205672913827496
13489,0.2151815234020791
13490,0.2534723151709129
13491,0.2950523761727056
13495,0.3208624816348835
13492,0.33702712227632464
13493,0.23931538254427007
13494,0.32731853280288375
13496,0.29484468035329553
13497,0.2431699392828431
13498,0.3415679821605238
13499,0.31173799394328267
13500,0.3587546363449181
13501,0.21245093025429704
13502,0.35611596516620136
13503,0.3101251415314586
13504,0.21046559660591924
13505,0.2401155501899607
13506,0.23875478043406093
13507,0.18690826555124262
13508,0.3595666697903202
13512,0.3980999466054429
13513,0.20293428236466782
13510,0.37094102441979326
13511,0.1898344970917699
13509,0.1963911992107983
13514,0.33591157581407977
13515,0.27058992606843807
13516,0.3534513710713445
13517,0.3547660651494166
13518,0.18926704653136883
13519,0.25537713588572547
13520,0.31830367563922224
13521,0.23634099726772373
13522,0.17384012689802178
13523,0.40777442441123873
13524,0.3766825108057157
13525,0.276903320758851
13526,0.33295322215771916
13527,0.19050069449194443
13530,0.213696318130867
13529,0.29583481141914786
13528,0.2774306939722403
13531,0.23978094336780353
13532,0.32164119981084827
13533,0.30558303239738455
13534,0.30147698589849486
13535,0.35380820500630145
13536,0.39641006909650933
13537,0.2753956272756081
13539,0.31152894033222617
13538,0.3165043574594383
13540,0.2262047070236044
13541,0.435336627558222
13542,0.30124346032292987
13547,0.20745279492041568
13546,0.21655542512563278
13544,0.2025706285832661
13545,0.21591807634943302
13543,0.3142748553906743
13548,0.3246985534335821
13549,0.28559424962877483
13550,0.21389255635759932
13551,0.3219566438096512
13552,0.318288378730692
13553,0.21497167117417748
13554,0.4388524247675405
13555,0.3797942569838911
13556,0.216540745725858
13557,0.20137269052729387
13558,0.3098109439571916
13559,0.2228721644094629
13560,0.2628646555703464
13561,0.37427903735095186
13563,0.42507426054458514
13562,0.34278130409855057
13564,0.3253267913911005
13565,0.19942498463986566
13566,0.31150300571246126
13567,0.2785561964558981
13568,0.24615255297265248
13569,0.2996150491847556
13570,0.36735396749671945
13571,0.1911503006329536
13575,0.20233359323084046
13572,0.21471918109112798
13573,0.30323854325293176
13574,0.5297297216051343
13576,0.32912667911707577
13577,0.36926483570499374
13578,0.25342835279242043
13579,0.29212367420704155
13582,0.26765061788024846
13583,0.20926043196243174
13580,0.29397793983311
13581,0.24001304210237837
13584,0.2626147481884513
13585,0.3736157133231835
13586,0.26439996822350936
13587,0.20668847046329178
13588,0.2290114907719117
13589,0.38666906167300935
13590,0.3280327095314937
13591,0.2270301656371776
13592,0.30923777764494215
13593,0.20249344202924205
13594,0.2814411254162145
13595,0.34518903033469556
13596,0.22320715979551473
13600,0.2172924128271743
13601,0.323010131913775
13598,0.17295574791898416
13597,0.28503247913075835
13599,0.3515379655051801
13602,0.1915368474725818
13603,0.27759992115692766
13604,0.2330172236555197
13605,0.3319189133832856
13606,0.3365259033134904
13607,0.16018214034646563
13608,0.17437765074889922
13609,0.19889096851307184
13614,0.18584568764115375
13613,0.17922891692978818
13610,0.284410507544995
13611,0.30761688653174424
13612,0.3084297085009241
13615,0.23494200116823563
13616,0.18431989417231434
13617,0.30908659607652883
13618,0.21434527705467551
13621,0.2991577715590394
13619,0.2766592642778714
13620,0.23159154955623437
13622,0.21431986102024358
13623,0.183210105942777
13624,0.2818589386589375
13625,0.3264831812310173
13626,0.1903439581650974
13627,0.35224533382644285
13628,0.2025316516277239
13629,0.17646317422328703
13631,0.199656488808879
13630,0.16857036747053455
13632,0.2125834412255492
13633,0.19444540346021322
13634,0.3180783824489773
13635,0.19106256904639596
13636,0.20543912138235867
13637,0.3143143489198631
13638,0.3185758039163307
13639,0.2169787336678182
13640,0.2011296645268751
13641,0.18457947298318092
13642,0.3063580896844204
13643,0.14643676632475852
13644,0.19275512818536322
13645,0.3285918250136313
13647,0.3695505617173563
13646,0.23701670617898726
13648,0.18271742385641457
13649,0.3619081686921493
13650,0.2950470850884477
13651,0.18867028863126778
13652,0.312984449493669
13653,0.39222394689319334
13656,0.2752667794257796
13657,0.3033324926492456
13654,0.4089043917557728
13655,0.3500668317980775
13659,0.34322788322476633
13661,0.20327000059521758
13658,0.33387068081599064
13660,0.30038368029723417
13662,0.28942926154133863
13663,0.18632520702016134
13664,0.2262031121483927
13665,0.1990574464806135
13666,0.2023194984152127
13667,0.17526555589815593
13668,0.3245918016050556
13669,0.28057402450728924
13670,0.17842924108732147
13671,0.35282528342452313
13672,0.3177413255601417
13673,0.1907527179753377
13674,0.2201793741217335
13679,0.18758121270353237
13678,0.17980571364840783
13676,0.3787375370016741
13675,0.3279400528875756
13677,0.2612226299103447
13680,0.20773949033151565
13681,0.32685655137949127
13682,0.23111191655889687
13683,0.26686850312886035
13684,0.3574712637209987
13685,0.2011790862351863
13688,0.19138660585863065
13686,0.3139978827610569
13687,0.20366773597288468
13689,0.29175684807669366
13690,0.32673045560054853
13691,0.24230367551869827
13692,0.19450935945847048
13695,0.2487679132388704
13694,0.3337955577628538
13693,0.30407018041761197
13696,0.22160657641100848
13697,0.17240205452946178
13698,0.28008447816094667
13699,0.30708018356975925
13700,0.3582726178516616
13701,0.3135347780677868
13702,0.1921122352553959
13706,0.20202397353605286
13707,0.2195588306167829
13704,0.33048153391111473
13703,0.20057867822643374
13705,0.17207946672285465
13708,0.1894275744316973
13709,0.22136052410950854
13710,0.3138711090873377
13711,0.33994615079965845
13712,0.22806947049678813
13718,0.24631253943516232
13719,0.2014314995536796
13717,0.2341159095559203
13714,0.15738868739801595
13715,0.20321483975193835
13716,0.41424971924604576
13713,0.15759452579308014
13720,0.33753179553308704
13721,0.37599580882994027
13722,0.20942327810389802
13723,0.2743892115767543
13724,0.16606338730378345
13725,0.1994816439064737
13726,0.37142733908509057
13727,0.16505431647888766
13728,0.2930707094776682
13729,0.356137742325405
13730,0.212175885209923
13731,0.19148450518778362
13735,0.26899765045973084
13732,0.22915540443259177
13733,0.2432845973509493
13734,0.36267105334321753
13736,0.20453357545983472
13737,0.2926706899865867
13738,0.4191005445122457
13739,0.20360877111253436
13740,0.3762787290688931
13741,0.21741119271061815
13742,0.345237758247769
13743,0.2438787757519906
13744,0.3063011527207982
13748,0.22821699057483916
13749,0.3039369044579652
13746,0.2906628234172189
13747,0.3809878919765142
13745,0.22458396989122317
13751,0.30968481975755835
13750,0.34878865113553575
13752,0.30935699315980925
13753,0.1659196763437555
13754,0.2979435172373055
13756,0.29057282764511827
13755,0.301518742353052
13757,0.28911962990047574
13758,0.20827906053110312
13759,0.23200886023591774
13760,0.3302450569887399
13761,0.18002938938579738
13762,0.33629781958516
13763,0.2870438577340155
13764,0.23170634256986225
13766,0.2976122550026957
13765,0.33857818138438933
13767,0.28995815412068787
13769,0.1834032250677249
13768,0.2264685438984836
13770,0.26737918844269465
13771,0.17499832765388654
13772,0.20444777903713454
13773,0.3127508255036488
13774,0.2745139855910966
13775,0.3304236050500345
13776,0.3363000691446079
13778,0.33449283849878
13777,0.1791372612315596
13779,0.33813252762640705
13780,0.17401307244954892
13781,0.2673570527682297
13782,0.300646265976125
13783,0.17253604356486438
13786,0.19197932519570826
13787,0.2977868917097873
13785,0.3263268618862489
13784,0.33298499588698144
13788,0.3042579376241732
13789,0.18986396738769062
13790,0.3501741220295426
13791,0.3313407177054085
13792,0.22616872851238326
13793,0.2214947081881801
13796,0.4138204781333606
13795,0.20967727768334998
13794,0.26201386911882074
13798,0.21089528012543543
13797,0.2256736657299658
13799,0.3771154634861351
13800,0.28785139380197006
13801,0.35026197237187073
13804,0.18913910587547658
13805,0.31474735311394103
13802,0.18181002069496943
13803,0.174583336726981
13807,0.33164037049417056
13806,0.19640415403160608
13808,0.19113143011239964
13811,0.19865868090270786
13809,0.33702783795295993
13810,0.4039234103143287
13812,0.19853037119801872
13813,0.3790744752559878
13814,0.186374980521523
13815,0.1826275564591083
13816,0.3706199029111045
13817,0.16532037942910513
13818,0.20537620758546268
13820,0.32225003328242785
13819,0.5064194631312023
13821,0.3000397883097234
13822,0.1857227217887207
13826,0.3693394754357318
13825,0.2857548993648524
13823,0.2659569823194483
13824,0.20993034337620117
13827,0.2812090751928982
13828,0.2783561294016516
13829,0.34751307414167787
13830,0.2283023481450521
13831,0.2871019697802973
13835,0.3010225280845132
13833,0.1935342437861369
13832,0.3262270913531874
13834,0.20272511776825328
13836,0.14591973377832387
13837,0.2421792347708551
13838,0.3614954508302815
13839,0.22934113102826817
13840,0.22150901113052288
13843,0.27361422464793195
13841,0.33850897268734376
13842,0.202577839451618
13845,0.1754899681807187
13844,0.18082064609351797
13846,0.18492776764297705
13847,0.4140147240031575
13848,0.20043052337827852
13849,0.20457298432592638
13850,0.33750001323589857
13851,0.20429777936504134
13854,0.20975587882252586
13853,0.16715030673868983
13852,0.3790539228783865
13855,0.3154387810733011
13856,0.31436995868981416
13857,0.2648340448008271
13858,0.2799786485869049
13859,0.3331372605958976
13864,0.18135288339461844
13863,0.18371516413465974
13861,0.30771048095631437
13862,0.1598263669312431
13860,0.33089809664368924
13865,0.30987082657161064
13866,0.20294739563319175
13867,0.34635000089230433
13868,0.3164767524680066
13869,0.1605535282592014
13870,0.3161217383204693
13871,0.3412564579143548
13872,0.26796777740479355
13876,0.2042995636677768
13873,0.181224971752544
13874,0.3241452607233147
13875,0.33786098800456665
13878,0.2463850409192285
13877,0.3180888903553199
13879,0.22137870656534775
13881,0.3582790770751824
13884,0.23671478814682045
13880,0.18099772420922008
13882,0.32451865174680133
13883,0.30790076712371445
13885,0.1639747996723109
13886,0.18692013969302376
13887,0.3187320894061085
13888,0.3066787766012306
13889,0.27692822560120406
13890,0.31007449638604656
13891,0.1771135950811783
13892,0.3035046782799355
13893,0.46610607099910445
13894,0.24538050525858357
13895,0.33702783795295993
13896,0.24294520941982314
13899,0.22297154495694316
13897,0.3424829384878351
13898,0.3105129377758289
13900,0.19464329962036034
13901,0.3160373258583292
13902,0.18158482243397267
13903,0.2851118098601522
13904,0.1788829488529733
13905,0.1831242328449554
13906,0.31390523227160244
13907,0.28980138511072107
13908,0.24585555162351921
13909,0.1998849972598721
13911,0.20257091753369372
13910,0.17290320608071288
13915,0.1954542842785881
13914,0.29050497815074805
13912,0.3791005663392834
13913,0.3055776838540258
13916,0.3606332644680834
13917,0.3369647501293543
13918,0.3395477698353598
13919,0.28375019120213535
13920,0.33156633901086374
13921,0.3008320591548182
13922,0.27633925784606306
13923,0.1948593135369966
13924,0.32244878904804836
13925,0.29426738515122136
13926,0.2019698565289908
13927,0.33298499588698144
13928,0.36277382437143507
13929,0.19800932653318815
13930,0.347216834994416
13931,0.17132966388926518
13934,0.19191137453377605
13932,0.3270587635724718
13933,0.18716361355312436
13935,0.22042062506651228
13936,0.20957503735430208
13937,0.3028350786957099
13938,0.3130076771921339
13939,0.29640003758726846
13940,0.1672565114118083
13941,0.2656735365970458
13942,0.35784250831230846
13943,0.17148946349330899
13945,0.37281890568977877
13944,0.21877809943710683
13946,0.3151462264574946
13947,0.35025764001987264
13948,0.29395897804833493
13949,0.28262360286832316
13951,0.2984465533837479
13950,0.21718679810242836
13952,0.263958649868614
13954,0.38435550664616996
13953,0.1887950979702072
13956,0.2895511094082765
13957,0.22076905026179874
13955,0.3967001707604105
13958,0.32595067528593713
13959,0.1881417554599535
13960,0.3714773873883514
13961,0.27410653577370764
13962,0.18605902635070307
13963,0.2655591119233494
13964,0.40393725320620605
13965,0.3285174628856382
13966,0.3513642347396359
13967,0.26897922546852343
13968,0.37091918520210787
13969,0.2556035543255155
13974,0.286543168487287
13973,0.3240823191197311
13971,0.23949832836320875
13972,0.17772904778098655
13970,0.2741673059700698
13975,0.31432843323001786
13976,0.17417280065455276
13977,0.5398618486479926
13985,0.200595852656113
13978,0.29618786741066416
13979,0.1626914035709271
13980,0.2819023723755642
13981,0.3085693569450847
13982,0.19286141510164026
13984,0.42225408451314506
13983,0.19337033873341106
13989,0.3379542543584793
13988,0.16787094681039016
13987,0.2357631806921747
13986,0.28890895400543143
13990,0.20878899887200442
13991,0.3164834036489333
13992,0.2918569902081507
13993,0.3162632156695839
13994,0.34075555236217436
13995,0.30407057335544446
13996,0.2767127214674452
13997,0.3200779106365042
13998,0.18238447083831022
13999,0.24519349844515437
14000,0.32450188067432173
14001,0.2803410872775668
14002,0.38363113079999017
14007,0.21620248922920723
14006,0.2898057668592731
14004,0.2007393446489768
14003,0.32191373871744394
14005,0.36394479972526894
14008,0.19576267501933162
14009,0.2947213877387183
14010,0.19417744203180784
14011,0.23342251193127259
14016,0.3018376983404238
14015,0.2985572089011462
14013,0.287762851153254
14012,0.21623126402845308
14014,0.17529425118526218
14017,0.2905290414266147
14018,0.29229182020452255
14019,0.2821058190538002
14020,0.34593719117699456
14021,0.1407229269875498
14022,0.2698992604699634
14023,0.21478186580859385
14025,0.1916632523778249
14024,0.2766228639148118
14026,0.19258115424717373
14027,0.27724525374596065
14028,0.18235262052175252
14029,0.19062976913490193
14030,0.20155770239408358
14031,0.19540642607133832
14032,0.20451664813093406
14033,0.3499599498263779
14034,0.22873429766007514
14037,0.18929591944134902
14035,0.34197105422969054
14036,0.30476551311978145
14038,0.18208014110051438
14039,0.45994962487680463
14040,0.2436806339012988
14041,0.3289142678472146
14042,0.3213611911570339
14043,0.31501197828304933
14046,0.3238584441936388
14045,0.29884880274617037
14044,0.22007554803345322
14047,0.2901314620821949
14048,0.36827429756475905
14049,0.30806604228863727
14050,0.15461043732187232
14051,0.3455368487740722
14052,0.1831983490388528
14057,0.17262108846878443
14056,0.18849618053286396
14054,0.16527970859743493
14053,0.20409974538535844
14055,0.18231812878478962
14058,0.22374819902230322
14059,0.17960309282473255
14060,0.30192989693272293
14061,0.26953560933935977
14067,0.2324491460518496
14068,0.1853837277332803
14066,0.2855567403902594
14062,0.1772819884180584
14064,0.29381489514186815
14063,0.30981206766003233
14065,0.2614334527065632
14069,0.23317444411414637
14070,0.31348929881100335
14071,0.1771455671697457
14072,0.22599843807413278
14073,0.32355915089840814
14074,0.22171167506981868
14075,0.3791947038647408
14076,0.26741684383792336
14078,0.25493342641773453
14077,0.2568666315951688
14079,0.36381883037239443
14080,0.17692741403871137
14081,0.5602369614896479
14087,0.25772822453175387
14088,0.20160679580655497
14086,0.3961241903605312
14082,0.3913146373919303
14084,0.21884269582637242
14083,0.32122458363804224
14085,0.351525651116909
14089,0.2617650522211048
14090,0.3522957788651206
14091,0.46206342242258236
14092,0.34532461020295546
14093,0.3498520199365614
14094,0.3853356488262878
14095,0.25552427555830415
14096,0.3163475326772207
14100,0.4520027731992788
14101,0.20822369007045224
14098,0.169273244988472
14099,0.26778320234745784
14097,0.3695477172533382
14104,0.21806611541386225
14102,0.25772822453175387
14103,0.22488997465590932
14108,0.4205784096985101
14105,0.1929647017770663
14106,0.34368723799012196
14107,0.21076975069739187
14110,0.37150529562678586
14109,0.2160894348179632
14111,0.21468160792770552
14112,0.25567526164726523
14113,0.2595648955284994
14114,0.23193100437711522
14115,0.2763326832284693
14116,0.3630389994950907
14117,0.23942171447217386
14118,0.3263300311974408
14120,0.3024862472779128
14119,0.3290176849001783
14121,0.36463260521736096
14122,0.2631741863751636
14123,0.21280203686241692
14124,0.2221805036283744
14125,0.3922544857667108
14126,0.2359204944591634
14127,0.2834838770295058
14129,0.3506948820817093
14128,0.34546247893213805
14130,0.26806884881190157
14131,0.3028067830260032
14132,0.20518341949494126
14133,0.2121508939542215
14134,0.3814770277546456
14135,0.2987483106171786
14136,0.31043940476899534
14139,0.3809480269975885
14137,0.202050896215491
14138,0.21192615002505488
14140,0.25621136991498444
14141,0.20978687606983912
14142,0.24851192212540374
14143,0.35076036400756155
14144,0.3351363572350054
14145,0.16767468835564117
14146,0.21523919940208
14149,0.2379803498822697
14147,0.47378963897390897
14148,0.26041410575426877
14150,0.20474432327614447
14151,0.3699820280606109
14152,0.3001306142824822
14153,0.2547530669763865
14154,0.22423674805485197
14158,0.26704051515552085
14159,0.39605149303365134
14156,0.30327249917661037
14155,0.3526056356494533
14157,0.29199905244915914
14160,0.24041823885932181
14161,0.3248143384386071
14162,0.2054669737681296
14163,0.3603794350185801
14164,0.3472639461299261
14165,0.20216709778375572
14166,0.2219825734886418
14172,0.2808956687507683
14171,0.1853759869044336
14167,0.33931433958492113
14169,0.30890911652819647
14168,0.35089273828382966
14170,0.329784890106165
14173,0.25497895851278585
14174,0.21178877822033662
14175,0.3220331525482236
14176,0.29539616920275386
14177,0.3344527884263157
14178,0.271731280042953
14179,0.18377255830465153
14180,0.33000680094509843
14181,0.42013299335033705
14186,0.39813229749940954
14185,0.21329147758624936
14182,0.1882532171153085
14183,0.3924321669726006
14184,0.2709708169899163
14188,0.17691351084446286
14189,0.33297928453455405
14190,0.2606956704961942
14191,0.2627216314030567
14187,0.21076306991574323
14192,0.3196118327227866
14193,0.2234091897142432
14194,0.21714216144444073
14195,0.24915192631456606
14196,0.47726768486797466
14197,0.3256444890537527
14198,0.21838741891075575
14199,0.19291558754224322
14200,0.24411721032469083
14203,0.3306464736566126
14201,0.33872421006359626
14202,0.3137359637788924
14204,0.20141339476772502
14205,0.19190571949794402
14206,0.3583178342791253
14207,0.2324147178484883
14208,0.3616553823804904
14209,0.3416737719287844
14210,0.3401260319838513
14216,0.2230680983824528
14215,0.23153843946376637
14211,0.22458413866325025
14213,0.21330555281103933
14212,0.2350936107105074
14214,0.18027908150278396
14217,0.38261146657763684
14218,0.33454777266408614
14221,0.32714425845080036
14220,0.30860179392427617
14219,0.3244517589424237
14225,0.3322781502272258
14222,0.35865401452973006
14223,0.37974879754604446
14224,0.35353176905559475
14226,0.22296556114057506
14227,0.19477149827365248
14228,0.38900522283543576
14229,0.37626072677194927
14230,0.17942690709305512
14231,0.28170398941064745
14232,0.26650729382267013
14233,0.3475898138802591
14234,0.30284613355610074
14235,0.3130930014528424
14236,0.2515464174211572
14240,0.21187440261372648
14238,0.20028673499321523
14237,0.22215471694436784
14239,0.3741573627345976
14241,0.3305432946945807
14242,0.22777904992115114
14243,0.3405313728084349
14244,0.21753887407783767
14245,0.28956864690990597
14246,0.3404547105551951
14247,0.18069684215194856
14248,0.21548018650211898
14249,0.22279301918611635
14250,0.3716958078491146
14251,0.30433501380876643
14256,0.19322208565499407
14255,0.22076055864537777
14253,0.22126830922683335
14252,0.29071350447629934
14254,0.2165015225010609
14257,0.2273544861898166
14258,0.21602126480112926
14259,0.37068060134568287
14260,0.29928226119391693
14261,0.34409862757834553
14262,0.24048097752893602
14263,0.19677592320416226
14264,0.269220629051287
14265,0.21221869113348726
14266,0.25695068460469406
14267,0.21496845786361604
14272,0.32230508209064607
14271,0.27191288711715134
14273,0.3643942376446215
14269,0.24740917278763266
14270,0.3016779602189609
14268,0.28173438319953736
14274,0.23602643927481393
14276,0.398870807484059
14277,0.40537631690642467
14278,0.3256911478329233
14279,0.4219039731836993
14275,0.3850351540295002
14281,0.23689052935641872
14280,0.312287870473639
14282,0.334137288001292
14283,0.3625025764128536
14284,0.19471769699859606
14285,0.3637002588444183
14286,0.3785118886403065
14287,0.26748119733194753
14288,0.3159770152562933
14289,0.20294708884601187
14292,0.3107367900892715
14290,0.32525581997393477
14291,0.20053963649147677
14293,0.2772859291238507
14294,0.22693135033413556
14295,0.33766730799872646
14296,0.27926824066607175
14297,0.22509845747406776
14298,0.17415686622653948
14299,0.25772537579309657
14300,0.33588513799023834
14301,0.46135596416320745
14302,0.16159520951184242
14303,0.23953045550855678
14304,0.24443721109247651
14308,0.22493850924781975
14309,0.39202473639615604
14306,0.31252129618497465
14307,0.19638645453778394
14305,0.2086401730166497
14310,0.2682106611787421
14311,0.3596367391297286
14312,0.23606807769841742
14313,0.20302300312051635
14314,0.2408303741084982
14315,0.21181810465293857
14316,0.2351211227572623
14318,0.3699735693457972
14319,0.3487612351821124
14320,0.24084834676096298
14321,0.3237491146922463
14322,0.38406124682688253
14317,0.25919589497363366
14325,0.3559497527197304
14323,0.30358976589108616
14324,0.3764045245695799
14331,0.3592023006396114
14330,0.2253981030222009
14326,0.2851917860206344
14328,0.22329640085760252
14329,0.3174133556423415
14327,0.34727415725406247
14332,0.2210433966983961
14333,0.2344899661569421
14334,0.1728281579681672
14335,0.40411684730348013
14336,0.3300349764172556
14337,0.31198937937282684
14338,0.36279755791442536
14339,0.34313983388808283
14340,0.21729516962915119
14341,0.20653200512936984
14342,0.19740636401093212
14343,0.29979191020943946
14349,0.3179171001467868
14348,0.32554995557657507
14347,0.30439235520521973
14345,0.2211618783780445
14344,0.18201861061942648
14346,0.21148672998288873
14350,0.23791620234894473
14351,0.3301533070864264
14352,0.21568580889551958
14353,0.37715252981027253
14354,0.3226586727366809
14355,0.21418521296108498
14356,0.2937903221626414
14357,0.24953966391188928
14358,0.3228117436863067
14359,0.20331180421534098
14360,0.20129759071758424
14365,0.3223005503305965
14364,0.3313852758087516
14363,0.20610083076420194
14361,0.28378172302551935
14362,0.29016657700174914
14366,0.4041139436924111
14367,0.3410220891262235
14368,0.3273504643582428
14369,0.20729560429152716
14370,0.35147949015560465
14371,0.3603794350185801
14372,0.2216674980855734
14373,0.2824000466605862
14374,0.21382657139875172
14375,0.29872753900738097
14376,0.21794476591476974
14377,0.2031596304347415
14378,0.19324439173276584
14382,0.3135302244304648
14380,0.31518512932377407
14379,0.5610017130191388
14381,0.3395734697261065
14383,0.2524092342587093
14384,0.3706809281150425
14385,0.18648550334701394
14386,0.3751794455687583
14387,0.24077848229001084
14388,0.25508135036251783
14389,0.23497423547330673
14390,0.22977214755110562
14391,0.3161205680971335
14392,0.32812091051184983
14393,0.26843456825191786
14400,0.34110398168878947
14399,0.3147604786249196
14398,0.24924336889028606
14396,0.26946087101330796
14394,0.33790068037471216
14397,0.2693145676942042
14395,0.37042208816985545
14407,0.4132897080879732
14406,0.2318990750747403
14405,0.3246507267294405
14401,0.1941747479401821
14403,0.41836809826066207
14402,0.29266449337354544
14404,0.3417979009117545
14408,0.2910971803489438
14409,0.2494836285632517
14410,0.3257180257011552
14411,0.22058713989622689
14412,0.20353501920062236
14413,0.2456661157132608
14414,0.4517000968959987
14415,0.3625430773664364
14416,0.4012118952415243
14417,0.22929042938114588
14420,0.2815754887914637
14418,0.2252701462801275
14419,0.40922429575810043
14421,0.3654279862143885
14422,0.2002140318053068
14423,0.28649005790092236
14424,0.2576727095667912
14425,0.24889519029382648
14426,0.22166347086951987
14427,0.2567890107445057
14428,0.3692632149118274
14429,0.33343861345461673
14430,0.2531232074943088
14431,0.4076261391443497
14432,0.4530255065041973
14433,0.3244229545189846
14436,0.3444879180222642
14438,0.19746621115296456
14435,0.21801819268358735
14434,0.2992301333269505
14437,0.3463473925235215
14439,0.5952010733144294
14440,0.21520053087332447
14441,0.21367172572142126
14442,0.2949847032382945
14443,0.2818695734918502
14444,0.3471743985297077
14445,0.29857659485046484
14446,0.21664449681279577
14447,0.3206584941950242
14448,0.3618597778731772
14449,0.37000984109283236
14455,0.20500797171275234
14454,0.17748377026523757
14453,0.25889026539723065
14451,0.19530366736578472
14450,0.342933274470027
14452,0.23526300585427506
14456,0.3543005729848255
14457,0.24171036801426146
14458,0.3920609739880799
14461,0.26611515780085643
14462,0.32686637772123556
14459,0.22363239060370185
14460,0.3928672162636127
14463,0.33778561583951444
14464,0.2637237126005247
14465,0.4369682540300614
14466,0.21629925911491535
14475,0.17254131222814972
14473,0.3226867267290933
14471,0.1934766122754188
14474,0.23666280187123293
14472,0.30194129397116615
14467,0.32863698299925265
14470,0.20218075010530848
14469,0.16571235530870082
14468,0.23928019420932048
14476,0.382518188499813
14477,0.2074332115480986
14479,0.3113105995599972
14478,0.21587261817712025
14480,0.2761211045566661
14481,0.3054100132296516
14482,0.3116249583199782
14483,0.38795391297378257
14488,0.323949316796081
14487,0.19193769454288723
14489,0.3134048484907391
14485,0.16254208719439187
14486,0.33822793420980485
14484,0.18421379251651537
14493,0.3501493479744069
14490,0.3644874268302469
14491,0.384840617452254
14492,0.23766446951901554
14494,0.224889376031153
14495,0.21123526432869408
14496,0.23228344895935746
14498,0.29579462249820493
14499,0.32886006723178246
14497,0.26067477208666695
14500,0.22315925850914434
14501,0.3853242132220375
14502,0.3733186756926325
14503,0.2398949323101914
14504,0.21330632013943973
14508,0.17999517434158052
14507,0.3823005344522555
14505,0.3126065619911073
14506,0.3284886941033569
14509,0.21203165587744344
14510,0.4321352791719821
14511,0.23377042525797065
14512,0.3233195110107091
14513,0.3451212642146775
14514,0.3455345421913756
14515,0.24714736248046174
14516,0.16361306407122908
14517,0.2908407557097673
14518,0.26426472830393893
14519,0.19691378240089552
14520,0.1894621717354215
14521,0.34117235300347
14524,0.2264906198225043
14525,0.45115845930687154
14522,0.2510239347693722
14523,0.3109036965161566
14526,0.20803443758097076
14527,0.2228614267576592
14528,0.21254571515766618
14529,0.2996047849887605
14530,0.2901129363486149
14531,0.1710374841315727
14532,0.26504824563057533
14533,0.2912324021327513
14538,0.19857549996637205
14537,0.36725867479851204
14534,0.41424971924604576
14535,0.2348784540307132
14536,0.36059177167037754
14539,0.2948839595247938
14540,0.20017104847917902
14541,0.1828345325728106
14542,0.2307556729904278
14545,0.22774975029284952
14543,0.3103023948655749
14544,0.17834583812697993
14547,0.31556468319775516
14548,0.2845129534487114
14549,0.20468203086198608
14550,0.2652780399112367
14551,0.19107093982552079
14546,0.28963907056154775
14552,0.43079388506690486
14553,0.21134484855928357
14554,0.42353290246610514
14555,0.5780724273422773
14556,0.4581877931358069
14557,0.2395181521528229
14558,0.46241686496962475
14564,0.23959317410333628
14563,0.26997306416451233
14562,0.22567381340995762
14560,0.3490710787469904
14559,0.36529774539073373
14561,0.4447034437520709
14565,0.35603193383543585
14566,0.31245584061315124
14567,0.23874078580758154
14568,0.356619691897102
14569,0.371221483376554
14570,0.20353124196325864
14572,0.33198356284422764
14571,0.22112799370217986
14573,0.2436322517559731
14574,0.3020637387909963
14575,0.2758065754473235
14576,0.22089061737717178
14579,0.22421515722023763
14577,0.20357327111329482
14578,0.25567526164726523
14581,0.2145895738281202
14582,0.25914027857628186
14580,0.22456908317408683
14583,0.29872711014764225
14584,0.22884283810811365
14585,0.22703116053020786
14586,0.23087204116776325
14588,0.2059274780417836
14587,0.3119203864706811
14589,0.2380806373241738
14590,0.35072341937296264
14591,0.2042062195589468
14592,0.20859186462015922
14594,0.2770878668692575
14593,0.21147289037580086
14596,0.20842548448656284
14595,0.15649322028031692
14597,0.3821616076376351
14598,0.2604593385628375
14599,0.278602536296177
14600,0.3104224047199783
14601,0.2887140490795799
14602,0.2052227982969229
14603,0.3855144093577223
14604,0.4310087171320363
14612,0.32325093982537223
14611,0.2451119600291072
14610,0.40824302454791295
14605,0.24458749206223473
14608,0.22497854201473336
14607,0.20566464011634464
14606,0.24088549869777176
14609,0.2810208090068415
14616,0.20969673954233514
14617,0.3174320140091084
14614,0.3796568510369794
14615,0.310332587269727
14613,0.30459901002952433
14618,0.2737740250930796
14619,0.19284495902772916
14620,0.36959361026234383
14621,0.23373310216889367
14622,0.32658009646552316
14623,0.2862101226670382
14624,0.22325214713560496
14625,0.21334995755865394
14626,0.32595067528593713
14627,0.3123632858953233
14628,0.2128424662871561
14629,0.40197399530913375
14630,0.25347989248587577
14631,0.3120281236033798
14634,0.2925357252661712
14632,0.432237323825207
14633,0.3599212664781748
14635,0.21579390784303695
14636,0.2980844344015591
14637,0.2847611342809701
14638,0.18283421583633033
14639,0.26277994738663213
14640,0.31204528243233703
14641,0.37017501459116525
14645,0.3249979726443742
14643,0.2554311029678485
14642,0.1988347877005572
14644,0.21620060161855906
14646,0.3130232779550543
14647,0.33856915048009734
14648,0.36694963489087096
14649,0.3968863087289547
14650,0.3200295411518415
14653,0.3097993659458514
14652,0.214392828509288
14651,0.34813740248943836
14654,0.4210629980240625
14655,0.41163257785919183
14656,0.21731630962649748
14657,0.42754179783559687
14658,0.33509706165431347
14659,0.22151303003272624
14660,0.26314048271239193
14664,0.2667812595732466
14663,0.18231084060986733
14661,0.1844447844640126
14662,0.3438055315679678
14665,0.2031288601858432
14666,0.34346031655480475
14667,0.25782693965820735
14668,0.27779690793156947
14669,0.29043835799285983
14670,0.22678001300832684
14674,0.3411124249419759
14671,0.2656756236969084
14672,0.18312056890106787
14673,0.18269090612159455
14675,0.2457773493539437
14676,0.24100841213272806
14677,0.2230185168046862
14678,0.35382804810109864
14679,0.37523349838043935
14680,0.3435959238158241
14681,0.32461955861218666
14682,0.21344417545957628
14683,0.30051457975493784
14684,0.3385952745438708
14685,0.2552217758832372
14686,0.3224168932637991
14687,0.26365079733001145
14690,0.21454918981468063
14689,0.3046834718294773
14688,0.3351708120900952
14691,0.24115670858461413
14693,0.32829672512929325
14692,0.29894461268616185
14695,0.35189701979243027
14694,0.3681713458436113
14697,0.29612413729429904
14698,0.3920241984440243
14699,0.3280801670022908
14700,0.22511800542161256
14701,0.3176287629137025
14696,0.21119000278832312
14702,0.30865334784430565
14704,0.22905015478357627
14703,0.3028573342293908
14706,0.29533356839164254
14707,0.2597752926963411
14708,0.3647357339928415
14709,0.28842957120387913
14710,0.28120146173994054
14705,0.42914656586771455
14711,0.20569388385092746
14715,0.23535655958520948
14713,0.341189267759549
14712,0.36276136550498134
14714,0.32709141791859225
14716,0.354552028591225
14717,0.36438098437875704
14718,0.3411166382821788
14719,0.31763521848333154
14720,0.32525727292127216
14721,0.26423343272427513
14722,0.2514400859174693
14725,0.18347885081846751
14723,0.38553254185470065
14724,0.33772388999406067
14726,0.39619277217920396
14727,0.27389067479288176
14728,0.3954452522488494
14729,0.22334913816240223
14733,0.3099244768592562
14731,0.3404022272996783
14730,0.2404511389499889
14732,0.21170623987137885
14735,0.33028073791267765
14736,0.3252711317195614
14737,0.3301375629819274
14734,0.2022269785180503
14738,0.25927394763719697
14739,0.2604479285356576
14740,0.3393365470942931
14742,0.2388707973559622
14741,0.21608618947416178
14743,0.16008379976504278
14744,0.2585077319959162
14745,0.3122700415339984
14746,0.37998169263702414
14747,0.23161710298007065
14748,0.3380913350912676
14751,0.2600485769258743
14749,0.17840974792437544
14752,0.3445381475334812
14753,0.2541729728502314
14754,0.21062502009376036
14755,0.2046815819909351
14756,0.3284211601453082
14757,0.3386362350987843
14758,0.25635905849053
14759,0.20132691286807014
14760,0.28294128808968894
14761,0.3009867473228054
14762,0.3261368991638289
14763,0.17419998410412832
14764,0.5604619510661731
14769,0.19986354379617954
14768,0.26663090938490935
14765,0.23085598450380798
14766,0.37238371385480207
14767,0.18757403713577828
14771,0.2993648953458516
14772,0.2567943329302081
14773,0.25219189158105937
14774,0.42070781626048
14775,0.29519086453182825
14770,0.25145196228046796
14776,0.21953115776584808
14777,0.34776995239051317
14778,0.19230925012391187
14779,0.19153212206855885
14780,0.3281253885925324
14781,0.2392076406475532
14782,0.4286472457404598
14787,0.22244467632324463
14786,0.37912169459194067
14785,0.33400947666146835
14783,0.4128537775621071
14784,0.2869008901294129
14788,0.2220983912944102
14789,0.22196062940231553
14790,0.3196118327227866
14791,0.4016391241400709
14792,0.2491559496871459
14793,0.22726838208047553
14794,0.21846600907531888
14795,0.3263631938844379
14796,0.38883673504392496
14797,0.2551920097459129
14798,0.25203213787017925
14799,0.30838186392582395
14802,0.22503112314990428
14800,0.3384771473640468
14801,0.18644899638216575
14804,0.29014651690967797
14805,0.3405965631644124
14803,0.26290238208013356
14806,0.35598802248760747
14807,0.40723556278959466
14808,0.2997595584155714
14809,0.22103982628841642
14811,0.43595647452547376
14810,0.33143155467190105
14812,0.22135913995807996
14813,0.3392123834890109
14814,0.22574840993598413
14815,0.301357677259764
14820,0.28936963700194346
14821,0.290830067802778
14819,0.27691526095898367
14817,0.25189963366022033
14816,0.22325214713560496
14818,0.20625286534856302
14822,0.3697718743495552
14823,0.3396716596290817
14824,0.28316220542461035
14825,0.2420622302011828
14826,0.24912657698052135
14828,0.21175949920766
14827,0.21058120307978803
14829,0.36305244102267564
14830,0.297697228895554
14831,0.41211524209939804
14832,0.34967328942668957
14833,0.2900238623643479
14834,0.3760342366900567
14837,0.3441476525502842
14839,0.315352667701336
14838,0.33042250471141116
14836,0.1918810401070422
14835,0.23879460159833757
14842,0.2091629325505536
14840,0.3944032202604503
14841,0.3161432470226811
14843,0.302016583423431
14844,0.38532554248987533
14845,0.16727913154222637
14846,0.3541775132362357
14847,0.21867868358799947
14848,0.3438863570194794
14849,0.3022625069453688
14850,0.3128513682564647
14851,0.328915051247124
14852,0.2548809793245878
14853,0.3508873486360688
14854,0.2592079022265838
14855,0.22570852301285735
14860,0.32465930450848113
14859,0.389994809770966
14857,0.2653821946518815
14858,0.24975590009875812
14856,0.3441759918390292
14861,0.3299634158167328
14862,0.5592029458302112
14863,0.26401708911231186
14864,0.39230685065581467
14865,0.22294615359404327
14871,0.38476036089601656
14866,0.17297608579249066
14867,0.2336994211483863
14868,0.34450749210428416
14869,0.37718586109019064
14870,0.41572341424499676
14875,0.41263091690086234
14874,0.20707151677028668
14872,0.33738916731602436
14873,0.20436616538749738
14876,0.27999695274089403
14877,0.3855028379529681
14878,0.30042297227342907
14879,0.2862571195439039
14882,0.285028583115766
14883,0.1864238828923542
14880,0.27850442501782485
14881,0.25800779438405824
14884,0.2285030395638049
14885,0.2181258897787397
14886,0.2871905645282368
14887,0.19479850442662097
14888,0.31912802804508134
14889,0.2118549357353686
14890,0.33033420241695416
14895,0.2118770042982564
14894,0.2153427870229806
14892,0.21223213701599553
14891,0.3098148675485914
14893,0.4144026974197872
14896,0.3049594728006855
14897,0.22400302961049703
14898,0.3036071738570355
14899,0.22182674848310616
14900,0.1861361741880224
14901,0.31436640144217226
14902,0.29980952698102564
14903,0.2795005310611782
14904,0.2758785650080326
14905,0.19353582314655382
14906,0.3378878982394104
14907,0.28116697673821917
14908,0.4141149345912356
14909,0.177719640785453
14910,0.3240720222966741
14911,0.177791620232539
14912,0.2897764568437708
14913,0.19183270781485476
14914,0.1877743356600022
14915,0.3496901860174922
14916,0.30950291538259883
14917,0.17076380107603484
14918,0.29876434584721806
14921,0.35328686836847895
14920,0.21458354331994853
14919,0.17338711662527484
14922,0.34387697116503513
14923,0.3201318328431206
14924,0.1825380765313371
14925,0.2773597363751296
14926,0.29640689753112065
14929,0.20643154664275667
14930,0.5938606718653665
14927,0.27320159232579216
14928,0.33484634405810015
14931,0.18116443831604903
14932,0.33214215791875423
14933,0.2930075108432762
14934,0.30903193579194416
14935,0.27899671781821045
14936,0.31503087693455983
14937,0.22944601296648845
14940,0.1942146532261491
14939,0.1980897486117872
14938,0.30998642762530176
14941,0.19943791713796313
14942,0.2020283667413871
14943,0.1882398741292326
14944,0.19358390632720004
14945,0.17464744304646607
14950,0.19712725780947996
14949,0.3259295703401835
14947,0.3760812487829714
14946,0.2764920285189681
14948,0.18348842063007068
14951,0.24588170943346288
14952,0.21946768134608405
14953,0.3490277503850742
14954,0.32517230017784227
14955,0.17370682575061056
14956,0.18865908924174069
14957,0.20196301675568942
14958,0.20242257801648023
14959,0.336024012794964
14960,0.4134702374223402
14961,0.4020581047509136
14962,0.20898200158694794
14963,0.2009849966037447
14964,0.2400581903929789
14965,0.28541109219897703
14971,0.3160373258583292
14970,0.2142884195090191
14966,0.16427339828707008
14968,0.1866452605779563
14967,0.30258839671091137
14969,0.25046725325106883
14972,0.3028224423899983
14973,0.3385058922877988
14974,0.3174618375801783
14975,0.20352898300792677
14976,0.20126894658351632
14977,0.16164502307744172
14978,0.2169977529712804
14979,0.40787681385123764
14980,0.3490642599980551
14981,0.29741667917405856
14984,0.29352103454557615
14983,0.20209596745078307
14982,0.28766374674581263
14985,0.2776303034092221
14986,0.2565936350525827
14989,0.27992015293024136
14987,0.19359891006856947
14988,0.32446556265039644
14990,0.18202226401669264
14991,0.18055301811357552
14994,0.18191345964491876
14992,0.31183134527934137
14993,0.25855584659297415
14995,0.21077659155744458
14996,0.246961385132662
14997,0.3202617864035471
14998,0.16225614546618794
14999,0.18765348440712923
15000,0.33680903349626873
15001,0.19919293025596785
15002,0.20984393826726944
15003,0.31198964065173634
15004,0.3231978539368715
15005,0.34794591080058374
15006,0.2778557131253442
15008,0.29742103516667906
15009,0.36561367212711154
15007,0.33080950393528913
15011,0.2883450013241963
15012,0.2609153486610769
15013,0.27570234276877076
15014,0.24421607430275372
15015,0.21148002820667242
15016,0.3652424877584281
15017,0.341189267759549
15021,0.19929847092616212
15018,0.3256480991515577
15019,0.2138909740860507
15020,0.2011159691900384
15023,0.1741100167596976
15022,0.2999437169398438
15026,0.5070438551549828
15024,0.18282053100154974
15025,0.21312504960050774
15027,0.19448570272390633
15028,0.1907329986624876
15029,0.2950138118841763
15030,0.3314075732829206
15031,0.1881550742521548
15032,0.1778522151713776
15033,0.17686877925625585
15034,0.18647715109629928
15035,0.32733003328583515
15036,0.2059473319154248
15037,0.31851808137607696
15038,0.31664856232501987
15042,0.22115277941962078
15041,0.18996430591694624
15039,0.2131617931509152
15040,0.34839077815625735
15043,0.2978764136655776
15044,0.34697979336791024
15045,0.3726804805483844
15046,0.17546525062540966
15047,0.365872029645252
15048,0.3272591450983798
15049,0.19365607029388485
15050,0.2732386886513279
15051,0.17846201225660419
15052,0.20092049025917277
15053,0.21591724246355484
15054,0.18132314075295128
15055,0.1873756726377708
15058,0.19321019939517434
15057,0.346612747653067
15056,0.22206992608201928
15061,0.20071016197226976
15059,0.3484561822164594
15060,0.2109616682710563
15062,0.30816703542151247
15063,0.3179475917263062
15064,0.21253899615121527
15065,0.27283748213584375
15067,0.22026522776802918
15066,0.1997123197679919
15073,0.290724554575073
15068,0.1885811913362925
15069,0.4126454782360826
15070,0.30979313909288114
15071,0.20254070716787773
15072,0.18703194445684637
15074,0.1793677266559803
15075,0.3465154411559608
15076,0.1754883613816227
15077,0.1941192331050956
15078,0.2996072903791413
15079,0.24219238383735
15080,0.33677268935743215
15081,0.40920280151669913
15082,0.3480928522645905
15083,0.18192828894275426
15084,0.19536929813012535
15085,0.3419496962954769
15086,0.19367373058867973
15087,0.2283965015917899
15092,0.26221941033438095
15091,0.3181257654584336
15093,0.33944122305098023
15089,0.31764791695031125
15090,0.37081150134357493
15088,0.18115418938292405
15094,0.38657685379798695
15095,0.6227279801051296
15096,0.2307690003367665
15097,0.3968478974645331
15098,0.21484274646346088
15099,0.27691560690046374
15100,0.2637489620812742
15103,0.25392964961734243
15102,0.25494136173113197
15101,0.35320396778843244
15104,0.24718144471738515
15106,0.3560460923927429
15105,0.30533986954730125
15107,0.2513960439452023
15108,0.1703864002347956
15109,0.21677930753722688
15110,0.28435546908009085
15111,0.2680586315504417
15112,0.31984575438052015
15113,0.22541045229596549
15114,0.2132923372782183
15115,0.20071107935282176
15116,0.27171933037993024
15117,0.21411817237012476
15122,0.22064318820411488
15121,0.19790475332803306
15120,0.14665907812397813
15118,0.18367695849252205
15119,0.31757726971034794
15123,0.20601963244662003
15124,0.2981727975934725
15125,0.19461760855500923
15126,0.19849767176234445
15127,0.3173478313112512
15128,0.2895313572903111
15130,0.32229052082143955
15129,0.2685616137431062
15133,0.15619260692349235
15131,0.3068503063080282
15132,0.3106709429736058
15134,0.3366203261358583
15136,0.2991964031795129
15138,0.3593172160353337
15135,0.2850512612520637
15137,0.17513270162945482
15139,0.19406668974061816
15140,0.3160599865115528
15141,0.18117905049239755
15142,0.288047538449204
15143,0.27900779086099864
15144,0.33027060676074665
15145,0.21721154444515814
15146,0.3411565744578094
15147,0.21120873838454954
15148,0.3501741220295426
15149,0.3001211203831306
15150,0.1636133444300218
15153,0.1896920822053417
15152,0.3014675945846355
15151,0.31023204353783523
15154,0.22353500608609478
15155,0.29316661292420365
15156,0.286795438991091
15157,0.3220490930343373
15158,0.17742459253088916
15159,0.3397371577514899
15160,0.24013286147972526
15161,0.3176121130854878
15162,0.27628673046249036
15163,0.26330515840208696
15164,0.1743117171857854
15166,0.19296318719451724
15165,0.41369458209141463
15168,0.21016679471309088
15167,0.21879458819515132
15169,0.4691912849642579
15170,0.22377402864411047
15171,0.32537568004734385
15172,0.18759347434753784
15173,0.31666339597358534
15174,0.3863969088159042
15175,0.19712725780947996
15176,0.30791153650747266
15177,0.23225152578077587
15178,0.3091181142654787
15179,0.3933662368446373
15180,0.262165263600731
15181,0.3286714598475578
15182,0.2156379891431118
15183,0.23350614709800574
15184,0.1889137577234209
15186,0.20915269434483688
15185,0.2920381975285953
15187,0.1885397485815106
15188,0.29905590056100523
15189,0.38903762176105977
15190,0.36353977438332147
15191,0.2348618096000743
15192,0.3092682073268609
15193,0.2741080235445422
15194,0.27541708044773855
15195,0.3475260308784988
15196,0.2957821875138809
15197,0.38158034946029257
15198,0.19387058385759284
15199,0.18274624614093846
15200,0.24097376174054652
15205,0.32163363762574065
15204,0.2865805801088665
15202,0.2520835033325608
15201,0.32030988079235706
15203,0.2427485401023741
15206,0.3572104426169953
15207,0.25324591648761957
15208,0.29125234866285044
15209,0.23358591147386845
15210,0.20754403882570335
15211,0.31282204883231907
15212,0.25970040555030915
15213,0.36786442669464264
15215,0.33970967441700267
15214,0.5449773025464787
15216,0.2004063887150556
15217,0.2023226874211734
15218,0.310798774847882
15219,0.2873336978422461
15220,0.32595934072445015
15221,0.18728045061149803
15224,0.3693112568897341
15222,0.3256531097794693
15223,0.32702593191718826
15225,0.325759028810409
15226,0.3535695795084515
15227,0.28185874194563315
15228,0.24922991778152206
15229,0.2044112199491741
15230,0.1987351110309372
15231,0.3262617967723139
15232,0.26153265849510704
15233,0.33118987522791027
15234,0.22450650726523305
15235,0.31770282703773367
15236,0.34873170123246294
15237,0.33813252762640705
15238,0.32879115898934935
15242,0.2769802336977486
15239,0.29290331864501257
15240,0.17248776126227275
15241,0.29617425539596454
15243,0.2763655645115767
15244,0.18945404932294505
15245,0.21311539746477434
15246,0.2967979224417927
15247,0.3233861263864058
15248,0.21833478154617678
15249,0.366576074663234
15250,0.2144954752976412
15251,0.24443908707319595
15252,0.2064576844871512
15253,0.308052685731001
15254,0.3066865026956853
15255,0.28905888018608095
15258,0.3351313117697006
15256,0.2615954496666764
15257,0.2810969073297634
15259,0.1827893905278644
15260,0.366978941389198
15261,0.2329884660360375
15262,0.2998422626409506
15265,0.3678100754880514
15266,0.33198356284422764
15263,0.20735199883203503
15264,0.3331539743270872
15267,0.2715859308045138
15268,0.1842342621023572
15269,0.23884652805954087
15270,0.43119939456398143
15271,0.18265391079285
15272,0.29548537713432227
15273,0.31749168583368653
15276,0.18540895753892825
15274,0.2940471406432738
15275,0.3636435716719784
15277,0.20744643012238104
15278,0.2460799598709674
15279,0.3087790036387917
15280,0.2754400520897979
15281,0.15534617926427888
15282,0.21299859986906897
15283,0.3007277646895777
15284,0.2484021264858952
15285,0.17528294470501496
15286,0.18350272890420197
15287,0.17759632085301433
15288,0.30305693056376964
15289,0.3105548368382817
15290,0.3345158121177956
15291,0.3509968360921673
15292,0.3362701933056083
15294,0.3103980968029779
15293,0.29025093652079276
15295,0.25980875760913685
15297,0.34946524914706534
15296,0.28896854995521365
15298,0.1713066201771634
15299,0.30700743687675186
15300,0.18011367675144427
15301,0.2628598928882648
15302,0.1809367060163647
15303,0.2927686636187705
15304,0.2195171480407517
15305,0.38296759026025207
15306,0.2964026069052948
15307,0.31133221654381554
15308,0.37761154132878355
15309,0.28198447281036865
15310,0.29123051742470746
15313,0.43041243281922786
15314,0.252919081699246
15312,0.22375565473133516
15311,0.35289856882685067
15315,0.19019254828603696
15316,0.2271440552003421
15317,0.30542298726879064
15318,0.2752226593965701
15319,0.34198118602395106
15320,0.2156352918938628
15321,0.28207684719115456
15323,0.3393024576567473
15324,0.30547168908952804
15325,0.5338735118174426
15326,0.2991964031795129
15322,0.40418157662017745
15330,0.19754599271033146
15327,0.20683168271753652
15328,0.31329394888516554
15329,0.36249394977872523
15331,0.29396310479843857
15332,0.3740016853143862
15333,0.20890078612242813
15334,0.18160871074959606
15335,0.19522203406589958
15336,0.33983496753719034
15337,0.2030421398581057
15338,0.29546370435530944
15339,0.3202091484301585
15340,0.22365745068144063
15342,0.30143277396545104
15341,0.3947025387130106
15343,0.2106721313666519
15344,0.18303699402458484
15345,0.21953565265140954
15346,0.28243542845791064
15347,0.3087921535767346
15348,0.17452698116082757
15352,0.17390032989275983
15351,0.31812453191046824
15350,0.26355687218795176
15349,0.3153236725835561
15356,0.23747895220556517
15353,0.1815555679729958
15354,0.35643565718136044
15355,0.38109035589272455
15357,0.32797166306882813
15358,0.1808949872119553
15359,0.2898774230471712
15360,0.2954260868522371
15362,0.1699751914997875
15361,0.3053992075819804
15363,0.20895717569571223
15364,0.2603571049130934
15365,0.17165999647253916
15366,0.17481427854415046
15367,0.269896898857233
15371,0.2151028136683253
15369,0.2277565238197958
15370,0.18046886866928094
15368,0.20045319706428696
15372,0.2912690862055406
15373,0.18776327358852066
15374,0.24218691367633918
15375,0.16559253420975298
15376,0.22552073706610098
15377,0.17950881501220248
15378,0.26865865984988085
15379,0.18664244946955846
15380,0.18925357153811337
15381,0.28863845006056
15382,0.34933219659688614
15383,0.2242970831118897
15384,0.26240579593435576
15387,0.3642264824783523
15385,0.30491373777491865
15386,0.18348791104656878
15389,0.28735990319335736
15388,0.28075805985573
15390,0.34175319957741035
15391,0.34136360094419
15392,0.3234404038758217
15395,0.18095144075827552
15397,0.3170873790509389
15393,0.18735094832743218
15394,0.18907880677428457
15396,0.18166821421974333
15398,0.326980761882571
15399,0.3465157181003861
15400,0.2896807554177215
15401,0.18968788292424202
15403,0.2988185967729222
15402,0.32124451609742677
15404,0.1639255516024802
15405,0.18032399299132282
15406,0.18160436959745782
15407,0.2950115570046052
15408,0.21083616548157905
15409,0.205911498083118
15410,0.3576065332805836
15411,0.2912864185294774
15412,0.18095828615869858
15413,0.21088679478444136
15416,0.3682254561643921
15415,0.32675988532598255
15414,0.291500381993989
15417,0.3489459229750928
15418,0.23214840802581724
15419,0.3235169449162425
15420,0.20750587334737328
15421,0.2635948450890735
15422,0.2616495870081856
15423,0.3835658794145231
15424,0.29606697162820245
15426,0.21338752102635752
15425,0.23839611923774526
15428,0.24971674966924703
15427,0.18301765579296858
15429,0.3121962376892092
15430,0.364720057197627
15431,0.17301126246467216
15432,0.18113353827478673
15433,0.404411941323455
15434,0.2012937759604069
15435,0.3019974106438282
15436,0.2997943277779465
15437,0.1648996276416284
15438,0.2203526223373796
15439,0.30868448867010484
15440,0.30728435887284816
15443,0.21419195833758323
15441,0.3101539533371925
15442,0.29162311443632755
15445,0.31933098531179577
15444,0.2488095425950334
15446,0.32761652107789097
15447,0.3642741677633585
15448,0.3451365306917346
15449,0.36604478726679907
15450,0.30457355630517496
15451,0.24388260023295447
15453,0.1852603384692273
15454,0.39532992199581307
15452,0.2850354189817685
15455,0.23433283541735495
15456,0.33786622979852227
15457,0.31052252922305373
15458,0.22439475977329934
15461,0.18784676247898202
15459,0.267930774717564
15460,0.3398493253272739
15462,0.28425849081838656
15463,0.32407304148319727
15464,0.31690686725621225
15465,0.3131378792272828
15466,0.1997664445306722
15469,0.3946483629353639
15467,0.18182488556335386
15468,0.30224211954073443
15470,0.18903433278944645
15471,0.20128663536803174
15472,0.21628017387753298
15473,0.17654503737094562
15474,0.3779713658634547
15475,0.2902856347685921
15478,0.3037100133849101
15479,0.3226283907632964
15476,0.34538106688235254
15477,0.18457947298318092
15480,0.27933563065475847
15481,0.3422815921407212
15482,0.18798472629497673
15483,0.27767975187406385
15484,0.24197848898395924
15485,0.1975678867065749
15486,0.3267279733292972
15487,0.33466655652997274
15488,0.1901751830087778
15490,0.3414856946300446
15489,0.1843643865091904
15491,0.20202404034179575
15492,0.3282795036859379
15493,0.31722117725593585
15494,0.18331552112316493
15495,0.43263495048825007
15496,0.2641502921566403
15498,0.21904617530643453
15497,0.17222731241468514
15499,0.1635690516157316
15501,0.26569353594869743
15502,0.3114023282233468
15503,0.32801099335864464
15504,0.26240589784189144
15500,0.2709312842522284
15505,0.34432843262431495
15506,0.34756760657438596
15507,0.3514329303130865
15508,0.18101746708411884
15509,0.3064841968391006
15510,0.308199154053205
15511,0.3362583231470304
15512,0.3245459949288761
15513,0.2941817202069659
15516,0.25556284748626773
15514,0.1887950979702072
15515,0.37989195192002495
15517,0.3061712899189541
15518,0.14817627281116197
15519,0.22772317541952455
15520,0.30000465674164356
15521,0.2041175997164728
15522,0.2849811313435165
15524,0.33945799253479736
15523,0.2038448302121323
15525,0.2868721461255432
15526,0.28881540140608375
15527,0.1500062625714864
15528,0.4608463485419964
15529,0.317468524899605
15530,0.3412949447194018
15531,0.1780880923318092
15532,0.17158487743892795
15534,0.2881180475510629
15533,0.20819022425925957
15535,0.35819699536229715
15536,0.33927718680028685
15537,0.35997825099940234
15538,0.21532301556397862
15539,0.18916338105853656
15540,0.19049158859775964
15541,0.30025240035951856
15542,0.23098788439546122
15543,0.28386822882213836
15544,0.3257839093835937
15545,0.28771564138973005
15546,0.31012128580865217
15547,0.3088636174713363
15548,0.20884722084599297
15550,0.35223059384757177
15549,0.18127236616001474
15552,0.19331889144083245
15551,0.2867548047960576
15553,0.1815797986140072
15554,0.2093551357158051
15555,0.2667704929932127
15556,0.30475010620626314
15557,0.15615364064743303
15558,0.32027330305963614
15559,0.17320826072423787
15560,0.19453937928231105
15563,0.27602280276085916
15561,0.19080793452097913
15562,0.2024481122315868
15564,0.23384015291372384
15565,0.2537513835545925
15566,0.4076507947421005
15567,0.23035464528649244
15568,0.21685343071590216
15571,0.31682577868774253
15569,0.1770707664837704
15570,0.19528414718611475
15572,0.303795708749989
15574,0.1945179885953745
15573,0.31569419449535646
15576,0.2371738235294789
15575,0.2396154599981688
15577,0.3042119797196045
15578,0.19727663720256486
15579,0.1972334486512808
15580,0.3462699557384614
15581,0.34762256265669417
15582,0.3111697505647905
15583,0.2994931573050051
15584,0.31278256501346574
15585,0.28740598610657486
15586,0.3706103192688324
15587,0.2947872389494434
15588,0.2749290380273289
15589,0.3278257748907185
15590,0.19772942439341556
15591,0.16988206585295054
15594,0.3365659364231542
15593,0.1803221728501768
15592,0.22372736620858022
15595,0.2259084637773697
15596,0.2141784524825825
15597,0.285620622879351
15598,0.2714513740274061
15599,0.2034052077681567
15600,0.18442748224129843
15601,0.32887757816121566
15602,0.2907261375245926
15603,0.23161338152216246
15604,0.33233103380304135
15605,0.31823279005740335
15606,0.17698940214080616
15607,0.3274551313142318
15608,0.1882710696941552
15610,0.35209036674125566
15609,0.2910369168681773
15611,0.18826072532859428
15613,0.36355332592027834
15612,0.3603752138400793
15614,0.3562800727506754
15615,0.19592303882429926
15616,0.32926822022106406
15617,0.3417093155828789
15618,0.29905238091259795
15619,0.24375093107136206
15620,0.3379542543584793
15621,0.1600255252377409
15622,0.2880471477779086
15623,0.1702398277715128
15624,0.19526021004090655
15625,0.40709582758909685
15627,0.21415800327311083
15626,0.3611634378630675
15628,0.2073963650365465
15629,0.16520460569470732
15630,0.20130297534519226
15631,0.34154789995552065
15632,0.23512714707193894
15633,0.19602731726278658
15634,0.17801126866089076
15635,0.19964249419830415
15636,0.3095169694537331
15637,0.36322043384462915
15638,0.2978259602159666
15639,0.2901481287141229
15640,0.330302537485398
15641,0.32571228593551194
15643,0.22456152123847514
15642,0.36101538579424125
15644,0.2683346519637006
15646,0.3499277073424892
15645,0.20183183475196942
15647,0.31690789291964044
15648,0.21781666476352132
15650,0.4035434818290309
15651,0.3094553615459633
15649,0.3634256140331575
15652,0.41336928431276676
15653,0.17957031486306554
15654,0.3414303460067405
15655,0.26187509705582607
15656,0.28202967069208906
15657,0.35266106738638614
15658,0.3017464837252442
15659,0.18668464551651268
15660,0.4274202482609259
15661,0.3073588680562674
15662,0.17382865210990173
15663,0.19370144622855012
15664,0.19023550794497257
15666,0.1951597956462231
15665,0.2925393739118355
15667,0.3000408217302892
15668,0.17577418922325003
15669,0.3701432975978894
15670,0.3797349983677279
15671,0.2899707243214115
15672,0.30253145160923856
15673,0.2919589027195706
15674,0.3088711919179683
15675,0.31866313657523754
15676,0.2638759026203284
15677,0.35767545820121277
15678,0.3691266218991876
15679,0.19531933198359444
15681,0.28773468792774265
15680,0.2572967325461409
15682,0.19204519564234313
15683,0.3774836448886873
15684,0.29658050309684664
15685,0.16709854017679107
15686,0.3708398886278344
15687,0.32112052427270094
15688,0.3167391498753813
15689,0.30983520843207274
15690,0.281280786255645
15691,0.3036640570889125
15692,0.2327054487822717
15693,0.3088120612831144
15694,0.3259920884349831
15695,0.37782406905359484
15696,0.21830352643983267
15697,0.3172279312771736
15698,0.18628716059598485
15702,0.27633925784606306
15699,0.2616118573391076
15701,0.18143428306497966
15700,0.3003769791292335
15703,0.170580669541985
15704,0.29138382525431744
15705,0.31349209663295513
15706,0.2921907645821347
15707,0.35800657168483935
15708,0.33313089803916873
15709,0.16397090512293397
15710,0.2757580372302974
15711,0.18897300351799906
15712,0.2888569457954846
15713,0.31682577868774253
15714,0.357819145063299
15715,0.2590096787434255
15716,0.2762684124553583
15717,0.17975866013999117
15718,0.2086546821024947
15720,0.27478011255280554
15719,0.2536913580718197
15721,0.32411593624115703
15722,0.35551215997272995
15723,0.1862712577284075
15724,0.20398971233704402
15725,0.29878401745576166
15726,0.2912864185294774
15727,0.21534385293828037
15728,0.2675162037259179
15729,0.2786721345986108
15733,0.35639240710461983
15730,0.29834820793954864
15731,0.35011639218173835
15732,0.28021649318243896
15736,0.27687822033312853
15734,0.2763747757880255
15735,0.25590314391653374
15737,0.1888992316121132
15738,0.29887075777629984
15739,0.23784630859917108
15740,0.320876028813284
15741,0.20221578457393866
15742,0.358878920332874
15743,0.20543814557583376
15744,0.2965065974818229
15745,0.20718294733598205
15746,0.2587505525067062
15747,0.29560645499336297
15748,0.3185343720241805
15749,0.1984990617896286
15750,0.20276382519524147
15751,0.3950243170455469
15752,0.1984645504116449
15758,0.30331337399275254
15757,0.1672565114118083
15754,0.18733647139791976
15755,0.23909817942972267
15753,0.17995298961516948
15756,0.353879590599073
15759,0.3496607960615392
15760,0.3046393386491613
15761,0.28742612201121953
15762,0.20513174696991943
15763,0.4469619040974364
15764,0.3637948636204366
15765,0.2753047212816227
15766,0.30230677332454925
15767,0.3652887278279178
15768,0.2350204581119585
15769,0.29482166245753727
15770,0.3094658182105105
15771,0.3248663443809614
15776,0.28908266122373916
15775,0.30842231627311983
15773,0.39602745066915146
15772,0.20140669847155643
15774,0.19296930750082955
15777,0.408282060120087
15778,0.30113104931697715
15779,0.3356921719559977
15780,0.30430820499644035
15781,0.22393385305534344
15782,0.4003905211025631
15783,0.2238891958350906
15784,0.3000228486811223
15785,0.18163273684742295
15786,0.3103212897804591
15787,0.16682876028503366
15788,0.18127053825885808
15792,0.29905737382467634
15789,0.3304087270557854
15790,0.17469753188760237
15791,0.2944113698482262
15793,0.18994788334306734
15794,0.3152903951522094
15795,0.21737753925708744
15796,0.20407941949647912
15797,0.28625368107477
15798,0.1995241327005474
15799,0.3942394641676399
15800,0.19743273809269454
15801,0.31255264521529874
15802,0.22490113676450527
15803,0.1911943389442223
15804,0.1718779824474247
15805,0.32743693534936713
15806,0.29077654141979936
15807,0.2885192769090072
15808,0.19259063770603244
15809,0.14636593897777964
15810,0.21301468445580726
15811,0.17539193606141598
15812,0.2904432099832492
15813,0.28908266122373916
15814,0.2505977479223367
15815,0.34050505830454275
15816,0.2903242900232203
15817,0.3877290540790137
15818,0.39304400836985587
15819,0.20100780194964582
15820,0.3876253569243839
15821,0.25392422155705235
15825,0.17374090667201622
15826,0.29653551853494925
15823,0.1815929590589523
15822,0.2071118716948285
15824,0.3090603190289258
15827,0.18095820587810285
15828,0.3131782741621927
15829,0.28940690569265554
15830,0.40389755637471064
15831,0.3000634290476599
15832,0.3214296669166468
15834,0.30748606259096106
15833,0.20154981383555812
15836,0.189386223952973
15835,0.1757923577703421
15837,0.3174178172195437
15838,0.27791184482505343
15839,0.3505947588946416
15840,0.34493515491317406
15841,0.2863773000136815
15842,0.31788219848829774
15846,0.23044816610960014
15843,0.20209825694750982
15844,0.2764646713549702
15845,0.19324294296715414
15847,0.31873284166337396
15848,0.364862887793809
15849,0.33214513485992386
15850,0.18902790785320478
15851,0.2918247614741816
15852,0.3456809224106254
15853,0.2942439967795297
15854,0.27800157636309303
15855,0.20012513852259847
15856,0.2876982893431101
15857,0.2977334861279009
15858,0.3224057847333974
15859,0.31104452784868647
15862,0.18218263669007115
15864,0.23522751493056862
15863,0.332867434374351
15861,0.3033469190998983
15860,0.31669611759814026
15869,0.31021648983711697
15868,0.1752698202831442
15865,0.279770172156064
15866,0.17589876400869273
15867,0.3254003161005583
15870,0.18126863048594502
15871,0.17819302341732665
15872,0.21245584675693793
15873,0.2757028424340497
15874,0.2009990352275417
15875,0.29376798873964044
15876,0.2876333130976895
15877,0.3106134339890321
15878,0.32868112327408955
15879,0.20418340219147055
15880,0.17158262412943773
15881,0.1939133322572586
15884,0.23429913389664925
15885,0.29635587266510427
15882,0.18316849969282586
15883,0.27894533029030105
15886,0.3289150428476991
15887,0.19863574049169527
15888,0.22500410805754278
15889,0.2959723470431325
15890,0.3195783837117922
15891,0.31688141370495465
15892,0.2324148276335359
15893,0.18290041146398572
15894,0.16385158281865198
15895,0.21491040069321435
15896,0.22945014693878552
15897,0.2969807921312242
15898,0.27872127055610507
15900,0.2936869991323025
15899,0.18713846904066722
15901,0.3319268406206883
15902,0.29536712444173496
15906,0.2984434405889909
15903,0.20259957215939575
15904,0.3080124001060663
15905,0.30981206766003233
15907,0.16488700610067072
15908,0.25554170152052663
15909,0.2615139223919371
15910,0.18410925430171984
15912,0.20674279308283175
15913,0.21218175643063963
15914,0.3114491422125212
15911,0.1884595706373142
15915,0.3871007921744345
15916,0.34772001625340776
15917,0.2019034591638725
15918,0.20935932114173794
15921,0.1796979171288751
15920,0.3004752237129192
15919,0.17914407028839185
15922,0.35003335650414363
15923,0.21939486650301
15924,0.21417056915604873
15925,0.26451985551234475
15926,0.3125991519572713
15927,0.17264064928363698
15928,0.3378522294079298
15929,0.190337542341559
15930,0.17571356233465077
15932,0.17997659829426269
15933,0.2122149030135155
15934,0.28411106577149237
15931,0.2618996153396139
15942,0.17753313096796805
15941,0.2005742551300326
15940,0.21587261817712025
15936,0.18826990051188655
15938,0.3033141886077208
15939,0.31775367710857666
15935,0.3298246479363794
15937,0.3490720725002676
15943,0.1617903461055382
15944,0.18396416147309705
15945,0.3621167716284505
15946,0.19196100250488726
15947,0.23579844193157695
15948,0.37815022176398233
15949,0.3864563879923982
15950,0.1910430104052994
15951,0.19236650549083714
15952,0.30120899805414514
15953,0.30180173704163027
15954,0.20587834370136673
15955,0.38066335658929623
15956,0.26320647741705033
15957,0.30471470443766757
15963,0.30723173843920143
15962,0.4398110976397945
15959,0.2637102489488798
15960,0.32494228190709584
15961,0.3387543186940318
15958,0.21585518127786094
15964,0.19136249373258088
15965,0.2635292538652012
15966,0.23137447558354118
15967,0.32476197186344835
15968,0.3155473512189388
15969,0.1720378563220398
15972,0.28208142764984134
15970,0.28488468025147096
15971,0.3677270885587726
15974,0.2766144845894786
15973,0.23531342402029484
15977,0.1399970382258746
15975,0.21646501732697268
15976,0.19496619780660596
15978,0.2764458497111904
15979,0.2104457728259739
15980,0.31196026525530457
15981,0.23249603331988167
15982,0.28748332718147585
15984,0.3431731686468183
15983,0.4067707988180201
15985,0.31132630431208175
15986,0.29991267067767785
15987,0.1837203537665003
15988,0.2930672837355184
15989,0.18238948085918205
15990,0.3206851670578695
15991,0.31052870300889174
15992,0.2208946891929157
15993,0.1744495415204119
15994,0.22625411234763115
15995,0.2049809526761538
15996,0.25711937772574744
15997,0.30220663726061203
15998,0.18812968672695532
15999,0.2943749925951314
16000,0.18422440336038703
16001,0.2504809784287411
16002,0.26989093362502664
16003,0.2413511217365083
16004,0.21512888931992827
16005,0.28968689132884556
16006,0.3520958201088234
16011,0.2900981273725747
16010,0.28254302587359037
16008,0.30320559037645656
16007,0.34966799612302274
16009,0.3179087232201417
16012,0.3391627572552543
16013,0.16481000576286356
16014,0.1843449997181932
16015,0.2118276035743969
16016,0.27722211943344677
16017,0.21339778232877957
16018,0.19220673841968727
16019,0.17972309566748768
16020,0.33748201547666046
16021,0.32989755042411795
16022,0.3009475867796843
16027,0.35618753790542446
16026,0.22849080804242936
16028,0.3231048161156232
16024,0.2005344527756717
16023,0.16936618474932896
16025,0.37934714970781264
16029,0.36109904352722716
16030,0.34053529374358593
16031,0.29659010239924744
16037,0.3061174064041157
16035,0.33026138797653726
16036,0.3281906083443465
16033,0.33208736203356565
16032,0.21967575425112673
16034,0.18200043243423428
16038,0.2013009461058187
16039,0.30811645456156506
16040,0.18812107403100894
16041,0.31873284166337396
16042,0.18921740859562963
16043,0.2890873174683554
16044,0.22615996889197776
16048,0.3182992673509751
16045,0.1962743437858525
16046,0.1702362895035929
16047,0.2083486094167858
16050,0.31778152333135445
16049,0.1771135950811783
16051,0.31551069721199754
16052,0.28932607239784836
16053,0.32640366125190273
16054,0.30118874159621517
16055,0.20179402635742724
16057,0.1840110445667804
16056,0.29640003758726846
16058,0.2043351573160975
16059,0.30010981297316297
16060,0.16347399320379663
16061,0.16665807993570003
16063,0.320297356191204
16062,0.32478342369606245
16064,0.41300684881512884
16066,0.3083487294123656
16067,0.3096520116658863
16065,0.21487892909057638
16068,0.30651831224922127
16069,0.3385147071778302
16070,0.3553343581670047
16071,0.4146796993838085
16072,0.17032629163964183
16073,0.2764693832466842
16074,0.2994979830245699
16075,0.20358354699398887
16076,0.17768513238680606
16077,0.27886655133237764
16078,0.32906652374616835
16079,0.17523724487296988
16082,0.18092119041457966
16083,0.37501011194947975
16080,0.3144195297344498
16081,0.4088368267512501
16084,0.33777721948570755
16085,0.3790744752559878
16086,0.3323617973089234
16087,0.29979437344009685
16088,0.1656905011224423
16089,0.22838816022924688
16090,0.31728507827892855
16091,0.20521635272611824
16092,0.31290881628313294
16093,0.19415214563765737
16094,0.33254414104409574
16095,0.30311552700619976
16096,0.31148908325493424
16102,0.19948247158254614
16101,0.226218496942352
16100,0.32112328245487987
16098,0.2031913537067849
16097,0.2143377998259025
16099,0.2433854745101097
16103,0.38227776909118855
16104,0.1710357064459561
16105,0.3378051410736535
16106,0.20661945995808642
16107,0.19744590642957563
16111,0.2851649394918256
16109,0.30057348851908183
16108,0.18428929578566874
16110,0.280980540078554
16112,0.20133569425152273
16113,0.2825061417650142
16114,0.2871991082341601
16115,0.298468465305798
16116,0.3157567153498258
16117,0.3175052388613489
16120,0.18660351911494563
16118,0.4215053534383437
16119,0.23686482251536087
16121,0.2794059009135031
16122,0.35149884861186126
16123,0.3423763844905963
16124,0.33016188509505495
16125,0.3255614665022085
16126,0.21190853609605484
16127,0.18578668520664554
16129,0.2714930963001851
16128,0.3170429794582105
16130,0.2784182903146339
16131,0.19389824695447822
16132,0.30483205776190037
16133,0.2653846331679139
16134,0.30020293726059893
16137,0.31384878389597287
16138,0.2309229339351324
16135,0.28228548096911393
16136,0.3091747397528382
16139,0.37602050720452507
16140,0.19317861015776472
16141,0.3784450513218182
16142,0.15338918255514492
16143,0.1875251309848215
16144,0.17277246276609193
16145,0.3131386666275225
16146,0.31480626924542304
16147,0.37008078065250793
16148,0.3388502875814717
16149,0.18415046257638581
16150,0.2415239994448639
16151,0.30451287462794596
16152,0.35183130971852367
16153,0.17080775741238785
16154,0.49923106991652694
16159,0.32237982341668164
16158,0.3969772219208654
16156,0.245752530515797
16155,0.2764784094038681
16157,0.2555344822670232
16161,0.1837103004497482
16160,0.3489625140858324
16162,0.2700353735305225
16165,0.29619789822081166
16163,0.19137081617082188
16164,0.2713305179253723
16166,0.2823045176819308
16167,0.31702330807105766
16168,0.23882032320162772
16169,0.2655289685480067
16170,0.23022108631655244
16171,0.18512204221759745
16172,0.21246954006403965
16173,0.3729739226326845
16174,0.2719783668221827
16175,0.3268516592951724
16176,0.18153253595314148
16177,0.2637130942295482
16181,0.26733358059855555
16180,0.23350810611321945
16179,0.22831793790796107
16178,0.3014068557104677
16182,0.29381057557427537
16183,0.1656363252104267
16184,0.23451979866926617
16185,0.19689385397533474
16186,0.17255213765327318
16187,0.25450077635407253
16188,0.2964208224761265
16189,0.3249006742098309
16190,0.35640981551960665
16191,0.3000067958131616
16192,0.3172812894566786
16198,0.3835658794145231
16197,0.23442035000436445
16196,0.18770607943288753
16194,0.18521546783323628
16193,0.29491107666229066
16195,0.2988745418486331
16199,0.3236365060987297
16200,0.1872927598792228
16201,0.17633468481067885
16202,0.1717168007907466
16203,0.214109164232004
16204,0.3903594884403632
16205,0.18334206983324206
16206,0.2872874765329884
16207,0.225909753203456
16208,0.3272800828500334
16209,0.17131847781003087
16212,0.3383933298437338
16213,0.28415940413638513
16210,0.25888803639252833
16211,0.24841325793774405
16214,0.29483310543589164
16215,0.28978395220875275
16216,0.17489596024812837
16217,0.3195834350853063
16218,0.20069846730462224
16219,0.3331269017341773
16222,0.2785291257929881
16220,0.32724789075281185
16221,0.2776584174887771
16223,0.3751216187681668
16224,0.27640559128255965
16225,0.39233081312634493
16226,0.18877128147071007
16227,0.20418000463767708
16228,0.18150573445873022
16229,0.22037847296134241
16233,0.3643792113687281
16232,0.30657718210906804
16230,0.33141148030512885
16231,0.23867980508970862
16234,0.20343499145247776
16235,0.21148672998288873
16236,0.17429732914373408
16237,0.20881008210808738
16238,0.2901560008810992
16239,0.3961855814764497
16240,0.15025961125108625
16241,0.17383155949298587
16242,0.3252165613834697
16243,0.15516012598769677
16244,0.2741711276254188
16245,0.31358804681054525
16246,0.20154777377981004
16247,0.21309737097226303
16248,0.21776654088846267
16250,0.32760420845611354
16249,0.2068721651898133
16251,0.2989537089922296
16252,0.2147407556445273
16253,0.29129022897333284
16254,0.3309539843441097
16255,0.3464073410076847
16256,0.19387765634343868
16257,0.3578202043017699
16258,0.18418007651051463
16259,0.40286482054464506
16260,0.16872548055274295
16261,0.3198643146521211
16262,0.23782156156897463
16263,0.2904142752880064
16264,0.30913861178145347
16267,0.30528198531627027
16268,0.20878754035066513
16265,0.22827515994633263
16266,0.28396312729157763
16269,0.3461513583496901
16270,0.29775465581397226
16271,0.3038376952381837
16272,0.24095385928644428
16273,0.33035424701552213
16274,0.20874893424778038
16275,0.41484894033866754
16276,0.27959255343728245
16277,0.42138638218858054
16278,0.3903594884403632
16279,0.32079210699175814
16280,0.3632012554942976
16281,0.29455466776560996
16282,0.2972638801703084
16285,0.2838439325968065
16283,0.18492819663013504
16284,0.20567338132540233
16286,0.25989744883716764
16287,0.1904848292813689
16288,0.17511974438263891
16289,0.24235767315711343
16290,0.15371660892114877
16291,0.17554902961340843
16292,0.3075936869995359
16295,0.2986549435186697
16294,0.17313986548456217
16293,0.39459260683396935
16296,0.32971744755149995
16297,0.3245918016050556
16298,0.2782886801509065
16299,0.3201164353632738
16300,0.30609647817620783
16301,0.2911160497211835
16302,0.19575863353640488
16304,0.31955020847148985
16303,0.270800065003016
16307,0.20047222167020937
16305,0.18881204842287258
16306,0.309147964335132
16308,0.27249110239782925
16309,0.2950829360709264
16310,0.3028847078929777
16311,0.23201938951151677
16312,0.31839187107592326
16314,0.3579469453355127
16315,0.3081725169337129
16316,0.19253856495977187
16313,0.18620417855092494
16320,0.23507183369440307
16317,0.21793293663224386
16318,0.36494651152682356
16319,0.22216990264751288
16323,0.3384996449551861
16321,0.28559237376799806
16322,0.27365556972883326
16324,0.21594246750032164
16325,0.3149667200047033
16326,0.26209869840043937
16327,0.39119862067153366
16328,0.202375752654123
16329,0.2543766667490043
16330,0.21312358957857583
16331,0.3387380720480469
16336,0.31310333642088345
16335,0.18221990020469292
16332,0.18663496481959294
16333,0.1751680447452867
16334,0.39568058953642776
16337,0.1896448567770471
16338,0.1723531979714293
16339,0.27068058968976644
16342,0.35565246831724334
16340,0.36057461321835743
16341,0.1487063862380808
16343,0.27781460266587926
16344,0.26074354762578417
16345,0.2003796585154007
16346,0.19556329644356732
16347,0.3263966894238243
16348,0.21035201678934193
16349,0.18103497123352072
16350,0.39439005006233785
16351,0.37815280995651257
16352,0.3444119084022881
16353,0.18877930763441822
16354,0.2673570527682297
16355,0.35972602039969753
16356,0.28836968880203223
16360,0.30390962446384256
16359,0.31401396020352834
16357,0.29999659305092313
16358,0.17273508378618016
16361,0.20204455559794735
16362,0.3504573312403909
16363,0.2879331365725258
16364,0.35016190078318604
16365,0.29829492215514664
16366,0.3347437141457931
16367,0.18839676597099486
16368,0.20058369585436173
16369,0.2895720368210714
16370,0.3129728862831045
16371,0.2229250704001237
16372,0.28435546908009085
16373,0.3389405724155556
16376,0.1796685559478758
16377,0.36429408940398006
16374,0.22305156854955321
16375,0.3444271388394864
16379,0.2805730976934304
16380,0.3019226615027005
16381,0.25416302849547395
16378,0.2983356102420506
16382,0.19109206689800085
16383,0.20570469545483275
16384,0.3235341917617
16385,0.3149951099034689
16386,0.2237565124536639
16388,0.18782422981568636
16389,0.3298459075757589
16390,0.30159970910809025
16387,0.20018655329769552
16391,0.3299219391520704
16392,0.1557248454399378
16393,0.27771327315846245
16394,0.17709818739495045
16395,0.2871731780786326
16396,0.3082779154927298
16397,0.31767747732289686
16398,0.2982394629333159
16399,0.2567902412747385
16400,0.2646954617748925
16401,0.34940259704236
16402,0.2954072896452839
16403,0.22262993112830162
16408,0.3380610308911622
16407,0.20127486333858813
16405,0.27722211943344677
16404,0.31839759508309395
16406,0.15509999684761008
16409,0.3173466338885969
16410,0.20774851669389646
16411,0.28058563382889556
16412,0.29890163535686604
16416,0.19284495902772916
16413,0.23299564932120395
16414,0.2893860130605825
16415,0.1707270470894352
16418,0.1389380625626818
16419,0.3407155920023642
16417,0.2346453030135807
16420,0.3325132028955678
16421,0.3009489629755454
16422,0.3025856317662371
16423,0.1898841187622011
16424,0.27581320846416796
16425,0.3148566530725746
16426,0.1958926451973766
16427,0.22721039801860854
16428,0.18054516483172536
16429,0.2474518682065021
16430,0.2072043425569103
16434,0.3018747497403815
16433,0.2928102788451287
16431,0.17258602004029275
16432,0.22887705400521755
16435,0.3196189926656357
16436,0.2075791554915701
16437,0.27743649226894673
16438,0.29667706120817766
16439,0.20081806166191393
16443,0.32811735761948563
16442,0.22449531128141387
16440,0.19832617978108125
16441,0.18779463122512222
16444,0.30861173188432134
16445,0.2138909740860507
16446,0.231541320648197
16447,0.29841832623304104
16448,0.2921867743781767
16449,0.18844787500815388
16450,0.30520951691429127
16451,0.2017992150985731
16456,0.30668629800601793
16455,0.29604411010154
16452,0.36230873323217344
16453,0.17733325449538792
16454,0.29884960559269785
16458,0.24249917926561038
16457,0.2867435575219542
16459,0.23290135109387464
16465,0.26535503948499256
16464,0.19420606066455126
16460,0.18604891787713587
16462,0.2205655702383286
16463,0.2173301652638293
16461,0.20157337474544268
16466,0.18964204684850025
16467,0.18935442379608303
16468,0.3049868782288388
16469,0.30085575712000007
16470,0.19137298919724
16471,0.4714764872181438
16472,0.3361178966552498
16473,0.18151903305133654
16474,0.3287265297180571
16475,0.33338852490540444
16476,0.22658936941020666
16479,0.21282641285438256
16477,0.1895698994319939
16478,0.2910369168681773
16480,0.31543308603063447
16481,0.19775426117894357
16482,0.29622031103797447
16483,0.4600116050780558
16484,0.20139757166509306
16485,0.2873204306532859
16486,0.22568743598957383
16487,0.21788271607712986
16488,0.30140630789428274
16489,0.4132579157854408
16490,0.23867470640108415
16491,0.2674475902007918
16492,0.19985194770141104
16495,0.18822653197252634
16493,0.20732563874084917
16494,0.31757726971034794
16497,0.30943416246379246
16496,0.27511702547602707
16498,0.20177907210225765
16499,0.3042793657692546
16500,0.19034088905450908
16501,0.35596964360322875
16502,0.36529774539073373
16503,0.24051775298738085
16504,0.3138420985874372
16505,0.24244454557448067
16506,0.19255894697065282
16507,0.3570707935017959
16508,0.20160151559974604
16514,0.24024627012108457
16512,0.3404164995452393
16513,0.35309184407655625
16510,0.20095622445693206
16509,0.4199950165518809
16511,0.3263337461067121
16515,0.2740772387942962
16516,0.1713075649181143
16517,0.24105671494206451
16518,0.2961229571062663
16519,0.36903713445054115
16520,0.5707777776001115
16521,0.2964564285047187
16522,0.2311589472171093
16523,0.5850370027170758
16524,0.34666243076566045
16525,0.37180845406783564
16526,0.3195842782679608
16527,0.26451719173454574
16528,0.28094619360285844
16529,0.3007658889833213
16532,0.44764970503509405
16531,0.1985371256090239
16530,0.32595680355925755
16533,0.4455133567398537
16534,0.31533759890935475
16535,0.33497849926986856
16536,0.22390345462354855
16537,0.23596423954598533
16538,0.21546320483314566
16539,0.3151585780807497
16540,0.5446759565250733
16541,0.2173895002092803
16542,0.49253619566554335
16543,0.19832709332347453
16544,0.3349991843629017
16545,0.22710786235333771
16546,0.40325088038931023
16547,0.2898104740067054
16548,0.26427478144590916
16553,0.33675103812195334
16552,0.37995941270959105
16550,0.3250566274571253
16549,0.23576912649586476
16551,0.1958912931608934
16554,0.29589830499961495
16555,0.25508381994519685
16556,0.4135415785152317
16557,0.29579443291145563
16558,0.2183987709245809
16559,0.34365806807223104
16560,0.3872539425491493
16561,0.3753442486256194
16562,0.27300208823670324
16563,0.2586872393816025
16564,0.3730552249638543
16567,0.24879058875229954
16568,0.33791480207566393
16565,0.1812327181809605
16566,0.339665450823551
16569,0.20370614250580651
16570,0.3103023948655749
16571,0.328915051247124
16572,0.21198341924206665
16573,0.16690381068807425
16574,0.2752421009773516
16575,0.2000397891338516
16576,0.31925471956929224
16577,0.3460408620569136
16578,0.2399112966084099
16579,0.315352667701336
16586,0.23263800444044436
16584,0.3835758988809537
16585,0.18158817061345522
16582,0.35014718776219406
16581,0.23435733816395762
16580,0.24050075693394465
16583,0.49197327920055783
16587,0.21759312346821547
16588,0.38224624189901085
16589,0.24128335291885028
16590,0.33210801377236604
16591,0.19143047466903107
16598,0.3086797496139631
16597,0.20897778976411718
16596,0.17392025784484644
16593,0.19752872358653614
16594,0.22430118316483852
16592,0.21084741158311593
16595,0.24083341819617232
16599,0.20733490329915105
16600,0.398323914847424
16601,0.20069331719588546
16602,0.2135433157739115
16603,0.21444239096817122
16604,0.3641595691478819
16605,0.20759323327514626
16606,0.23521021310392595
16609,0.27771890937495497
16607,0.32726458993015456
16608,0.29151369938870325
16610,0.18678517361699484
16611,0.23330725630314264
16612,0.31289035526331
16613,0.30621652129523413
16614,0.3728143690500454
16615,0.19757542089910674
16616,0.3720652675811418
16617,0.2633382716539783
16618,0.20341350935696967
16619,0.2425936649453496
16623,0.31257556986598534
16624,0.21543714883683707
16621,0.3527281685721863
16622,0.3313632280856864
16620,0.2112189575799701
16625,0.23534255511476557
16630,0.33769225982893936
16629,0.21225440142745491
16626,0.2073883127025736
16627,0.2763498414208539
16628,0.31333310118291324
16631,0.3897570122258702
16634,0.2545507956340782
16633,0.4029848417623838
16635,0.2399117604437324
16636,0.379432448375243
16632,0.3365168634382725
16637,0.2369089014918783
16638,0.2974815617397886
16639,0.18823710529714302
16644,0.3380694087826999
16645,0.2509999600338892
16642,0.3815044701737109
16641,0.1997123197679919
16640,0.22792185247984162
16643,0.32435105118528523
16646,0.3404319123187756
16647,0.34523556200540356
16648,0.4676311621714843
16649,0.3111572442856297
16650,0.2165294785599604
16653,0.3467689235014533
16652,0.3527013491734962
16651,0.56753571855112
16654,0.22580150251370212
16655,0.23038208491599113
16656,0.24060987578881954
16657,0.19544991736004694
16658,0.2183968228240605
16659,0.23253716128907084
16662,0.29685015766522793
16660,0.42128067885002934
16661,0.3726645022654198
16663,0.24624830854628835
16664,0.3535973910533679
16665,0.27058180861889697
16666,0.20198228408107374
16667,0.3524594788116184
16668,0.36993746411971357
16669,0.38296737122602664
16670,0.39793019138106817
16671,0.37975330082233233
16672,0.278602536296177
16673,0.5025498998169798
16674,0.40388469521806103
16679,0.35207329390288117
16678,0.33803401080270784
16677,0.4962644283878687
16675,0.3578040381240082
16676,0.3613664345794458
16680,0.31259655788668406
16681,0.3119778957482296
16682,0.3090832199932569
16683,0.38403108768097843
16684,0.3461444774187365
16685,0.2891333318933447
16686,0.2041089234156681
16687,0.3348472156594626
16688,0.239042914876025
16689,0.4048258480848548
16690,0.28387226061406146
16691,0.3343181498572081
16692,0.41367700712750016
16693,0.31335006353746536
16697,0.36296732353931205
16696,0.28871554217690404
16694,0.32786741816605947
16695,0.2457172682835568
16698,0.23077672555140352
16699,0.3287873004829452
16700,0.19945294931263388
16701,0.18272733378110584
16702,0.19338760305684555
16703,0.20612516653520283
16704,0.42147694815919223
16710,0.31261516850629173
16709,0.3270881173969907
16705,0.35295801917826863
16707,0.18914548132521425
16706,0.3635255289369594
16708,0.365514780460408
16711,0.3558004996247692
16712,0.396926128363466
16713,0.22723890262362959
16714,0.30909717309013063
16715,0.28208488483497396
16716,0.3269181453156121
16717,0.17368442201090625
16718,0.20376017046260522
16719,0.3222421861942583
16720,0.2986876328280884
16721,0.42107701284989235
16722,0.5123878373788727
16723,0.3699549542377476
16725,0.2910587540131684
16724,0.22854544685875966
16726,0.36643907302605516
16727,0.24648594241928168
16728,0.20330304028169785
16729,0.2708128994101218
16731,0.1996510498470303
16730,0.2787530476910222
16732,0.3934439093933535
16734,0.32937869116073015
16735,0.18650527868761932
16736,0.23905976245570384
16733,0.20599778323164178
16737,0.24750530866018527
16738,0.23491946542616549
16739,0.4171336800547059
16741,0.33809294459551636
16740,0.33807725372828307
16742,0.20274663204281906
16743,0.4066424331461489
16744,0.47613666812491845
16745,0.2756361604668296
16746,0.26697826837072575
16751,0.29978559181371095
16750,0.5659200353100416
16748,0.34175236798752945
16747,0.3517888744003565
16749,0.32316327977014286
16753,0.20564692636783918
16752,0.370820392400993
16755,0.37663082286030103
16756,0.249097879525125
16757,0.17394676237497497
16754,0.23388060917341477
16758,0.33533073412313
16759,0.271363092578734
16760,0.34725985575119594
16761,0.2035160478798507
16762,0.25022999511697847
16763,0.3327151019162507
16764,0.24805748631648572
16767,0.3526348705852407
16769,0.3130232779550543
16768,0.2325352394504526
16765,0.27266331375800307
16766,0.3147849858303489
16770,0.3346252406665166
16771,0.3123301003590222
16772,0.4108943305425454
16773,0.3853126706488854
16774,0.20352025336654145
16779,0.3192523686731316
16778,0.2432793773629819
16776,0.3522945053634483
16775,0.3519400202618412
16777,0.3012276409520994
16780,0.21665144770625408
16781,0.1806783327663014
16782,0.2100949755302907
16787,0.3622771536951177
16786,0.25968671230341234
16784,0.36656147559271135
16785,0.5062637278821661
16783,0.24605836850877325
16788,0.3854271057419954
16789,0.34973008776923153
16790,0.3524478726411749
16791,0.27747510312333973
16792,0.37037359440607487
16793,0.21702181366049286
16794,0.3289637576452822
16795,0.3532013242521268
16796,0.36609168868470165
16797,0.32685321083613733
16798,0.44924688490814574
16799,0.3264082210895321
16800,0.2119302590379982
16803,0.22518821210048412
16801,0.2106254992457901
16802,0.39830862746690987
16804,0.20733490329915105
16805,0.2822245745482845
16806,0.20862374511104345
16807,0.17405014373096686
16808,0.22702094645656845
16809,0.30328819053827166
16814,0.4785393528608941
16813,0.3586561193375775
16811,0.3459206082488402
16810,0.21226532481353103
16812,0.3584720875334914
16815,0.37886879081358016
16816,0.20153133641813456
16817,0.38240865812537
16818,0.31840869523583093
16819,0.27810910650754844
16821,0.20673013889799494
16820,0.4035916315748249
16824,0.33996194380839667
16822,0.2818240908078477
16823,0.3337772627863496
16825,0.3613063618015855
16826,0.22942723552481348
16827,0.30007071717333594
16828,0.39576735023164433
16829,0.29628213527031216
16830,0.30323368632445596
16831,0.36032283840341855
16837,0.23922001043603247
16836,0.34053477417874783
16838,0.2569757610212347
16834,0.23174505045671023
16833,0.2773430947374693
16835,0.1969296346986533
16832,0.33912481370749864
16842,0.32345453067721774
16839,0.3380368660552863
16840,0.3179915872294356
16841,0.30367764722158536
16843,0.19853037119801872
16844,0.16251298342831663
16846,0.29713662859928064
16847,0.18278925977632365
16848,0.33709829476843484
16845,0.30162031460459476
16849,0.1972165983166839
16850,0.20639565602884294
16854,0.38902239939156674
16852,0.2457955184261327
16851,0.431324840070695
16853,0.23512918591790058
16857,0.2062169054991585
16855,0.20839396817506559
16856,0.20289934540413865
16858,0.34877491421851686
16860,0.2340632718031468
16859,0.3321440155674678
16861,0.2248540617718464
16862,0.3767579295906742
16863,0.2112662156534262
16864,0.5884870448223251
16865,0.2170687303222365
16866,0.32460815981357444
16867,0.21233638852325484
16868,0.3000357944342254
16869,0.21536027075650663
16870,0.3974912425261205
16871,0.2390882247140301
16872,0.22220648576327232
16873,0.30196977347208626
16876,0.2493397904751591
16874,0.24782179123767603
16875,0.39773516513102947
16877,0.45748099624023814
16878,0.4942776506711035
16879,0.2738942863174698
16880,0.31805920106353486
16881,0.346556967802006
16882,0.2691032965283354
16883,0.22017342891443628
16884,0.2648644664627015
16885,0.4502630696177696
16886,0.23977417838506995
16887,0.3349961668058983
16888,0.20246736804099194
16889,0.2908718750093335
16890,0.2203620872992641
16893,0.3403213615818124
16894,0.42120363545387324
16891,0.3356694016302956
16892,0.2502716631179898
16896,0.21433044932786915
16897,0.295093696873086
16898,0.22145372584496423
16899,0.33097543998656276
16900,0.3475968654286103
16895,0.3563878450672635
16901,0.20573586852192874
16902,0.21363517198957713
16903,0.23537707385667486
16904,0.3213615139096358
16905,0.3225360157471235
16906,0.26314048271239193
16907,0.2727163979067934
16913,0.3673010412178143
16912,0.20368577841655774
16911,0.1740347784330687
16909,0.3011633729851371
16908,0.2253150238376835
16910,0.22609148476879434
16914,0.21268524143249412
16915,0.27566551697340513
16916,0.3974207141153438
16917,0.2774867251806798
16918,0.21563589055981777
16919,0.21496142022531672
16920,0.23278246021100177
16921,0.2083903107872707
16922,0.21138252827175444
16923,0.33484862042378855
16924,0.1728281579681672
16925,0.2418116553548905
16930,0.2597648295908648
16929,0.29271031096107564
16927,0.1837182287167245
16926,0.33760167652890005
16928,0.3951049016375656
16931,0.23483529998717798
16932,0.2618352658214567
16933,0.18658521580184417
16934,0.30963319218027713
16935,0.21581699044543812
16936,0.3766033955370313
16937,0.30953978103764124
16940,0.1938467854144319
16938,0.3688089037721162
16939,0.27489846745926944
16942,0.2805117347541352
16941,0.29921934935365885
16943,0.2172924128271743
16944,0.3587719889417326
16949,0.24781875619721394
16948,0.18036186110709565
16946,0.26427918973526865
16945,0.3756147836013688
16947,0.23228344895935746
16950,0.20298888020039615
16951,0.2371738235294789
16952,0.3718049179382639
16953,0.2223223294019698
16954,0.23427861798293592
16955,0.22625157228885737
16956,0.4031152875530453
16957,0.24742852312061772
16958,0.219802856403036
16959,0.35115462753008675
16960,0.44888076425585616
16961,0.2395014034796742
16967,0.19859404828396846
16965,0.2509834069670481
16966,0.32833918519289607
16963,0.22464445389247878
16964,0.32342716037472213
16962,0.31496896058178087
16971,0.2500476107496025
16968,0.40446300286542053
16969,0.3949952247954382
16970,0.2750936429843414
16972,0.31148908325493424
16973,0.2036736159853432
16974,0.3621778022817394
16975,0.3466096501520753
16976,0.2546401936319918
16977,0.3227089397785952
16978,0.2634840001369899
16979,0.22977358692397712
16980,0.3285713541802572
16983,0.3296829183288164
16981,0.23995045780476798
16982,0.2120655226843748
16985,0.24654673796792703
16984,0.22847697434468453
16989,0.3130321919700351
16986,0.3074434838581475
16987,0.2051499504616523
16988,0.20414127124803635
16990,0.3559416198370333
16991,0.40610507277689245
16992,0.339073296202999
16993,0.34442215813684235
16995,0.22181737823859446
16996,0.3387617132028753
16994,0.322240557638636
16997,0.3276312479007034
16998,0.3465318429451108
16999,0.21681568901018922
17000,0.3361250417044808
17003,0.2545841405687938
17002,0.2547530669763865
17001,0.27032307691969654
17006,0.3836496677879091
17004,0.3644697182163498
17005,0.36470525236762436
17007,0.2269040805068598
17008,0.18367655506669378
17009,0.33731265229957663
17010,0.32417265105674425
17011,0.24501880692119418
17012,0.16840244034533158
17013,0.3223741964072931
17014,0.21148916756256855
17015,0.32223726639766265
17016,0.33914207141792896
17017,0.41467485681831023
17019,0.3047406143575655
17018,0.2133716293594395
17021,0.42073252742502326
17020,0.28191245828447853
17022,0.37615804018430404
17023,0.3086182433105993
17024,0.21572125877245438
17025,0.19251571746592633
17026,0.33284601257031005
17027,0.34832115460046453
17028,0.24688962907656872
17030,0.33862261245471775
17029,0.21034945389304216
17031,0.3274208867107559
17032,0.2403125059609056
17033,0.23160649909164435
17034,0.3743412385911415
17035,0.22845125431201385
17036,0.3044460392391022
17037,0.3607466151121652
17038,0.22693731390098396
17039,0.291743563883613
17042,0.3370828758785022
17040,0.21521502208269552
17041,0.23324538092577954
17046,0.2323827620463412
17043,0.3532013242521268
17044,0.334137288001292
17045,0.3318042794691272
17048,0.3144777032677733
17050,0.26267184944692856
17047,0.2960587569761281
17049,0.26223689191092203
17051,0.5473065968833325
17052,0.2225324110574538
17053,0.27692254340605676
17054,0.34340162544209063
17055,0.44022010864792244
17056,0.23713011237216922
17057,0.2118235218397316
17058,0.33822793420980485
17059,0.20302331158084153
17060,0.37880937346698423
17061,0.3469479183834603
17066,0.33040161804696155
17065,0.30094359101419266
17064,0.41369458209141463
17062,0.3733097846189282
17063,0.28885103646616433
17067,0.36122502912289994
17068,0.23254353121113533
17069,0.46149240077220055
17070,0.3177537604961114
17071,0.2819864489951595
17072,0.20655898848239648
17073,0.2284562587377573
17074,0.25782831540840473
17075,0.3402887769375016
17076,0.31885641039241447
17077,0.4523160643058038
17079,0.39495240658300573
17078,0.23821676132408678
17083,0.2182061073695862
17080,0.3648945546963009
17081,0.3601635438704196
17082,0.3241026015980741
17084,0.38355546284670616
17085,0.27639092858133124
17086,0.38887202227970635
17087,0.25205402026081475
17088,0.278922433416769
17089,0.22827031856634017
17090,0.211319221633108
17091,0.2975632086372707
17092,0.20302825621555828
17093,0.34114395275107245
17094,0.22900115864706824
17095,0.35726090079127953
17097,0.40700244816637604
17096,0.20110702383790532
17098,0.23965420916333913
17099,0.23881289512880968
17100,0.568702327844862
17101,0.22492037812983603
17102,0.31386472838938306
17103,0.18368484657503759
17104,0.42172915097973607
17105,0.36113010269400236
17106,0.2251120970994457
17107,0.31916389979606286
17108,0.1721457082246524
17109,0.41467485681831023
17110,0.3226743367400742
17111,0.2464098939981608
17114,0.32748899433329054
17113,0.29794679168655486
17112,0.3820242265107771
17117,0.2993978294160659
17115,0.3312472736820953
17116,0.26035463584242663
17118,0.2890245952454018
17119,0.20752051604730526
17120,0.33155369530884776
17121,0.31871530898828354
17122,0.22113908279212666
17124,0.20759233259621376
17123,0.2129469149573111
17125,0.3764322795273651
17126,0.3319385117327999
17127,0.26229465472838237
17128,0.25603383981698274
17129,0.19272581028185323
17130,0.275407449693663
17133,0.25772852508503563
17132,0.2586380982521298
17131,0.2627464142676464
17134,0.2351211227572623
17135,0.2916996188456182
17136,0.3892649837066878
17137,0.21677930753722688
17138,0.3657595754994378
17139,0.21462859973975454
17140,0.32829298172526183
17141,0.23312577062612058
17144,0.3657294909012692
17142,0.4810908827420273
17143,0.35406320261707575
17145,0.2367028265596435
17146,0.2052291179935037
17147,0.3245604199216873
17153,0.21009177973150564
17152,0.3621139573518586
17149,0.29011861987803406
17150,0.23229729857492662
17151,0.33335751966853905
17148,0.33730920885396204
17154,0.3116975051183984
17155,0.25622338388512905
17156,0.2151830323361037
17157,0.2366973602492659
17158,0.16502958640622636
17159,0.3285963435008872
17160,0.3650536166978709
17161,0.2975005344114035
17162,0.29581518492340947
17163,0.1931019243929454
17164,0.3523997636349547
17165,0.2150029251363482
17166,0.18068800390679574
17169,0.1822880626135307
17168,0.2262729054320234
17167,0.21955093290876163
17170,0.27581344505483235
17171,0.21799097894687433
17172,0.17624236867421803
17173,0.26124225881442986
17174,0.21034945389304216
17175,0.34121471486742583
17176,0.2717137621763288
17177,0.428261699940337
17178,0.32989755042411795
17179,0.17749485966697168
17180,0.33808915783331356
17181,0.30882850115113564
17182,0.24012409133999965
17183,0.21776111773419374
17184,0.2972685560017538
17186,0.1955199094625236
17185,0.17571074777899318
17189,0.21171412905016865
17187,0.21348952307017652
17188,0.362576780681417
17190,0.23125429682245677
17192,0.2508625266278475
17191,0.328103579260408
17193,0.21382366988618728
17194,0.2929783827705663
17195,0.3001768798994428
17196,0.19122319961098136
17197,0.18833810094865946
17198,0.32240506834143373
17199,0.27438327812579183
17200,0.3393112603444884
17201,0.3146214252398865
17202,0.3073934891824967
17203,0.2766112628631365
17204,0.3103520984562562
17208,0.17427723456525093
17206,0.3253624173235431
17205,0.31071966840328974
17207,0.1807944216207472
17209,0.18147948814834045
17210,0.2905099401653655
17211,0.19291039105203514
17212,0.16862645937846052
17213,0.23740959682357857
17214,0.2994141617444819
17215,0.2735549346858845
17216,0.20743166493395257
17217,0.34461569366783507
17218,0.4040085135366451
17222,0.3378878982394104
17223,0.28576132263972703
17220,0.3861065323505158
17221,0.3247705406969131
17219,0.16579024490326674
17226,0.27542989894001035
17224,0.1842123900279213
17225,0.29014651690967797
17227,0.19510977404850383
17228,0.30860775269979707
17229,0.363081096453895
17230,0.26415552353228705
17231,0.21211591585217993
17232,0.22978134380509885
17233,0.32894135466005353
17234,0.22714217348476637
17235,0.27980093013303636
17236,0.24973449106703416
17237,0.1651863000974557
17238,0.1920361421739369
17243,0.26535503948499256
17242,0.32202944297219627
17240,0.3760332201843826
17241,0.29162086309126783
17239,0.3250206921928557
17244,0.2881671573278544
17245,0.33149205241803315
17246,0.36060612376699414
17247,0.31135873357044425
17248,0.2198054142779348
17249,0.2325852864150637
17250,0.18137149713218695
17251,0.32698059713897526
17256,0.24948133895123456
17252,0.20325730047295743
17253,0.21930022376445327
17254,0.22858272803437277
17255,0.3857676830129404
17259,0.2521003503100599
17258,0.3516103059344351
17257,0.22821065329254475
17262,0.24509166133570282
17261,0.22940222976197347
17260,0.1770092371090287
17263,0.2754983252138606
17264,0.35228468831915194
17265,0.3055318164319608
17266,0.3094244167720879
17267,0.2971308203667869
17268,0.2385407350076605
17269,0.23991947869202387
17270,0.3076158591630823
17271,0.22492724400056666
17272,0.17296626956079209
17273,0.19757383624254143
17274,0.24858419253054986
17275,0.21663643199248553
17276,0.20858936776129008
17279,0.2206758944887672
17277,0.3703169239061452
17278,0.16626506327705476
17280,0.16604799681574461
17281,0.20079362534444503
17282,0.3586939431343212
17283,0.27547794594631697
17284,0.2897220072807481
17285,0.3023189784957181
17287,0.3002878186514712
17286,0.26094819855548923
17288,0.18327750770205462
17289,0.3381912946098775
17290,0.3159997805476465
17291,0.3201318328431206
17292,0.18302678394363148
17293,0.23389734889224256
17294,0.3986704733027529
17295,0.25375007572874103
17296,0.320371715497151
17297,0.19380865403158745
17298,0.16394217847726647
17299,0.20804644382798712
17300,0.3138642913795389
17301,0.3279444032418351
17302,0.30550120377504153
17303,0.22402454851503117
17304,0.20860814671268613
17305,0.3293334610420633
17306,0.30483205776190037
17307,0.2843832171339132
17308,0.2550729745538721
17309,0.1840639576693716
17310,0.38489866829209585
17313,0.3176300589856778
17314,0.30174696122919564
17311,0.3640405305506537
17312,0.28110818652704234
17315,0.2922539688343981
17316,0.3385090801204908
17318,0.18726172323852808
17317,0.41387635958695906
17319,0.2086798496587172
17320,0.3237246810107199
17321,0.36366033151284977
17322,0.194459593408275
17326,0.18289506496048336
17323,0.352892057280642
17324,0.22234338351395802
17325,0.17867458925843738
17327,0.21669552098513897
17328,0.17422813123242317
17329,0.14914073355931448
17334,0.422122778691946
17333,0.2541512620109861
17332,0.2068695844044632
17330,0.22783822314483307
17331,0.20162282836989145
17336,0.21730201031218985
17335,0.2284181037377884
17337,0.4041310393329745
17338,0.30465660021093544
17339,0.3776156393929237
17340,0.18973839116044047
17341,0.27633324608822035
17342,0.18689916370114534
17343,0.3613203642254959
17344,0.3981201763925542
17345,0.2097021927569512
17346,0.2753279624206562
17347,0.2865118103674762
17348,0.30754273499651325
17349,0.31704110696268645
17350,0.27545325479143734
17352,0.206575493406317
17351,0.2655289685480067
17357,0.3410942269460457
17356,0.29274607400760017
17353,0.26100725457767643
17354,0.19067645773378558
17355,0.3001073132810197
17358,0.337904620982796
17359,0.34350627372967546
17360,0.2885394928792095
17361,0.20746393467577826
17362,0.3096241373072363
17363,0.17633468481067885
17364,0.1736277198835472
17365,0.19004352825850354
17366,0.3126815060428387
17367,0.18685357298282487
17369,0.20020965962996087
17368,0.1896306902661786
17370,0.2503993469385056
17372,0.19183714638429658
17371,0.26777219599728946
17374,0.3442021994260935
17373,0.19373337649021485
17375,0.18143730392722593
17376,0.4125781658507551
17377,0.20255418668716038
17378,0.2238939097171635
17379,0.1819827239207595
17381,0.24874012697465853
17382,0.21464507518106132
17383,0.220125900775857
17380,0.3954955171038561
17384,0.3269050170922505
17385,0.2926504824119182
17388,0.42139075004446247
17386,0.3944457395127401
17387,0.20842048774680413
17389,0.3482942371140843
17390,0.288026360563725
17391,0.22045055823427706
17392,0.19598040311391937
17393,0.33289486031117554
17394,0.24035324127723753
17395,0.34238004645914916
17396,0.3480538933295643
17397,0.33534134321279674
17398,0.21531341684445246
17399,0.2912112655848836
17400,0.18947800992973762
17401,0.23915754827868937
17402,0.30246248020215977
17403,0.16168340487255886
17404,0.18615483078642203
17407,0.289621304719075
17405,0.17294779927975232
17406,0.14833036179152756
17408,0.22700546089551774
17409,0.30159003447208527
17410,0.22979920047631053
17411,0.3582178664859567
17412,0.2902046851304749
17413,0.19933088002801783
17414,0.25670599201334837
17415,0.34442294415599345
17416,0.24523879942886326
17417,0.22355822626251468
17418,0.2877484624708078
17419,0.30860863166955727
17422,0.41353092380111933
17423,0.3281097289534098
17420,0.17506171715480326
17421,0.3217018799769547
17424,0.23460337344190108
17425,0.24950953096784056
17426,0.268099064990952
17427,0.5504894617589736
17428,0.23531342402029484
17429,0.2835261132082893
17430,0.3270581180170399
17431,0.3082146245090918
17432,0.2784416914577308
17433,0.1840639576693716
17434,0.2638170676890229
17435,0.2064567692224065
17436,0.3067529362380284
17437,0.28755967635390717
17441,0.1882075289243839
17442,0.2124258452162137
17439,0.17565324075088554
17440,0.2692951992295653
17438,0.2893554957470188
17443,0.41385549419844425
17444,0.2425936649453496
17445,0.18973839116044047
17446,0.2441909128958242
17447,0.28417089966525527
17448,0.33952475675102606
17450,0.3188951724951791
17451,0.16670051605877825
17452,0.22509231637185612
17449,0.22291125610560533
17453,0.18818237226941603
17454,0.21430359069144858
17455,0.1826329759028342
17456,0.2031859120925905
17457,0.33961827318676363
17459,0.20647590186900863
17458,0.2572072962351122
17460,0.19203521080657127
17461,0.17338711662527484
17462,0.3713161659756053
17463,0.1893839260287752
17464,0.3958635590856659
17471,0.20402955642624485
17470,0.29102639321210044
17469,0.17478266077992022
17468,0.2878503753079524
17466,0.17350583478650314
17465,0.15350647450520982
17467,0.21617627316685264
17472,0.269495813883803
17473,0.375144751508105
17474,0.18784484221101108
17475,0.18641282675085077
17478,0.31155311792402207
17479,0.337408214230216
17476,0.18662164831218941
17477,0.3002581096732036
17480,0.41346725166604864
17481,0.19957823892548188
17482,0.21107998673249476
17483,0.2264982639207458
17484,0.1960789098751937
17488,0.3036071738570355
17487,0.28318250029848485
17485,0.2122149030135155
17486,0.2989651658960095
17489,0.20780111867490944
17490,0.3588386987665737
17491,0.2943876968165285
17492,0.3118576958994939
17493,0.37698760340006604
17496,0.15668847426277668
17497,0.20854842443566327
17494,0.3338181674526526
17495,0.2220446442403293
17498,0.18512054066101738
17499,0.40679727561410833
17500,0.3436839024583697
17501,0.20133414780868933
17502,0.3071706844854278
17503,0.2752636452914596
17506,0.19100141639795232
17504,0.4304377118665868
17505,0.26323263418385584
17507,0.22667992509122661
17508,0.28527139984173305
17509,0.29494750166927053
17510,0.20063010564546846
17511,0.2377554256944201
17512,0.18894576274630467
17513,0.2141784524825825
17519,0.212175885209923
17518,0.3071324427682423
17516,0.37256246061037573
17514,0.4234285700144918
17515,0.21685343071590216
17517,0.18276532741703766
17520,0.30083171697943956
17521,0.33774085252961045
17522,0.32596974537367396
17523,0.17684491697526225
17526,0.34467886660078645
17527,0.2280548068135475
17524,0.17406907505414884
17525,0.26166292087344395
17528,0.17426136899924427
17529,0.2828309197394462
17530,0.29919934628326317
17531,0.3109877075518012
17532,0.24662989220993914
17533,0.1706968868466743
17540,0.34052869362984434
17541,0.32252434577331246
17539,0.215850835442473
17535,0.3263268618862489
17537,0.17242214325665461
17536,0.2833438615600758
17538,0.18254334754442078
17534,0.17787344874414032
17542,0.19409281481559973
17543,0.3516375537490936
17544,0.1549067843122953
17545,0.21313654020213504
17546,0.2981552064780583
17547,0.18941285093008575
17550,0.30883136468039396
17548,0.18734759179988983
17549,0.305522996439507
17555,0.20358354699398887
17554,0.3287645636910392
17551,0.2987467696632846
17552,0.2993226635051691
17553,0.31911157900430426
17556,0.26206104864512714
17557,0.2656260146068404
17558,0.3393388755671427
17559,0.17060082278663494
17560,0.32891897853349833
17561,0.19105665446398834
17562,0.18276003063081428
17563,0.217947489016762
17564,0.20467384451450146
17565,0.34242598968771515
17566,0.1846606758026653
17571,0.2787788674702241
17570,0.34090701934702006
17568,0.290151648253951
17567,0.33396074632098455
17569,0.20946278039750724
17572,0.14850322940094843
17573,0.5952010733144294
17574,0.18625967877037564
17575,0.3408095304996497
17576,0.21579390784303695
17581,0.20628458810035447
17580,0.19355505422293437
17578,0.2787523095871008
17577,0.2970219854061924
17579,0.3530770819347849
17582,0.16920107481914495
17583,0.3561983438866696
17590,0.16485542250787458
17588,0.31197663618967986
17589,0.20135127172578793
17586,0.20282427409819312
17585,0.19851976426614085
17584,0.20131545406239285
17587,0.2918819338866396
17591,0.2912864185294774
17592,0.4834185977077607
17593,0.2908014615964538
17594,0.21192848980505752
17595,0.3384771473640468
17596,0.18115362225242904
17597,0.3398363153677917
17598,0.26371150837917706
17599,0.28008270812749303
17600,0.18265391079285
17605,0.19360296451533698
17604,0.23487485638548466
17606,0.2989439028722951
17602,0.2054219701663628
17601,0.15022146471963208
17603,0.3404515728631153
17607,0.18746315512974485
17608,0.2683692823138797
17609,0.3101342990393552
17610,0.20116191893599264
17611,0.3299972699793196
17612,0.29823858407832027
17613,0.17792664092725388
17614,0.3027591976089429
17616,0.27084846309655025
17615,0.2193585296896431
17617,0.2951046645780885
17618,0.2744912232597481
17619,0.3591370144057306
17620,0.3265850215107839
17621,0.2775472415231754
17622,0.3402601254618314
17623,0.22404328853928157
17626,0.318399742047411
17624,0.3030358169859027
17625,0.2942442195606616
17627,0.45318226056393235
17632,0.21591395769154487
17631,0.3685244228671984
17628,0.321889457933081
17629,0.22366774862697372
17630,0.199921000377799
17634,0.17434440926839576
17635,0.19366228932046547
17633,0.3082553978592931
17636,0.29902651891105064
17637,0.30117416494562005
17638,0.2601464136602269
17639,0.3193441378389373
17640,0.20305098311615896
17641,0.34375315541862045
17642,0.20845347337653716
17643,0.17994882853660188
17644,0.311108916757941
17645,0.34032858568992835
17646,0.2045080531346455
17648,0.1804225820070001
17647,0.18635078428658938
17650,0.22221825316156438
17651,0.3367493913024691
17652,0.1538422311054258
17649,0.31966271950786124
17653,0.22820412542181023
17654,0.20484311491048168
17655,0.18106989375023122
17656,0.35882335706612994
17657,0.32588470561636607
17658,0.16017664912690743
17659,0.2071139012213343
17660,0.3301856599609969
17661,0.21135193326624857
17662,0.2113233391161143
17663,0.3052066755024551
17666,0.34839382350160136
17664,0.14811097731155395
17665,0.33969567729538497
17668,0.24250990703975006
17669,0.3405586937681648
17670,0.2853480282877964
17667,0.4112461710642139
17671,0.2937337102268223
17672,0.3233526104255251
17673,0.32401990732774427
17674,0.19983911140019175
17675,0.32956145348047855
17676,0.22302071440089166
17677,0.3778092111717677
17678,0.25625871121625016
17679,0.31734153629911915
17684,0.46966676134580343
17685,0.2977387091709491
17683,0.20029639800495735
17681,0.250603323443728
17680,0.3496364410165353
17682,0.43963270760514034
17686,0.3662737559207854
17687,0.20897510057462734
17688,0.3126167686787016
17689,0.1822341516173179
17694,0.18370154182132362
17693,0.2605746749056826
17692,0.39602768593570875
17690,0.2235370222819145
17691,0.2765671407219195
17695,0.21392039346163047
17696,0.2953695448025114
17697,0.35273617392517864
17702,0.18607825333797703
17701,0.23427636708174582
17700,0.40684072634313173
17698,0.3120320569373374
17699,0.3099823055015233
17704,0.21027026503710852
17703,0.2984392088357715
17705,0.20141302294735522
17706,0.27628155655793485
17707,0.33803881285507503
17708,0.2991780387710356
17709,0.24886595883806764
17710,0.19422906134641219
17711,0.3687715442547967
17713,0.4066748971304219
17714,0.20740355140185976
17715,0.29853284145389064
17716,0.3375560577293264
17717,0.3280651295019933
17712,0.3244642110117976
17722,0.2977887908966481
17721,0.3404133655835029
17720,0.3223629379582564
17718,0.34687377673777936
17719,0.26382927188994393
17723,0.3359070229474131
17724,0.3351433220187991
17725,0.3461878019755926
17726,0.33385668828843684
17727,0.3509968360921673
17728,0.39397551164762684
17729,0.28111110024184666
17730,0.33111567959182747
17731,0.17395159073615354
17732,0.36236432429898496
17733,0.1911943389442223
17734,0.404235260593863
17735,0.35182774387426125
17738,0.323872247137416
17737,0.3511431693492388
17736,0.4245918283926701
17739,0.31411363035231105
17740,0.2033367679579091
17741,0.37012121903855627
17742,0.5943626611292103
17743,0.38976920696981887
17744,0.33958992417973066
17745,0.4045478122184259
17746,0.19019190539110176
17747,0.21433044932786915
17748,0.2866211876683669
17749,0.28506996049466743
17750,0.3178794560772316
17751,0.19311826025509438
17755,0.19361526670736262
17756,0.19302869765270703
17753,0.21733844423449056
17752,0.19382948652110807
17754,0.30019677073000167
17757,0.21060809251829196
17758,0.44527526901086983
17759,0.3246814086520871
17760,0.2745810286452221
17761,0.35033794123516393
17762,0.353728097882855
17763,0.24800872282051442
17765,0.33328970388038875
17764,0.35335445504649154
17766,0.36156215510979894
17767,0.3062875266148296
17768,0.22320333939097758
17769,0.3616697012342962
17770,0.24340604212054154
17775,0.17651773324302925
17774,0.3786035046958811
17772,0.2912948829979658
17771,0.27761842748895976
17773,0.3895594227487298
17776,0.3755303271463956
17781,0.21420289000653867
17780,0.35343175464518506
17777,0.3506963569792114
17778,0.36387488898501746
17779,0.4540018932647398
17782,0.20747949772749777
17783,0.3349731981867417
17784,0.3231623242265796
17785,0.24362346045152908
17786,0.33431972275168853
17787,0.3502242560937341
17788,0.3088784290452189
17789,0.20388222062214933
17793,0.30807213652794163
17794,0.22584715485853304
17791,0.25651536306069805
17790,0.22255538931639918
17792,0.34294884666924763
17795,0.3945630120242769
17796,0.35412132448018263
17797,0.19336697046363124
17798,0.2508330629941868
17799,0.3853050225352878
17800,0.3521365070042692
17801,0.3446888877770342
17802,0.2029672680219675
17803,0.21138057965229518
17804,0.29937396659184495
17805,0.33513135557705104
17806,0.332383278729402
17809,0.27273913649218484
17808,0.18694085031562827
17807,0.3321142847131377
17812,0.4002501539423687
17810,0.20667550025525075
17811,0.3371309813104297
17813,0.1964606934979546
17814,0.20997893728779274
17815,0.22713708604465363
17816,0.3157828688025603
17818,0.21419729839672297
17817,0.3714703698019269
17819,0.3178892684476287
17820,0.19638028125569762
17821,0.17175733527368034
17822,0.27272116242096983
17823,0.2590797542136561
17824,0.19220673841968727
17827,0.17899777412510323
17826,0.211256233420848
17825,0.3149483467422502
17828,0.20092683137120826
17829,0.2732755005211513
17830,0.2588886278757543
17831,0.2455222208107608
17832,0.3670971431771264
17833,0.298779852425846
17834,0.23572559953427305
17835,0.23217000240837557
17836,0.18756500098186402
17837,0.32945780925535983
17838,0.2620230287514206
17839,0.25094744736101643
17840,0.25681598513060094
17841,0.2013275876028887
17842,0.3096602282675555
17845,0.37527787594636836
17843,0.23248056978916387
17844,0.3232074520867995
17846,0.3416541374294015
17847,0.2260615300051068
17849,0.17399577118424
17850,0.3378568825889859
17851,0.28901564791568596
17848,0.31139828978508555
17852,0.22717592884803717
17853,0.1987757196771938
17854,0.24002960966741527
17856,0.17497636851735657
17857,0.3126167686787016
17858,0.3968761480454028
17855,0.442371571383042
17859,0.39680438290987113
17860,0.3378441150374291
17861,0.3323648280475
17864,0.38993610339570606
17863,0.39773516513102947
17862,0.222152255999433
17866,0.20114332513458702
17865,0.3438055315679678
17867,0.30663875903255117
17868,0.31358971735106395
17869,0.20678191444590846
17870,0.31378828812928033
17871,0.35209036674125566
17872,0.29859553773740727
17873,0.23142833833883356
17874,0.22106888028637198
17875,0.2989174703397938
17876,0.20156458954902057
17877,0.4265052388950133
17878,0.3124315461496663
17879,0.3240067853033418
17880,0.22567784537725735
17882,0.2999869275508027
17883,0.21551123332813163
17884,0.2688485105115867
17881,0.35119130899414946
17885,0.3525925862493013
17886,0.18207066290676607
17887,0.34812833985579344
17890,0.22684622474485602
17891,0.21148002820667242
17888,0.3407711700641367
17889,0.529169400477092
17892,0.21655381882014643
17893,0.19151540534827075
17894,0.25661913235225126
17895,0.3393347342103677
17896,0.22616365573611172
17897,0.37537065583812845
17898,0.1817871692351589
17901,0.2763514373372326
17899,0.34066839808127386
17900,0.29637898917945044
17902,0.24524017838860726
17903,0.22500079819203397
17904,0.20866787650443966
17905,0.26121129502421314
17906,0.2650224507832159
17907,0.281678752052083
17908,0.21286484118075918
17909,0.32525616812424757
17910,0.32391820561675555
17911,0.37355372701667006
17912,0.3799382555190887
17913,0.2008793774675299
17914,0.18126054951380446
17918,0.31059074012022875
17919,0.22347339320539825
17916,0.2982842173385521
17917,0.2475306115531004
17915,0.2414266098270775
17924,0.2203141702763135
17923,0.3472709271853424
17920,0.21266410924514897
17922,0.29927742719627237
17921,0.19069218291696455
17925,0.2842345707504233
17926,0.2836502010099747
17927,0.247991096219486
17928,0.22594598578720035
17929,0.28982865143204123
17930,0.23470404623038985
17931,0.38690429411325794
17932,0.22651597471501306
17940,0.22177343505693936
17939,0.35062077087839594
17938,0.3319433159318004
17933,0.35215556344956506
17936,0.25695068460469406
17935,0.2628249307882277
17934,0.2643351637805576
17937,0.33037572243128227
17945,0.35530221650186605
17944,0.3447997414266437
17941,0.19224485031142804
17942,0.33217655673219904
17943,0.32133647745349847
17946,0.3135565752764851
17947,0.3262904085674556
17948,0.31469505055932606
17949,0.3247989226059972
17950,0.19656910881691533
17951,0.2611792644801881
17952,0.314981063423494
17953,0.21364906845996293
17954,0.23745462295855693
17955,0.1912939070815358
17956,0.3705630148635685
17957,0.25704619282966584
17961,0.3853889947537105
17958,0.22454570760570214
17959,0.5667371893841272
17960,0.23283039330504932
17962,0.3722988586524927
17963,0.38428631302397775
17964,0.3272666196801249
17965,0.30161105938443916
17966,0.3332988743410062
17967,0.28015737122642953
17968,0.20020237802252258
17969,0.330834752557561
17970,0.4413104824094198
17971,0.3844782340500131
17972,0.3522646228306554
17973,0.2064404778248272
17978,0.4031360208181179
17977,0.22299070919074707
17976,0.2061326007631624
17974,0.22272319260915777
17975,0.311055680595947
17979,0.3116379605609318
17980,0.3333641252094505
17981,0.20038454766732025
17982,0.39595087028591386
17983,0.35464693235245437
17984,0.2519075755259169
17985,0.36708757356162686
17986,0.2805350873803167
17987,0.3462998018600288
17988,0.24455464757182463
17989,0.30450640165300913
17994,0.19519228339496417
17993,0.30618342676478166
17995,0.3163778801240132
17991,0.32721576941308816
17992,0.24958581356051635
17990,0.3602942271392253
17996,0.1898046977899894
17997,0.37468585954524564
17998,0.26065271283184077
17999,0.21233743583575757
18000,0.2107292521063593
18001,0.23811770953021125
18002,0.24259755831816143
18003,0.24860794616989726
18004,0.20049240498299561
18005,0.4108072153671222
18006,0.22056734487400464
18007,0.20402955642624485
18008,0.19564390679177399
18009,0.22373008406554665
18011,0.32488542671358284
18010,0.2406349413603848
18015,0.29963735439163935
18012,0.22118029087397104
18013,0.2550354325834344
18014,0.20029859204289757
18016,0.3282937237666033
18017,0.3868151448743933
18018,0.3357787673466803
18019,0.21009184181329618
18021,0.35450153713805704
18022,0.194621181846248
18023,0.32724685082110616
18024,0.2563610040796103
18020,0.29224245821311734
18025,0.3644713526474006
18031,0.33110643062780776
18033,0.19358086406176966
18032,0.20347536058923085
18030,0.23580200116358518
18028,0.21930486423526338
18027,0.47997521010872596
18026,0.22857837257329527
18029,0.3399445840070472
18034,0.36595613672682625
18035,0.2506076919902959
18036,0.25002220568176764
18037,0.21191939052738948
18041,0.28979064674183913
18040,0.3633993209294828
18039,0.24881958508114263
18038,0.23539256159182564
18042,0.2227333246400485
18043,0.5288386498311152
18044,0.1903989348902243
18045,0.20890424651498518
18046,0.36072486840620405
18047,0.35179433589889636
18053,0.21911352148573715
18052,0.3224507239590166
18048,0.3825062565343245
18050,0.33795431921682506
18049,0.3637818707642262
18051,0.31406213822708184
18054,0.3385147071778302
18055,0.1911988768023214
18056,0.20917654917065154
18057,0.5444469903653766
18058,0.23989294008686615
18059,0.21501821148842637
18060,0.3426264165158088
18061,0.23005125651730593
18062,0.4527650867311752
18063,0.25107310589653353
18069,0.19017768808691138
18067,0.19714616464230791
18068,0.23835421374059762
18065,0.2651367973494951
18066,0.21949597280831548
18064,0.4059246967523527
18070,0.30288276657214586
18071,0.3348941015934739
18072,0.19094827591744198
18073,0.2032769370456501
18074,0.22971629496176768
18075,0.24785835604435213
18076,0.30270666571578614
18077,0.3312713941485267
18078,0.21156360650539544
18079,0.21247376200693413
18080,0.18826669602540613
18081,0.284551426456862
18082,0.2332686325533764
18084,0.20676677815976052
18083,0.424440073071173
18087,0.30979810292836774
18086,0.3140605452849716
18085,0.3532578291084369
18088,0.31293640831751396
18089,0.297739000027549
18090,0.43118734463857616
18091,0.3351940141078622
18092,0.2494836285632517
18093,0.19915344283101
18098,0.307892155243399
18097,0.30938314769609393
18095,0.22272319260915777
18094,0.39896965011863283
18096,0.2461667753517386
18099,0.19274677009528737
18100,0.2176967849700594
18101,0.34981871376640816
18102,0.23568543435671344
18103,0.32286048482630425
18104,0.3172168960392286
18106,0.35695055701541345
18108,0.20349999740430244
18105,0.17442633359287496
18107,0.26067477208666695
18109,0.3554853155383606
18110,0.19499248275560865
18111,0.3100827351825774
18112,0.22673351652315454
18113,0.17956957202876409
18114,0.22338431384055715
18115,0.32080767553742395
18116,0.3204499916068619
18118,0.37750474798954275
18117,0.3282060924880072
18119,0.4391241994286803
18120,0.23086987530194547
18121,0.3044460392391022
18122,0.33918966940889933
18126,0.23202344535921912
18124,0.4362278478509445
18125,0.3544699456181278
18123,0.2751897819595049
18127,0.3087283824635694
18128,0.3103150948708677
18129,0.20298691707674346
18130,0.19793992814875647
18131,0.27345006105280617
18132,0.1952944808896265
18133,0.38918077357139375
18134,0.26232554418663084
18135,0.45571183512804225
18136,0.22859570146843597
18137,0.26083463340566254
18138,0.2195909088084563
18142,0.1901259904464616
18140,0.28986813544958684
18139,0.18454398672460795
18141,0.353377377955681
18144,0.3499400675944527
18145,0.22953416035159294
18146,0.4546247271552623
18147,0.21128293667305198
18148,0.3150646375716771
18149,0.2649402196814841
18151,0.25795299787916454
18150,0.2645237973693661
18143,0.20764303636763967
18152,0.34914259180012436
18153,0.39555063155937303
18154,0.33494680703782426
18155,0.37656255390905247
18156,0.39732278043587277
18160,0.3084128881304423
18159,0.21279211413041602
18157,0.21523004607420027
18158,0.33390648137138684
18161,0.3338046411287634
18162,0.31228275806607003
18163,0.3217396191765864
18164,0.3738445789262212
18165,0.3631064060119676
18166,0.18885042713592684
18167,0.3646227851904138
18170,0.18987386260911918
18168,0.3279846256117535
18169,0.32221301591753043
18171,0.3934198936400019
18172,0.35204099619553975
18173,0.18905275518939613
18174,0.28146727283217676
18175,0.30112796611977555
18179,0.18762177871208296
18177,0.2517408989534179
18176,0.37609063986040336
18178,0.33727818138422466
18180,0.18892232189451827
18181,0.2639051598002657
18182,0.32032833724301374
18183,0.3590886657461261
18184,0.24558611419563625
18185,0.19245165317590707
18186,0.23819160119912106
18187,0.20378773937063724
18193,0.23516864038029772
18192,0.19348546147570914
18188,0.3353407214692954
18190,0.22352126902438785
18189,0.2348694087169183
18191,0.21441431402737035
18201,0.23883966049518598
18200,0.22686766153536556
18199,0.18709891412537608
18196,0.26246815258590345
18197,0.3463755255355622
18195,0.30244119225985694
18194,0.1950283845596673
18198,0.33667532883226
18202,0.4370947122613027
18203,0.42176339622972986
18204,0.1872633453538243
18205,0.194161292188723
18206,0.25494136173113197
18207,0.22767303838521932
18208,0.36249263099742096
18209,0.3924325134424526
18210,0.35103694967880134
18211,0.2988858139275834
18215,0.3866811334758134
18213,0.3226987940278058
18212,0.16506384246644812
18214,0.21781670011889676
18217,0.26217692389718383
18216,0.163410196748751
18218,0.34687011307309734
18219,0.39334823025530996
18220,0.1830016740150662
18221,0.32182787539841584
18222,0.3716020860546965
18223,0.321961368115935
18229,0.3950329181271322
18228,0.20361551769246589
18227,0.3405279710540737
18225,0.17310207562637084
18224,0.41967166671600253
18226,0.20784968948193713
18230,0.2593657004517691
18231,0.29830982870977574
18232,0.2957781742358952
18233,0.222152255999433
18236,0.26273166874425563
18234,0.3126997308359843
18235,0.214404489927532
18237,0.2890171529255959
18238,0.2610145123919761
18239,0.3010992918985495
18240,0.19639679931492462
18241,0.2561134668249884
18242,0.16545490289902562
18243,0.23627659679522509
18244,0.454666640679112
18245,0.30496521705738405
18246,0.33385668828843684
18247,0.2543554653467613
18251,0.2255131344794894
18252,0.28048653073033203
18249,0.35328686836847895
18250,0.36100859290095527
18248,0.19857257220639649
18253,0.3366613712546767
18254,0.3343777516204809
18255,0.30595659218865773
18256,0.3754806715250198
18257,0.21125406747411646
18258,0.323380847924454
18259,0.3438345132824756
18260,0.378366108188128
18268,0.3086093806024009
18267,0.3570498771934499
18266,0.22485695435149275
18269,0.24976590962738157
18264,0.3585052532322249
18263,0.32168435779660326
18262,0.2432820369190505
18265,0.21603023610775407
18261,0.3534402109012531
18272,0.25605465168597763
18271,0.2842631912770519
18270,0.2140605840275406
18273,0.2395354402826491
18274,0.3870073847084363
18275,0.2772928016699255
18277,0.21434786198634245
18278,0.23522212401396758
18276,0.30681428938598454
18279,0.19347485366570036
18280,0.236388739194905
18281,0.41471777312228036
18282,0.18856668830446657
18283,0.5108056319859376
18284,0.29663918092805724
18285,0.3698538459493796
18289,0.3418413699842548
18288,0.2602120460526425
18286,0.22526124444075146
18287,0.3689262551758629
18291,0.30918263688348363
18292,0.19799780719112015
18290,0.3173128651368733
18293,0.3495953956913968
18294,0.3227503504902768
18295,0.3842993644355149
18296,0.19594677886744571
18297,0.3348343362801345
18302,0.21572125877245438
18301,0.2553214922465568
18299,0.22239902883455254
18298,0.21492116373061917
18300,0.39039917658594686
18303,0.3129898389335499
18304,0.4084276462599889
18305,0.2017532178005381
18310,0.32296896359279986
18309,0.2991964031795129
18306,0.39691747845448644
18307,0.30589323053962997
18308,0.3381072784368058
18311,0.18682515374147135
18312,0.2991355888786538
18313,0.2637361971717269
18314,0.3540795015332768
18315,0.3469407484344322
18316,0.30876520548884745
18317,0.31130746868925513
18318,0.23698765466013486
18319,0.4149621353278244
18323,0.2571118910353714
18325,0.312523410174965
18321,0.17010770455965593
18322,0.2997595584155714
18324,0.21595416986462831
18320,0.43545394946081806
18326,0.35548822205171343
18327,0.25498473763320023
18328,0.309551958692487
18329,0.2683591889129546
18330,0.23180136703186693
18331,0.3324591280116494
18332,0.324562178114399
18333,0.281698676520216
18334,0.19699872292601783
18335,0.20504355120367448
18336,0.19288364876312203
18337,0.36794005457220985
18339,0.2197484961807413
18341,0.34061806977044423
18338,0.3170854697167665
18340,0.2716788289509373
18343,0.335643650796839
18342,0.37120186591744125
18344,0.41449211111183265
18345,0.3286629116623397
18346,0.3272470518888752
18347,0.23526300585427506
18348,0.2753515396486829
18351,0.3350602337575826
18350,0.33731265229957663
18349,0.24924703897323916
18352,0.27766635373245147
18353,0.27848205738962895
18354,0.19068392721849267
18355,0.29791503246262824
18356,0.238959971573398
18357,0.2348784540307132
18358,0.34919584502764645
18359,0.2285937135752414
18362,0.4857939944830847
18360,0.3397821559911463
18361,0.20329930329510124
18364,0.41548719925887195
18363,0.24527037635252769
18365,0.32472937035350147
18366,0.3160119237166266
18367,0.29384811259548765
18368,0.315237103066717
18369,0.3243634816850938
18370,0.2502052744067244
18371,0.19419139404302221
18372,0.2649938124762781
18373,0.33435901385718864
18374,0.19968138345962794
18375,0.21233178739352446
18376,0.3249253279543763
18377,0.3313993385851574
18381,0.21507965547605967
18382,0.21474943541540523
18380,0.2448323158456759
18378,0.31053946844418695
18379,0.2328124929067681
18383,0.32481650174964255
18384,0.25296368867520974
18385,0.33606579347855764
18386,0.5577025233061407
18390,0.2500169542869497
18389,0.3305807497039605
18387,0.5033888428430852
18388,0.3543346604590758
18391,0.44139268420353744
18392,0.22101114758780271
18393,0.30575183332647177
18394,0.2750920452969193
18402,0.34057295798657444
18401,0.35419504172188376
18400,0.18601014091280751
18399,0.35574547046394617
18397,0.3012102897123456
18395,0.24464988060601675
18398,0.3725303336752739
18396,0.16989141124944676
18403,0.19393454535285437
18404,0.3115029279093598
18405,0.257096971548456
18406,0.2547530669763865
18407,0.30042160577029997
18408,0.2027719738611762
18409,0.19963765205027414
18410,0.2915579455746991
18411,0.32436996295324694
18416,0.21418588706827757
18415,0.32273445861265787
18418,0.35188060248144265
18413,0.2847374806249263
18414,0.394923069091786
18417,0.212175885209923
18412,0.22315140832042168
18419,0.3407865540645782
18420,0.33892451241969707
18421,0.19548093013800946
18422,0.3527366646212304
18423,0.23625478956319998
18424,0.2073844415632228
18426,0.24317980033122924
18425,0.1801695023867895
18427,0.22916106179704107
18428,0.30839391250561243
18429,0.43245010822282576
18430,0.2890678765130895
18431,0.38779951157662723
18432,0.31859208329691
18433,0.37267225867496445
18436,0.29920179209820313
18434,0.18348832821276592
18435,0.32446970640307643
18438,0.32280930558471704
18437,0.20867359749337955
18444,0.3171442276899424
18443,0.2748047330924745
18445,0.22435514798505585
18441,0.35835272091620934
18440,0.33338497413291474
18439,0.23241366711085962
18442,0.2772704344534396
18447,0.3646504331043173
18448,0.31122066079618976
18449,0.2480436667576794
18446,0.18659364007965043
18455,0.38517791894080683
18458,0.2191785516466722
18457,0.3378522294079298
18456,0.26782303981809646
18454,0.3343397971289171
18452,0.2559296330060041
18451,0.39949739538541235
18450,0.2345616809450811
18453,0.30741868091776237
18459,0.32405433978574966
18460,0.20289346839357977
18461,0.30629077126168663
18462,0.2882656695627497
18464,0.18795977664277955
18463,0.17791198575678654
18465,0.2697014259794169
18466,0.18839759402672518
18467,0.29720575009470473
18468,0.27120888989467634
18469,0.2871731780786326
18474,0.512587857133865
18473,0.29973880994714314
18471,0.3510345485166875
18470,0.30806627362326283
18472,0.3244621252823498
18475,0.37417644926169963
18476,0.16002441710145035
18477,0.22446698599160722
18478,0.2886389253343225
18479,0.36637890644873683
18480,0.31575192805637425
18481,0.2756230997104117
18482,0.284276062080924
18483,0.18557479684022724
18484,0.30837859172466925
18485,0.3582265750341959
18486,0.18249096244778365
18491,0.1821537896008878
18490,0.3396865951717343
18488,0.22400789266973054
18487,0.3942713254437143
18489,0.1745581899343731
18492,0.20148222211562383
18493,0.568864395458197
18494,0.25483218800605656
18495,0.32065734368804283
18496,0.4132685673606166
18497,0.2544889907704515
18500,0.3196662755214679
18498,0.2994812827227514
18499,0.3229730206033197
18501,0.29748243713835126
18502,0.21230872850710356
18503,0.18595009044278157
18504,0.18985271332331624
18505,0.22225537087022587
18513,0.1886627168015742
18512,0.34817850824728813
18514,0.18924203906740197
18511,0.20874893424778038
18507,0.2243665711054232
18509,0.22128449756866475
18506,0.26606094373681527
18510,0.2776319600699884
18508,0.21183644400630228
18515,0.2815910325060997
18516,0.30364816861968824
18517,0.1960835803177584
18518,0.18936190473970757
18519,0.327632583033532
18520,0.25321901862808965
18521,0.3112793051123709
18522,0.28595994284710935
18523,0.2785036741541768
18524,0.18432117463573153
18525,0.49397475217251113
18526,0.2002200516438001
18529,0.19995793759063715
18531,0.1818145770616495
18527,0.19782860982763298
18528,0.23903429287264188
18530,0.32833918519289607
18532,0.23575976265836382
18533,0.29427908019166404
18534,0.2112225266313192
18535,0.23125675279944402
18536,0.3369228309762749
18537,0.33151962946678226
18538,0.14873615274990096
18539,0.28844769047341606
18540,0.21309992427099309
18541,0.29539006157108455
18542,0.17894505915175496
18544,0.17846184450338165
18543,0.21466761096493933
18547,0.33529381691082527
18545,0.28900905280936706
18546,0.2766062548702893
18548,0.16157133696996454
18549,0.2992908272851446
18550,0.3136559092807157
18551,0.26870357404407397
18552,0.3091065905040766
18553,0.18024461862825045
18554,0.327082811725246
18555,0.33207341262865353
18561,0.20769242042312341
18560,0.1800857724421808
18556,0.18946750685869151
18558,0.28877234148200953
18557,0.23068152489776309
18559,0.31945495928039097
18562,0.3198643146521211
18563,0.2858121431467984
18564,0.296654010246466
18568,0.18104798878687337
18565,0.3224507239590166
18566,0.24952140966164235
18567,0.19753045468545571
18569,0.3024182925057034
18570,0.22515520882478388
18571,0.22731867884046494
18572,0.1939514628546983
18573,0.27915792357552516
18574,0.26416657381920833
18575,0.19159561509407974
18576,0.19418057844613537
18577,0.3063467223728313
18578,0.22826569151399323
18579,0.20103813398199188
18580,0.3898313131612256
18581,0.38568320612730783
18585,0.2775412252629191
18584,0.21628933134296272
18582,0.20606148103416574
18583,0.20453063977264715
18587,0.20178532670895613
18588,0.30138017671920697
18589,0.32065734368804283
18586,0.18726583190553384
18590,0.17581391545451328
18591,0.1833232037235684
18592,0.2716805988897018
18593,0.20816034136789244
18594,0.27560052131949725
18595,0.3296614670806301
18596,0.16247196156132723
18597,0.1808788172160126
18598,0.34128691468681005
18599,0.38808255353365323
18601,0.1765260822130832
18600,0.2823002461231887
18603,0.20774363584400715
18602,0.23482511724822927
18604,0.27834931457849926
18605,0.1876814775996167
18606,0.242022326389889
18607,0.20648665968657676
18608,0.22824687574016425
18609,0.17073621748299803
18610,0.30391925512705514
18611,0.3324358706685895
18617,0.18949223375131374
18616,0.20804003219769507
18613,0.20826337731893074
18614,0.31179243171451626
18612,0.4023356643152196
18615,0.29893139677392705
18618,0.22960445942581242
18619,0.22299304493700026
18620,0.1924499461093905
18623,0.23743782708583114
18621,0.3495760038966867
18622,0.2151995561231462
18624,0.2332241423175229
18625,0.1811857752872356
18626,0.17336388298903074
18627,0.17457977017354012
18628,0.20151231816996637
18630,0.38449265289283746
18629,0.26355687218795176
18631,0.38051551280577184
18632,0.3198664472637431
18633,0.18259196947894737
18634,0.18806972045549886
18635,0.27675807375148137
18636,0.24035324127723753
18642,0.3300322672913045
18641,0.28541370931991755
18640,0.34262919671838216
18638,0.3424196418899655
18637,0.38091492945593824
18639,0.3001428677970309
18643,0.1810759100665047
18644,0.24637415064428803
18645,0.18219306677386174
18646,0.29953536643975925
18647,0.30187186683759415
18648,0.19228762507419736
18651,0.2448224612401241
18649,0.21063906828857556
18650,0.20286776848096857
18652,0.28911962990047574
18653,0.30847204561003433
18654,0.361926186224349
18655,0.20238733938893663
18658,0.2086997835699187
18656,0.2300625925801613
18657,0.2583402417570507
18663,0.3149222169376616
18662,0.24300927005553322
18659,0.15424717282175704
18660,0.2095092702087696
18661,0.3573912220056424
18664,0.1987201376119491
18665,0.30938314769609393
18666,0.33813298522442325
18667,0.23170432304013244
18668,0.2427262083905061
18669,0.1878312803761314
18670,0.19939660400642223
18674,0.20158780069350768
18671,0.30008311185187486
18672,0.3491364640752868
18673,0.3833115891107101
18675,0.20314918160774387
18676,0.2812907518877574
18677,0.17556373966112063
18680,0.26566939070522483
18678,0.26949712373383616
18679,0.27353731655731445
18681,0.17931760628310078
18682,0.14848764865342004
18683,0.23299249688990134
18684,0.17518146488838723
18685,0.18180188778132036
18686,0.18950127868513156
18687,0.17101660749739278
18688,0.25416428121214313
18689,0.33806959016083443
18690,0.24344087216572427
18691,0.22516513817160622
18695,0.20206202066601345
18694,0.21827777604299867
18693,0.21116367173831316
18692,0.17175053387891684
18698,0.23301074171633815
18696,0.3507332614051488
18697,0.23311480332454707
18699,0.19226315194220492
18700,0.27701867921066675
18701,0.25345468507896934
18702,0.18227795825496915
18703,0.1890236200210468
18704,0.26722398821044674
18705,0.48409109234736786
18706,0.2928120352886789
18707,0.3277191949187927
18708,0.20462849873180952
18709,0.19305915402627702
18712,0.18028409705255713
18710,0.36002003885869205
18711,0.1836633073069874
18714,0.26277950974549374
18713,0.20710048399977224
18715,0.421138305361565
18716,0.1928106134386698
18717,0.3170625387199409
18718,0.2913772671739854
18721,0.22366505176794071
18720,0.3034985055945803
18719,0.16470016779139698
18722,0.3015474079177501
18723,0.1645713940041963
18724,0.16927687368486674
18725,0.1895324381916603
18727,0.278621726319904
18726,0.1901342564010796
18728,0.19986800508786917
18729,0.2153427870229806
18730,0.16594060241615335
18731,0.35993638657068794
18732,0.1809697529759715
18733,0.32177923288890226
18734,0.22061249764775434
18735,0.2383214871538075
18736,0.2138909740860507
18737,0.20256736940879327
18738,0.47357486656396147
18739,0.4764055764298936
18740,0.18870113886957385
18741,0.37158356808752147
18742,0.3278021629606258
18749,0.18621904876093856
18748,0.17951735080882084
18747,0.34158621179017107
18745,0.20062716410979364
18744,0.38651163111963066
18743,0.18383613142854136
18746,0.1556096304656709
18750,0.28911795304588866
18751,0.269496404624086
18754,0.30159003447208527
18755,0.39429510393975314
18753,0.18106989375023122
18752,0.26094148400410705
18756,0.37829227836572743
18757,0.31881432200435905
18758,0.29523267212992504
18759,0.26501118247479805
18760,0.21371957936959932
18761,0.29231239940701775
18764,0.30489526001467704
18765,0.3304498474850606
18762,0.2732706128277829
18763,0.2111396152797992
18766,0.3141724713904092
18767,0.22233529167815905
18768,0.24824832701255803
18769,0.20202690550146704
18770,0.2411179894601938
18771,0.3173084852762795
18772,0.18534253721335384
18776,0.27400312754699924
18774,0.2911241974972197
18773,0.18068050040594455
18775,0.229463140401723
18777,0.19257892430596943
18778,0.23102428635862093
18779,0.205866177170725
18780,0.19347436687821998
18781,0.2844583217623869
18785,0.29851799923898265
18782,0.17246675146439017
18783,0.36896419832886695
18784,0.17720247371851514
18786,0.28263888289365374
18787,0.29161635382854106
18788,0.28430834430825563
18789,0.28962760483443223
18790,0.23495555091466006
18791,0.3463163607905406
18792,0.2871198426799737
18793,0.20107439457692344
18794,0.22632474529504476
18795,0.3005179439904237
18796,0.29908569294847037
18797,0.269663064106287
18798,0.29933529540260223
18799,0.1731084888373469
