id,description,genre
0,"Маленькое дерево и величественная птица, два естественных заклятых врага Долины, волшебно обмениваясь местами и отправляясь на приключение всей своей жизни, чтобы поменяться. Их путешествие вскоре обнаружит большую угрозу, которая может поставить под угрозу не только их вид, но и всю долину, которую они называют домом.",2
1,"Препятствовав предыдущему замыслу Боузера жениться на принцессе Пич, Марио и Луиджи теперь сталкиваются с новой угрозой в Боузере-младшем, который преисполнен решимости освободить своего отца из плена и восстановить семейное наследие.",0
2,"Грустная женщина, которая тянет свои силы на сольное приключение в австралийской дикой природе, запутана в извращённой игре с хитрым убийцей, который думает, что она добыча.",2
3,"Молодая женщина с Среднего Запада получает больше, чем она ожидала, когда она переехала в Нью-Йорк, чтобы стать писателем и в конечном итоге становится ассистентом тиранического главного редактора крупного модного журнала.",2
4,"Два коллеги застряли на необитаемом острове, единственном выжившем после авиакатастрофы, на острове они должны преодолеть прошлые обиды и работать вместе, чтобы выжить, но в конечном итоге это битва завещания и умов, чтобы выжить.",2
5,"Учительница науки Райланд Грейс просыпается на космическом корабле световые годы из дома, не помня о том, кто он, и о том, как он туда попал. Когда его память возвращается, он начинает раскрывать свою миссию: разгадывать загадку загадочного вещества, приводящего солнце к смерти. Он должен призвать свои научные знания и неортодоксальные идеи, чтобы спасти все на Земле от вымирания.",2
6,"Любимые поклонники, к которым теперь присоединился сам Джонни Кейдж, противостоят друг другу в конечной, бесповоротной битве, чтобы победить тёмное правление Шао Кана, которое угрожает самому существованию Земного реализма и его защитников.",0
7,"После того, как Грейс выжила после нападения семьи Ле-Домас, она обнаружила, что шейх достиг следующего уровня ночной игры — и на этот раз, когда ее сестра-сестра Фейт с ней. У Грейс есть один шанс выжить, сохранить свою сестру в живых и получить высокое место в Совете, которое контролирует мир. Четыре соперничающие семьи охотятся за ней за троном, и тот, кто выиграет, будет править всем этим.",0
8,"История Майкла Джексона, одного из самых влиятельных художников в мире, и его жизнь выходит за рамки музыки. Его путешествие от открытия его выдающегося таланта как лидера ""Джексон пятерки"", к провидцу, чей творческий амбиций подтолкнул к неустанному стремлению стать самым большим артистом в мире, высветив как его жизнь за пределами сцены, так и некоторые из самых культовых представлений из его ранней сольной карьеры.",2
9,"После разрушительной войны против ЗРД и потери их старшего сына Джейк Салли и Нейтири сталкиваются с новой угрозой для Пандоры: народ Эш, насильственное и гнетущее властью племя Нави, возглавляемое безжалостным Варангом.",0
10,"Маленький козел с большими мечтами получает один раз в жизни, чтобы присоединиться к профи и играть в рычание, высокоинтенсивный, сообщный, полный контакт спорта, в котором доминируют самые быстрые, самые жестокие животные в мире.",1
11,"Женщина отвечает на объявление о том, что она хочет стать домохозяйкой в таинственном нью-йоркском высочестве, не зная, что она входит в сообщество, которое за последние годы стало свидетелем нескольких исчезновений и может находиться под контролем сатанинской секты.",2
12,"Легенда MMA Паттона Джеймса, теперь коммерческого рыбака, затащили обратно в клетку, когда его брат в опасности.",0
13,"Аватар Аанг, последний во всем мире, узнает о древней власти, которая может спасти его культуру от исчезновения. С помощью своих друзей он начинает глобальный поиск, прежде чем она попадет в неправильные руки и угрожает поднять мир, ради которого они пожертвовали всем.",2
14,"Призыв в тихий пригородный дом развязывает немыслимую бойню, когда два офицера по ошибке стреляют в мужчину и его ребенка, превращая трагедию в яростное, неумолимое падение в неизвестное.",0
15,"Человек, живущий в изгнании на отдаленном острове, спасает молодую девушку от бури, испускающей цепь событий, которые заставляют его выйти из изоляции, чтобы защитить ее от врагов, связанных с его прошлым.",2
16,"После того, как мы раскрыли крупнейшее дело в истории Зотопии, новички-полицейские Джуди Хоппс и Ник Уайлд оказались на скручивающем следе большой загадки, когда Гэри Де Снейк прибыл и перевернул животный метрополис вверх дном.",1
17,"Счастливая обручальная пара испытывается, когда неожиданный поворот отбрасывает свадебную неделю с рельсов.",2
18,"Группа охотников отправляется на загадочный остров, чтобы выследить легендарное лесистое существо.",0
19,"Боец MMA Wededup Коул Янг, не зная о своем наследии, охотился на лучшего воина императора Шанга Цуна, Суб-Зеро, ищет и тренирует величайших чемпионов Земли, готовясь противостоять врагам внешнего мира в битве за вселенную.",0
20,"Эскадрилья капитана Джордана Райта в отпуске на свадьбу в Мексике встречает кровавый картель, который пытается привести выживших к безопасности, война вспыхивает между его командой и картелем, вынуждая его сражаться, чтобы спасти своих людей.",0
21,"Один год в чуму плотоядных, изменяющих разум червей, ночной город Ашленд, Огайо, принял власть паразитов. Под руководством мэра, подобного культу Джошуа, ревнивые Ранкеры распространяли свое пророчество - путем убеждения или силой. Трио незараженных женщин цепляются за выживание, вымываясь, экстремальная гигиена и уклоняясь. Но все в конце концов ломаются, развязывая предательство, святотатство и ужасы тела.",2
22,"Уилл Рэдфорд - главный аналитик национальной безопасности, который отслеживает потенциальные угрозы с помощью программы массового наблюдения, пока однажды нападение неизвестного образования не заставит его задуматься, скрывает ли правительство что-то от него... и от остального мира.",2
23,"Когда неуловимый вор, чьи кражи на высоком уровне разворачиваются вдоль иконы 101 шоссе в Лос-Анджелесе, смотрит на счёт жизни, надеясь, что это будет его последняя работа, его путь сходится с разочарованным страховым брокером, который стоит перед своим собственным перекрестком, преисполненный решимости раскрыть дело, неустанный детектив закрывает операцию, повышая ставки еще выше.",0
24,"Находясь в цивилизации майя, когда идиллическое присутствие мужчины жестоко нарушается насильственной силой вторжения, он отправляется в опасное путешествие в мир, управляемый страхом и угнетением, где его ждет ужасный конец, через поворот судьбы и под влиянием силы его любви к своей женщине и своей семье, он сделает отчаянный прорыв, чтобы вернуться домой и, в конечном счете, спасти свой образ жизни.",2
25,"Обнаружив безопасность бункера Гренландии после того, как комета Кларк уничтожила Землю, семья Гаррити теперь должна рисковать всем, чтобы совершить опасное путешествие через пустыню Европы, чтобы найти новый дом.",0
26,"Ксандер Кейдж - ваш обычный адреналин-наркоман, без страха и паршивого отношения. Когда правительство США ""приказывает"" ему отправиться на миссию, он не очень взволнован. Его миссия - собрать информацию об организации, которая, возможно, планирует уничтожение мира под руководством нигилистического иорджи.",0
27,"Ник делает внеземное открытие, которое он решит исцелить свою жену от неизлечимой болезни.",2
28,"Когда новый убийца-призрак появляется в тихом городе, где Сидни Прескотт построил новую жизнь, ее самые мрачные страхи становятся реальностью, когда ее дочь становится следующей мишенью, и Сидни должна столкнуться с ужасами своего прошлого, чтобы раз и навсегда положить конец кровопролитию.",2
29,"Жизнь Никки разрушается, когда ее дочь похищается, а когда она охотится за ней, она должна сражаться, чтобы спасти своего ребенка.",2
30,"Посмотрите на Майкла Джексона, одного из самых известных и популярных артистов всех времен, как никогда прежде в спектаклях Майкла Джексона: ""Жизнь Икона"". Знанного миллионам поклонников по всему миру за его альбомы, оригинальные музыкальные видео, забавные танцевальные движения и гуманитарные усилия, его правдивая история никогда не рассказывалась... до сих пор. Этот беспрецедентный взгляд на увлекательную жизнь короля Попа включает в себя все новые интервью с его матерью Кэтрин Джексон, а также братьями Тито и Ребби Джексон, его племянником Джафаром Джексоном и Джейси Тахкией принесёт изобилие Джексона и друзей концы и музыкальные легенды, такие как Смоки Робинсон, Дионне Уорвик и его трое детей и многие другие.",2
31,"Ужасное открытие на территории их нового дома ввергает молодую пару в камне духовного одержимости, языческих ритуалов, сражений викингов и насильственной мести.",0
32,"Когда ее обязанности отправили ее в аномальную червоточину, связанную с революционером Кри, силы Кэрол запутались с властью суперфана Камалы Хана Джерси, мисс Марвел, и оторванной племянницы Кэрол, теперь астронавта С.А.Б.Э.Р. Капитана Моники Рамбо. Вместе, этот малейший трио должен объединиться и научиться работать вместе, чтобы спасти вселенную.",0
33,"На основе самой продаваемой книги «Помни время: защищай Майкла Джексона в его последние дни» и рассказывай через глаза доверенных телохранителей Джексона, Билла Уитфилда и Явона Борода. Фильм покажет, что Майкл Джексон был предан своим детям, и скрытую драму, которая произошла за последние два года его жизни.",2
34,"После того как их пьяный праздник в Бразилии раскроет глобальный скандал, они должны убежать от злобных фанатов, преступников и силовых чиновников, чтобы спасти свою карьеру и вернуть ее домой живой.",0
35,На последней изнурительной миссии во время подготовки армейских рейнджеров боевой инженер должен возглавить свое подразделение в борьбе с гигантской машиной для убийства людей другого мира.,0
36,"В XIV веке, когда Шелковый путь рушится и соперничающие группировки разрывают землю на части, бесстрашный воин Тимур выходит из изгнания. Разорванный на части, он борется за объединение разрушенных королевств, используя стратегию и полную волю для того, чтобы вырвать империю из хаоса. Непобедимый в бою и широко признанный как один из величайших военных лидеров и тактикистов, не говоря уже об одном из самых жестоких из них, Тимур нашел бы Тимуридскую империю, правившую над современным Афганистаном, Ираном и Центральной Азией.",0
37,"Брэндон Беккет и агент Зеро возглавляют спасательную миссию в Коста-Верде, когда их друзей берут в заложники.",0
38,"Так же, как жизнь Тессы начинает оставаться незамеченной, ничто не то, что она думала бы, не ее друзья и не ее семья, единственный человек, на которого она может положиться, это Хардин, который в ярости, когда он обнаруживает огромный секрет, который она хранила прежде, чем Тесса примет самое важное решение в ее жизни, все меняется из-за откровения о своей семье.",2
39,"Когда появляется неожиданный враг и угрожает глобальной безопасности и безопасности, Ник Фьюри, директор международного миротворческого агентства, известного как Щ.И.Т., оказывается, что ему нужна команда, чтобы отвести мир от края катастрофы.",0
40,"По мере того, как Мстители и их союзники продолжают защищать мир от слишком больших угроз, с которыми может справиться любой герой, из космических теней возникла новая опасность: Танос. Деспот межгалактического позора, его цель состоит в том, чтобы собрать все шесть камней Бесконечности, артефактов невообразимой силы и использовать их, чтобы навязать свою извращённую волю всей реальности. Все, за что боролись Мстители, привело к этому моменту - судьба Земли и самого существования никогда не была более неопределенной.",0
41,"Когда выговор Франклина изменяет своему напарнику с таинственной девушкой, с которой он встречается на свидании, это становится началом смертельной одержимости.",2
42,"Но как его чувства к ней усиливаются, так и его неожиданное погружение в самую большую любовь Эша: дикий мир мукбэнга, и с ним много кровопролития.",0
43,"В 1940-х годах за двойное убийство его жены и ее любовника порядочный банкир Энди Дюфресн начинает новую жизнь в тюрьме Шоушенка, где он ставит свои бухгалтерские навыки на службу аморального надзирателя. В течение долгого времени в тюрьме Дюфресн восхищается другими заключенными, включая старшего заключенного по имени Рэд, за свою честность и неумолимое чувство надежды.",2
44,"Трагедия поражает, когда Хитклифф влюбляется в Кэтрин Эрншоу, женщину из богатой семьи в Англии XVIII века.",2
45,"Одиссей, легендарный король Итака, отправляется на долгий и опасный путь домой после троянской войны. На протяжении всего своего путешествия он вынужден противостоять прихотям богов, мифологических монстров и испытаниям, которые протягивают как его хитрость, так и его человечность до переломной точки.",2
46,"Гоночная легенда Sonny Hayes сорвана с пенсии, чтобы возглавить команду Формулы-1 и наставника молодого горячего водителя, преследуя еще один шанс на славу.",0
47,"Слепой человек, который восстанавливает свое видение, становится метафорически ослеплён своей одержимостью поверхностными.",2
48,"Когда Джеймс получает таинственное письмо от своей потерянной любви к Марии, его притягивают к Тихому Хиллу — некогда известному городу, поглощаемому тьмой.",2
49,"Пять лет назад, разрыв в ткани реальности привел в наш мир существ из альтернативного измерения, направленного на наше уничтожение, отец прячет свою дочь на острове, чтобы сохранить ее в безопасности, готовя ее к выживанию и предстоящим битвам, но когда мир вот-вот расколется, нигде не будет безопасности.",0
50,"Группа друзей, сталкивающихся с кризисами среднего возраста, направляется к тропическим лесам с намерением реконструировать свой любимый фильм из своей молодежи, только чтобы оказаться в состоянии борьбы за свою жизнь против стихийных бедствий, гигантских змей и жестоких преступников.",0
51,"В живописных ландшафтах Южной Франции, охлаждение молодой женщины убийствами и кражей личных данных ведет ее жизнь в бурю хаоса.",2
52,"Оригинальная ""Четыре Всадника"" воссоединилась с новым поколением иллюзий, чтобы взять на себя мощную наследницу алмазов Вероника Вандерберг, которая возглавляет преступную империю, построенную на отмывании денег и контрабанде. Новые и старые волшебники должны преодолеть свои разногласия, чтобы вместе работать над своим самым амбициозным ограблением.",0
53,"Двое друзей отправляются на работу и сталкиваются с неожиданными проблемами и местными деятелями, когда они решают свои задачи. Их усилия по адаптации к незнакомым условиям высвечивают моменты юмора, культуры малых городов и непредсказуемый характер путешествий по работе. По мере того, как они устраняют проблемы, их опыт оставляет прочное впечатление и открывает новые перспективы для их дружбы.",2
54,"Когда К-поп суперзвезды Руми, Мира и Зоуи не продают стадионы, они используют свои секретные силы, чтобы защитить своих фанатов от сверхъестественных угроз.",0
55,"Молодая дочь журналистки исчезает в пустыню без следа - восемь лет спустя разбитая семья шокирована, когда ее возвращают к ним, так как радостное воссоединение превращается в живой кошмар.",2
56,"Команда балеринов борется за выживание, пытаясь сбежать из отдаленной гостиницы после того, как их автобус сломался по пути к танцевальному соревнованию.",2
57,"В 1945—1955 годах, хроника вымышленной итальяно-американской преступной семьи Корлеоне, когда патриарх по организованной преступности, Вито Корлеоне едва пережил покушение на свою жизнь, его младший сын, Майкл, принимает меры, чтобы позаботиться о потенциальных убийцах, развязав кампанию кровопролитной мести.",0
58,"Кобб, опытный вор, который занимается корпоративным шпионажем, проникая в подсознание своих целей, имеет шанс вернуть свою старую жизнь в качестве платы за задание, которое считается невозможным: ""зачатие"", имплантация идеи другого человека в подсознание цели.",2
59,"Оставляя свою детскую, Венди, Майкл и Джон следуют за Питером Пэном в волшебный мир, где детство длится вечно, но пока в Неверленде, дети должны встретиться с капитаном Крюком и сорвать его попытки избавиться от Питера навсегда.",0
60,"Два гангстера и женщина, которых они любят, пытаются пережить самую опасную ночь в их жизни.",0
61,"Когда дедушка и бабушка Дима решительно отказываются от попыток Кенны увидеться с дочерью, Кенна обнаруживает неожиданное сострадание, а затем что-то более правдивое и более глубокое, с бывшим игроком НФЛ и местным владельцем бара Леджером. По мере развития их тайного романа, так же как и опасность для обоих, что приводит Кенну к разбитию сердца и, в конечном итоге, к надежде на второй шанс.",2
62,"Доктор Келсон находится в шокирующих новых отношениях - с последствиями, которые могут изменить мир, как они это знают - и встреча Спайка с Джимми Кристал становится кошмаром, с которым он не может сбежать.",2
63,"Отчаянный, чтобы спасти свою больную дочь, рабочий класс Бен Ричардс убежден очаровательным, но безжалостным продюсером бегущего человека войти в смертоносную игру в качестве последней меры. Но неповиновение, инстинкты и храбрость Бена превращают его в неожиданный фанальность, и угрозу для всей системы. Как скачок рейтингов, так и опасность, и Бен должен обмануть не только Охотников, но и нацию, зависимую наблюдать за его падением.",0
64,"Три британские девочки-подростки ходят на праздники, напиваясь, кружая и перепиваясь, в лучшее лето в их жизни.",2
65,"В 22-м веке Матрица рассказывает историю хакера-компьютера, который присоединяется к группе подпольных мятежников, борющихся с огромными и мощными компьютерами, которые сейчас правят землей.",0
66,"Бэтмен поднимает ставки в своей борьбе с преступностью, с помощью лейтенанта Джима Гордона и окружного прокурора Харви Дента, Бэтмен собирается уничтожить оставшиеся преступные организации, которые поражают улицы, партнерство оказывается эффективным, но вскоре они становятся жертвами царящего хаоса, развязанного подрастающим криминальным мастером, известным напуганным гражданам Готэма как Джокер.",0
67,"Когда среднестатистические законопослушные граждане внезапно обращаются к гедонистическому поведению и насильственным преступлениям, детективу Тому Бэку поручено помочь молодому агенту ФБР Ллойду Галлагеру определить причину.",0
68,"Молодая женщина становится опекуном падшей звезды, которую она должна защитить от опасных сил с помощью храброго незнакомца.",2
69,"Параноидальный писатель не может начать свой второй роман, он нанимает секретаря, а потом его проблемы начинаются.",2
70,"После разрушительных событий Мстителей: Война Бесконечности, Вселенная в руинах из-за усилий Безумного Титана, Таноса. С помощью оставшихся союзников Мстители должны собраться еще раз, чтобы отменить действия Таноса и восстановить порядок во Вселенной раз и навсегда, независимо от возможных последствий.",0
71,"Любящий бургеры киллер, его философский напарник, кукла гангстера с наркотой и вымытый боксер сходятся в этой разрастающейся комедийной криминальной ловушке, их приключения размножаются в трех историях, которые гениально путешествуют туда-сюда во времени.",1
72,"Пять лет спустя после событий Юрского мирового Доминиона, специалист по секретным операциям Зора Беннетт была нанята для того, чтобы возглавить квалифицированную команду на сверхсекретной миссии по обеспечению защиты генетического материала от трёх самых крупных динозавров в мире. Когда операция Зоры пересекается с гражданской семьей, чья экспедиция на лодках была перевернута, они все оказались на острове, где они столкнулись лицом к лицу с зловещим, шокирующим открытием, которое скрывалось от мира на протяжении десятилетий.",0
73,"Доверие пугает, когда команда копов Майами обнаруживает миллионы наличных в заброшенном доме, ставя под сомнение всех — и все остальное.",0
74,"Когда ураган 5-й категории уничтожает прибрежный город, шторм приводит к опустошению, хаосу и чему-то более страшному на берегу: голодным акулам.",0
75,"Сводные братья Джонни и Джеймса воссоединились после загадочной смерти их отца, и пока они искали правду, зарытые секреты раскрыли заговор, грозящий разрушить их семью.",2
76,"В то время как армии собираются для последней битвы, которая решит судьбу мира - и могущественные, древние силы Света и Темноты соревнуются, чтобы определить исход - один член Братства Кольца становится благородным наследником престола Королей Человеческих. И все же, единственная надежда на триумф над злом лежит на хоббите, Фродо, который в сопровождении своего верного друга Сэма и отвратительного, несчастного Голлума, проделывает в глубине мрачного сердца Мордора свои, казалось бы, невыполнимые попытки уничтожить Кольцо Владыки.",0
77,"Питер Паркер разоблачен и больше не в состоянии отделить свою нормальную жизнь от высоких показателей того, что он супергерой. Когда он просит помощи у доктора Стрейнджа, ставки становятся еще более опасными, заставляя его узнать, что на самом деле значит быть Человеком-пауком.",2
78,"В послевоенной Германии американский психиатр должен определить, в состоянии ли нацистские заключенные предстать перед судом за военные преступления, и оказаться в сложном сражении интеллекта и этики с Германом Герингом, правой рукой Гитлера.",2
79,"Мощная история любви и потери, вдохновившая на создание безвременного шедевра Шекспира, Гамлета.",2
80,"Из - за страшного заключения Майя и незнакомцы застряли на неизбежном, неспровоцированном курсе столкновения, который доказывает, что теперь они далеко от чужих.",2
81,"Бессписочный Уэйд Уилсон уезжает в гражданскую жизнь со своими днями в качестве морально гибкого наемника, Дэдпула, за ним, но когда его родная жизнь сталкивается с угрозой существования, Уэйд должен с неохотой снова настроиться с еще более неохотной Wolverine.",1
82,"Молодой хоббит Фродо Баггинс, наследовав таинственное кольцо от своего дяди Бильбо, должен покинуть свой дом, чтобы не попасть в руки своего злого создателя. По пути формируется братство, чтобы защитить носителя кольца и убедиться, что кольцо прибывает в конечный пункт назначения: Mt. Doom, единственное место, где его можно уничтожить.",0
83,"Свадебная ночь молодой невесты превращается в ее худший кошмар, когда ее нелепо богатая свекровь заставляет ее играть в ужасную игру в прятки.",1
84,"После более чем тридцати лет службы в качестве одного из лучших летчиков ВМС и уклонения от продвижения по званию, которое могло бы нанести ему удар, Пит никчемный Митчел обучает отряд выпускников TOP GUN для специализированной миссии, которую не видел ни один живой пилот.",0
85,"Новобрачная пара Тед и Тами-Линн хотят иметь ребенка, но для того, чтобы быть родителем, Тед должен доказать, что он человек в суде.",2
86,"С помощью своей девушки, Филлис Поттер, и лучшего друга, Лумиса, Гримм входит в банк Манхэттена, одетый в клоуна, создает ситуацию, связанную с заложниками, и совершает безупречное ограбление. Единственное, что осталось трио сделать, это уехать из города и аэропорта. Звучит достаточно просто, но, кажется, судьба покидает их сразу же после ограбления банка. Один промах за другим, чтобы эти грабители не достигли свободы.",0
87,"Два детектива-убийцы отчаянно охотятся за серийным убийцей, преступления которого основаны на ""семи смертельных грехах"" в этом темном и призрачном фильме, в котором зрители из мученных останков одной жертвы в следующую.",2
88,"Когда писатель Ом Бауман отступает в отдаленный отель, чтобы развеять прах своих родителей, он поглощается сказками о ведьме, которая преследует номер для медового месяца. Раздражающие видения и шокирующее исчезновение заставляют его противостоять темным углам его прошлого.",2
89,"После того, как молодую девочку жестоко убивают безжалостным преступником Харрисоном Григгсом, она вряд ли связывается с ветераном гражданской войны, который стал беглецом, известным как ""Мясник"", вместе они должны остановить Григгса и его банду, прежде чем он захватит контроль над городом.",0
90,"В голове подростка Райли происходит внезапный снос, чтобы освободить место для чего-то совершенно неожиданного: эмоций! Джой, Грусть, Гнев, Страх и Гнев, которые долгое время успешно проводили операцию по всем показаниям, не уверены, как чувствовать, когда появляется Тревога. И похоже, что они не одни.",2
91,"Нелегко быть зеленым, особенно если ты симпатичный (хотя вонючий) огр по имени Шрек. На миссии по извлечению великолепной принцессы из когтей огнедышащего дыхательного дракона, команды Шрека с маловероятной соотечественницей - мудрый осел.",1
92,"Человек с низким IQ достиг в своей жизни больших результатов и присутствовал во время важных исторических событий — в каждом случае, намного превосходя то, что мог сделать любой человек, но несмотря на все свои достижения, его единственная настоящая любовь ускользает от него.",2
93,"Одинокий Франкенштейн путешествует в Чикаго 1930-х, чтобы попросить нового ученого доктора Юфрониуса создать для него компаньона.",2
94,"Бродяга с таинственным прошлым приезжает в маленький городок и находит жителей в руках безжалостного криминального босса и понимает, что он должен им помочь.",0
95,"Хроника грязной жизни и подозрительной смерти соучредителя Rolling Stones Брайана Джонса, который был найден в нижней части своего бассейна через несколько недель после того, как его отпустили из группы.",2
96,"Истинная история Генри Хилла, наполовину ирландского, наполовину сицилианского бруклина, которого усыновляют местные гангстеры в раннем возрасте и который поднимается на ряды мафиозной семьи под руководством Джимми Конуэя.",0
97,"Марти Маузер, молодой человек с мечтой, которую никто не уважает, отправляется в ад и возвращается в погоне за величием.",0
98,"Ронни живет в маленькой сонной деревне и является владельцем небольшой компании по продаже глубокозамороженных товаров. Дневные сны, реклама, латунная повязка пожарных, еженедельные посещения его психиатра и его приятеля Ларса циничными высказываниями о воздушной гитаре и виниловых записях - это основные моменты жизни Ронни. Уже, будучи ребенком, он страдал от давления со стороны своей матери-младенца. Ронни так же глубоко заморозился, как и его товары. До сегодняшнего дня, прекрасное существо - одна из женских ниточек в деревне. Местный священник нанимает молодую девушку, группировку с именем Зойя, в качестве домохозяйки и в течение нескольких дней, Зоя превращает весь мужской образ деревенского сумасшедшего и озабоченного. Ронни падает на Зойю и, к счастью, женится на ней. Однако, после присутствия Зойя в деревне происходят странные вещи. Все, кто пытается найти в Зойю неизвестную смерть в прошлом, исчезает.",1
99,"101-летняя Роза ДеВитт Букатер рассказывает историю о своей жизни на борту ""Титаника"", 84 года спустя, молодая Роза садится на корабль со своей матерью и женихом, тем временем Джек Доусон и Фабрицио Де Росси выигрывают билеты третьего класса на борт корабля. Роза рассказывает всю историю от отъезда Титаника до его смерти — во время своего первого и последнего путешествия — 15 апреля 1912 года.",2
100,"Супермен, журналист в Метрополисе, отправляется в путешествие, чтобы примирить свое криптонское наследие с человеческим воспитанием Кларка Кента.",2
101,"Жизнь Дональда М. Моргана, одного из самых талантливых художников в Голливуде, является уникальной и богатой историей о человеке, который, как лично, так и профессионально, изменил жизнь окружающих его людей. Рассказывая истории о его долгой карьере, работая с кинематографистами, такими как Роберт Земекис, Джон Карпентер и Джозеф Сарджент, Морган рассказывает о ключевых моментах в искусстве кинематографии на протяжении более четырех десятилетий, в интервью с друзьями Оуэном Роизманом (экзоркистом) и Джеком Н. Грином (непростителен). Но в самом сердце фильма находится эмоциональный путь по пути к восстановлению в индустрии, которая созрела с дисфункцией и зависимостью. Интенсивным, душеразным и забавным, Щ.Кинематографист рассказывает историю одного из лучших людей в киноиндустрии.",2
102,"У группы героических воинов всего шесть дней, чтобы спасти планету в ""Mortal Kombat Annihilation"". Чтобы преуспеть, они должны пережить самую впечатляющую серию вызовов, с которыми когда-либо сталкивался любой человек, или бог, когда они сражались со злым вождем, стремящимся захватить Землю.",0
103,"Пытаясь оставить свою неспокойную жизнь позади, братья - близнецы возвращаются в свой родной город, чтобы начать сначала, чтобы только узнать, что еще большее зло ждет их возвращения.",2
104,В продолжение саги криминальной семьи Корлеоне молодой Вито Корлеоне вырос в Сицилии и в 1910-х годах в Нью-Йорке.,2
105,"Злая Империя пала, и имперские воины остаются рассеянными по всей галактике. Когда молодая Новая Республика работает над защитой всего, за что боролся Ребеллион, они заручились помощью легендарного мандалорского охотника за головами Дина Дьярина и его юного ученика Грогу.",0
106,История о роли Дж. Роберта Оппенгеймера в разработке атомной бомбы во время Второй мировой войны.,2
107,"Принцесса Лея захвачена и взята в заложники злыми имперскими силами в их попытках захватить Галактичную Империю, волшебный Люк Скайуокер и побеждающая команда Хан Соло вместе с милым роботом-дуэтом R2-D2 и C-3PO, чтобы спасти красивую принцессу и восстановить мир и справедливость в Империи.",0
108,"Пол Атридес, блестящий и одаренный молодой человек, рожденный в великой судьбе, которую он не понимает, должен отправиться на самую опасную планету во вселенной, чтобы обеспечить будущее своей семьи и своего народа. По мере того, как злобные силы впадают в конфликт из-за эксклюзивного снабжения планеты самым ценным ресурсом в своем существовании, товар, способный раскрыть величайший потенциал человечества, выживут только те, кто может победить свой страх.",2
109,"Сказка сверхъестественного характера, поданная в камере смертников в южной тюрьме, где мягкий гигант Джон Коффи обладает таинственной силой исцелить болезни людей. Когда главный охранник тюремного блока, Пол Эджкомб, признает чудесный дар Коффи, он отчаянно пытается помочь сдержать казнь осужденного.",2
110,"Гарри Поттер прожил под лестницей в доме своей тети и дяди всю свою жизнь, но на свой 11-й день рождения он узнал, что он могущественный волшебник, с местом, которое ждет его в колдовской школе Хогвартс и Висардри. Когда он учится использовать свои новые способности с помощью доброго директора школы, Гарри обнаруживает правду о смерти своих родителей, и о злодее, который должен винить.",2
111,"Истинная история о том, как бизнесмен Оскар Шиндлер спас более тысячи еврейских жизней от нацистов, пока они работали рабами на его фабрике во время Второй мировой войны.",2
112,"Рей развивает свои недавно открывшиеся способности под руководством Люка Скайуокера, который обеспокоен силой ее сил.",2
113,"Установите более десяти лет спустя после событий первого фильма, узнайте историю семьи Салли (Джейк, Нейтири и их дети), проблемы, которые следуют за ними, то, что они идут друг за другом, чтобы сохранить друг друга, сражения, с которыми они борются, чтобы остаться в живых, и трагедии, которые они переносят.",2
114,"Гру и Люси и их девочки - Марго, Эдит и Агнес - приветствуют нового члена семьи Гру, Гру-младшего, который намерен издеваться над своим отцом. &quot; Гру &quot; также сталкивается с новым врагом в Максиме Ле Мале и его фатальной девушке-жене Валентине, вынуждая семью бежать.",2
115,"От песен своей матери до шепотов верного Бога, история Давида начинается с тихой преданности. Когда гигантский Голиаф восстает, чтобы запугать нацию, молодой пастух, вооружённый лишь клинком, несколькими камнями и непоколебимой верой, идет вперед, двигаясь силой и двигаясь по цели, его путешествие испытывает пределы верности, любви и мужества, обретая в битве не только за корону, но и за душу царства.",2
116,"Итан Хант и команда продолжают поиски ужасающей ИИ, известной как Структура, которая проникла в разведывательные сети по всему миру, с правительствами мира и таинственным призраком из прошлого Ханта на их следу.",0
117,"Когда выживающий человек и его дочь спасают таинственную, раненую женщину из реки, они оказываются запутанными в смертельной сети насилия и мести, вынуждая их бороться с жестоким преступником, чтобы выжить.",0
118,"После того, как его оторванный сын попал в нацистский заговор, гангстер Томми Шелби должен вернуться в Бирмингем, чтобы спасти свою семью и свою нацию.",0
119,"После того, как он разбил загадочное ""Одно желание - Виллоу"", чтобы завоевать сердце его, безнадежный романтик получает именно то, что он просил, но вскоре обнаруживает, что некоторые желания приходят по темной, зловещей цене.",2
120,"Когда мутирующий, высокозаразный гриб сбежит из запечатанного объекта, два сотрудника – вместе с гризлированным биотеррором – должны пережить самую дикую ночную смену в мире, чтобы спасти человечество от вымирания.",0
121,"После жестокой расправы над своей семьей со стороны хладнокровного наемника Sub-Zero Hanzo Hasashi находится в изгнании в страшную незерреалму. Там в обмен на порабощение зловещего Кван Чи геи дали шанс отомстить за свою семью – и воскресли в качестве Скорпиона, потерянной души, стремящейся отомстить. На Земле лорд Раиден собрал команду элитных воинов – Шаолина Монка Лю Кана, офицера спецназа Сонии Блэйда, и звезды-активиста Джонни Кейджа – маловероятной группы героев с одним шансом спасти человечество. Чтобы сделать это, они должны победить орду Шанга Тсунга из ""Внешних гладиаторов"" и править турнир Мортал Комбата.",0
122,"Риф-Хок, ребёнок Голливуда с шести лет, не в порядке. Когда он узнает о сюжете о вымогательстве, связанном с таинственным видео, риф начинает предупредительный тур по искуплению, чтобы загладить вину, противостоять демонам и избежать отмены.",1
123,"Когда неожиданный инцидент, связанный с гневом на дороге, ставит его сына в критическое состояние, разгневанный отец скатывается по тёмному пути эмоциональных волнений и мести.",2
124,"В пост-апокалипсическом будущем правящие тиранические суперкомпьютеры телепортируют убийцу киборга, известного как ""Терминатор"" до 1984 года, чтобы убить Сару Коннор, чей нерожденный сын предназначен для того, чтобы вести мятежников против механической гегемонии 21 века.",0
125,"В 22 веке параплегический морской пехотинец отправляется на Луну Пандора с уникальной миссией, но разрывается между выполнением приказов и защитой инопланетной цивилизации.",0
126,"На фоне бурного и вдохновляющего 60-х годов, ретрофутуристического мира, Первая семья Марвела вынуждена уравновешивать свою роль героев с силой семейных уз, защищая Землю от злобного космического бога Галактуса и его загадочного Геральда Серебряного Сурфера.",0
127,"Фродо Баггинс и другие члены Стипендиата продолжают свои священные поиски уничтожения Единого Кольца, но на разных путях. Их судьбы лежат на двух башнях - Органской башне в Изенгарде, где ждет коррумпированный волшебник Саруман, и крепость Саурона в Барад-Дур, глубоко в тёмных землях Мордора. Фродо и Сэм движутся к Мордору, чтобы уничтожить Единое Кольцо Властелины, в то время как Гимли, Леголы и Арагорн ищут оркот Марри и Пиппин. Всё это время злобный волшебник Саруман ожидает членов Стипендиата в Ортанской башне в Исенгарде.",2
128,"Соник, Нокслз и Тайлс воссоединились против мощного нового противника, Тени, таинственного злодея с силой, которая не похожа ни на что, с которыми они сталкивались до этого. Команда Соника должна найти маловероятное объединение в надежде остановить Тень и защитить планету.",0
129,"Отчаявшись быть большим парнем, Губка Боб собирается доказать свою храбрость мистеру Крабсу, следуя за летающим голландцем – таинственным пиратом-призраком – в мореходном приключении, которое доставляет его до глубины глубины глубины моря, где до него не доходило ни одной губки.",0
130,"С учетом того, что мир теперь осознает свою двойную жизнь как бронежилетного супергероя Железного Человека, изобретатель-миллиардер Тони Старк сталкивается с давлением со стороны правительства, прессы и общественности, чтобы поделиться своей технологией с военными.",0
131,"Решительно доказать себя, офицер Джуди Хоппс, первый кролик в полиции Зутопии, прыгает на шанс раскрыть свое первое дело, даже если это означает сотрудничество с обманщиком Ником Уайлдом, чтобы раскрыть тайну.",1
132,"После того, как его держали в плену в афганской пещере, миллиардер-инженер Тони Старк создал уникальный бронежилет для борьбы со злом.",0
133,"После неожиданного звонка от своих предков, Моана путешествует вместе с Мауи и новой командой в далекое море Океании и в опасные, давно потерянные воды для приключений, которые ей когда-либо встречались.",0
134,"После неожиданного звонка от своих предков, Моана путешествует вместе с Мауи и новой командой в далекое море Океании и в опасные, давно потерянные воды для приключений, которые ей когда-либо встречались.",0
135,"Когда все дети одного класса, кроме одного, таинственно исчезают в одну и ту же ночь в одно и то же время, сообщество оставляет вопрос о том, кто или что стоит за их исчезновением.",2
136,"Происходящее во время событий Джона Вика: глава 3 — Парабеллум, Ева Макарро начинает свою подготовку по убийственным традициям Руска-Рома.",0
137,"Вспыльчивый революционный Боб существует в состоянии забитой камнями паранойи, выживая вне колеи со своей самодостаточной дочерью Уиллой, когда его злобный враг вновь появляется через 16 лет и она исчезает, бывшие радикалы сражаются, чтобы найти ее, отца и дочь, которые борются с последствиями его прошлого.",2
138,"Через 30 лет после событий первого фильма, новый бегун с лезвием, офицер полиции Лос-Анджелеса К, раскрыл давно забытый секрет, который может погрузить то, что осталось от общества в хаос. Кей открывает ему путь к поиску Рика Декарда, бывшего бегуна с лезвиями полиции Лос-Анджелеса, который пропал 30 лет назад.",0
139,"После воссоединения с Гвен Стейси, Бруклинс, постоянно, дружелюбный сосед Спайдер-Человек катапультируется по всей мультивселенной, где он встречается с Обществом Пауков, командой людей-пауков, которым поручено защищать само существование мультивселенной.",0
140,"На протяжении девяти поколений злой волшебник одержал победу в ручной борьбе со своими смертельными врагами. Если он выиграет десятый турнир ""Смертельный Комбат"", то беспорядок и зло навсегда возобладают над вселенной. Чтобы спасти Землю, три воина должны преодолеть кажущиеся непреодолимыми трудности, свои собственные внутренние демоны и сверхчеловеческие враги.",0
141,"Когда Тони Старк пытается запустить бездействующую миротворческую программу, вещи идут наперекосяк, и ""Земля-самые могущественные герои"" подвергаются величайшему испытанию, когда судьба планеты висит на волоске. По мере появления злодея Ультрона, именно ""Мстители"" должны остановить его от реализации своих ужасных планов, и вскоре неприятные альянсы и неожиданные действия прокладывают путь для эпического и уникального глобального приключения.",0
142,"Барби и Кен проводят время своей жизни в ярком и кажущемся идеальном мире Барби-Земли, однако, когда у них появляется шанс попасть в реальный мир, они вскоре обнаруживают радость и опасность жизни среди людей.",1
143,"Юный львиный принц Симба, жаждущий однажды стать королем земли Прайда, растет под присмотром своего отца Муфасы; все это время, когда его злодейский дядя Скар вступает в сговор, чтобы взять трон для себя; в предательство и трагедию Симба должен противостоять своему прошлому и найти свое законное место в Круге жизни.",2
144,"На раскалённом островке Берка, где викинги и драконы были горькими врагами на протяжении поколений, Иккинг стоит отдельно, бросая вызов многовековым традициям, когда он подружился с беззубиком, страшным Драконом Ночной Фьюри. Их малейшие узы раскрывают истинную природу драконов, бросая вызов самим основам общества Викингов.",2
145,"Нью-Йоркский биржевой брокер отказывается сотрудничать в деле о мошенничестве с ценными бумагами, связанном с коррупцией на Уолл-стрит, корпоративном банковском мире и проникновением толпы, основываясь на автобиографии Джордана Белфорта.",2
146,"Прошли четыре года после событий в доме ""Нет пути"", и Питер теперь взрослый человек, живущий в одиночестве, добровольно стер себя из жизни и воспоминаний тех, кого он любит, борьба с преступностью в Нью-Йорке, который больше не знает его имени, он полностью посвящает себя защите своего города — человека-паука, работающего полный рабочий день, — но по мере того, как требования к нему усиливаются, давление вызывает удивительную физическую эволюцию, которая угрожает его существованию, даже как странная новая модель преступлений порождает одну из самых мощных угроз, с которыми он когда-либо сталкивался.",0
147,"Когда 11-летний Райли переезжает в новый город, ее команда эмоций помогает ей пережить переходный период.",2
148,"Чарли Кентон - размытый боец, который ушел с кольца, когда роботы захватили спорт. После того, как его робота разгромили, он неохотно командировался со своим оторванным сыном, чтобы восстановить и обучить маловероятного претендента.",0
149,"Лукас, патриарх, и его неверие разрушают семью. Когда сын Тайлер возвращается домой для посещения, табу между ним и его мачехой Амандой расцветает, меняя динамику семьи навсегда. Верность и ожидания меняются радикально, когда истина обнаруживается.",2
150,"Доктор Виктор Франкенштейн, блестящий, но эгоистичный ученый, оживляет существо в чудовищном эксперименте, который в конечном итоге приведет к разрушению как создателя, так и его трагического создания.",2
151,"После событий Капитана Америка: Гражданская война, Питер Паркер, с помощью своего наставника Тони Старка, пытается сбалансировать свою жизнь в качестве обычного школьника в Квинсе, Нью-Йорк, с борьбой с преступностью, когда его супергерой меняет эго Спайдер-Мужчина в качестве новой угрозы, Стервятник, появляется.",0
152,"В мистических шотландских горах Мерида является принцессой королевства, управляемого королем Фергусом и королевой Элинор. Неуправляемая дочь и опытный лучник, Мерида однажды оскверняет священный обыкновение земли и случайно вызывает беспорядки в королевстве. Мерида ищет эксцентричную старую Мудрую женщину и получает злое желание. Кроме того, в поисках Мериды — и служит комиксом — три лорда королевства: огромный лорд МакГуффин, надменный лорд Макинтош и неприятный лорд Дингвол.",1
153,"Драма о выживании коньков с льдом застряла на ледяной флое в Арктическом море. Когда ледяная флоя начинает плавать на юг и таять, конькер должен использовать все необходимые средства, чтобы выжить.",2
154,"После того, как в Оскорпе был укушен генетически измененный паук, ботаник, но любящий старшеклассник Питер Паркер обладает удивительными способностями стать супергероем, известным как Человек-паук.",0
155,"Изумленный монстр-убийца Габриэль Ван Хельсинг отправляется в Трансильванию, чтобы помочь последней из величных кровей победить графа Дракулу.",0
156,"40-летняя мать-одиночка Солен начинает неожиданный роман с 24-летним Хейзом Кэмпбеллом, ведущим певцом Августа Муна, самым горячим мальчиком-группой на планете. Когда они начинают бурный роман, то вскоре статус суперзвезды Хейса создает неизбежные проблемы для их отношений, и Солен вскоре обнаруживает, что жизнь в свете его прожектора может быть больше, чем она предлагала.",2
157,"Следуйте мифическому путешествию Павла Атридеса, когда он соединяется с Чайни и Фременом, на пути мести против заговорщиков, которые разрушили его семью.",2
158,"Капитан Джек Воробейтс должен заплатить свой долг: он обязан своей душой легендарному Дейви Джонсу, ужасному Правителю океанских глубин. Чтобы избежать вечного рабства на борту летающего голландца, вечно козловатый Джек должен выследить до сих пор избивающее сердце Джонса. Но он не сможет сделать это в одиночку: Уилл Тернер и Элизабет Свонн будут втянуты в одно из своих опасных квестов, при условии, что они смогут избежать казни за помощь пирату.",0
159,"""Лоубл Салли"" и его приятель Майк Вазовски - это команда, которая напугает монстров, инк., фабрику по обработке криков в Монстрополисе, когда маленькая девочка по имени Бу бродит по их миру, это монстры, которые напуганы, и это дело Салли и Майка держать ее подальше от глаз и вернуть домой.",1
160,"Защита и обвинение отдохнули, и присяжные подают в жюри присяжных, чтобы решить, виновен ли молодой испано-американец в убийстве своего отца, что начинается с открытого и закрытого дела, вскоре становится мини-драмой предубеждений и предубеждений каждого из присяжных в отношении суда, обвиняемого и друг друга.",2
161,"В течение второго года борьбы с преступностью Бэтмен обнаруживает коррупцию в Готэм-Сити, которая связывается со своей семьёй, сталкиваясь с серийным убийцей, известным как Риддлер.",2
162,"Третий год в Хогвартсе означает новое веселье и вызовы, когда Гарри учится деликатному искусству приближаться к Гиппогреффу, превращая боггарты, меняющие форму, в веселье и даже превращая время назад. Но этот термин также несет опасность: сосущий душу одурманивающий орешек, зависающий над школой, союзник проклятого Х-Ко-Канно-Будь-Будь-Будь-Будь-Будь-Будь-Будь-Быть-Будь в стенах замка, и пугающий волшебник Сириус Блэк сбежит из Азкабана, и Гарри будет противостоять им всем.",0
163,"После сотен лет, делая то, для чего он был создан, WALLE — робот, созданный для очистки земли, — открывает новую цель в жизни, когда он встречает хладнокровного поискового робота по имени EVE. EVE приходит к пониманию того, что WALLE случайно наткнулся на ключ к будущему планеты и скачется обратно в космос, чтобы доложить людям. Тем временем, WALLLEE гоняется за EVE через галактику и начинает движение к одному из самых творческих приключений, когда-либо появившихся на большом экране.",0
164,"Немо, авантюрная молодая клоунская рыбка, неожиданно увезли из своего Большого Барьерного рифа в аквариум дантиста. Его тревожный отец Марлин и дружелюбная, но забывчивая рыба Дори должны привести Немо домой. Встречать вегетарианских акул, серферские черепахи, гипнотические медузы, голодные чайки и многое другое по пути.",1
165,"Из-за кровопролитного кошмара студент колледжа Стефани отправляется домой, чтобы найти единственного человека, который, возможно, сможет разорвать порочный круг и спасти свою семью от ужасной кончины, которая неизбежно ждет их всех.",2
166,"Когда хитрый пиратский капитан Барбосса захватывает любимый корабль Джека Воробейца, Черную Перл, и похищает губернатора, дочь Элизабет Свонн, кузнец Уилл Тернер невольно командует с непредсказуемым пиратским Джеком, чтобы спасти ее, только чтобы раскрыть страшное проклятие, которое превращает команду Барбосса в немертвых.",0
167,"Под руководством безжалостного инструктора талантливый молодой барабанщик начинает добиваться совершенства любой ценой, даже своей человечности.",2
168,"Левон Кейд оставил за собой наградную военную карьеру в черных операциях, чтобы прожить простую работу, но когда дочь его босса, которая для него как семья, забирается торговцами людьми, его поиски, чтобы привести ее домой, открывают мир коррупции гораздо больше, чем он мог себе представить.",2
169,"Когда она узнает, что ей грозит потеря визового статуса и что ее депортируют, надменный редактор книги Маргарет Тейт заставляет своего помощника Эндрю Пакстон жениться на ней.",2
170,"Во второй мировой войне маршал Тедди Дэниелс расследует исчезновение пациента из больницы из-за сумасшедшего преступника, но его усилия скомпрометированы тревожными видениями и загадочным врачом.",2
171,"Джоэл Бариш, расстроенный тем, что его подружка прошла процедуру, чтобы стереть его из памяти, решает сделать то же самое, однако, наблюдая, как его воспоминания о ней исчезают, он понимает, что все еще любит ее, и может быть уже слишком поздно исправить свою ошибку.",2
172,"Восьмерка Марти МакФлай случайно отправится в 1955 году, невольно срывая первую встречу родителей и привлекая романтический интерес своей матери. Марти должен исправить ущерб истории, воссоединив романтические отношения своих родителей и - с помощью своего эксцентричного друга-изобретателя Дока Брауна - вернуться в 1985 году.",1
173,"Борясь за то, чтобы найти свое место в мире, в то время как он жонглирует школой и семьей, Бруклинский подросток Майлз Моралес неожиданно укушен радиоактивным пауком и развивает непостижимые способности, как и единственный Человек-паук. В то время как Майлз борется с последствиями своих новых способностей, он обнаруживает суперколлайдер, созданный безумцем Уилсоном ""Кингпин"" Фиском, в результате чего другие люди со стороны Спайдер-Верса случайно переносятся в его измерения.",0
174,"Особая связь развивается между надувным роботом Баямаксом плюс-взвешенным, и одаренным Хиро Хамада, который вместе с группой друзей формирует группу высокотехнологичных героев.",0
175,"После нападения Смауга на Лейктаун Бильбо и гномы пытаются защитить гору сокровищ Эребора от других, которые утверждают это: люди разрушенного Лейктауна и эльфов Мирквуда, в то время как армия Орков, возглавляемая Азогом, Дефилер двигается на Эреборе, подстерегая подъём темного лорда Саурона, гномы, эльфы и люди должны объединиться, и надежда на Среднее Землю попадет в руки Бильбо.",0
176,"Когда его имя появляется из Кубка Огня, Гарри Поттер становится соперником в изнурительной борьбе за славу между тремя волшебными школами — Турниром Тривизарда, но так как Гарри не представил свое имя Турне, кто это сделал? Теперь Гарри должен противостоять смертельному дракону, злым водный демонам и заколдованному лабиринту, чтобы оказаться в жестоком ухищрении Его, Кто не должен быть назван.",0
177,"""Человек из будущего"" прибывает в закусочную Лос-Анджелеса, где он должен завербовать точное сочетание недовольных покровителей, чтобы присоединиться к нему на одну ночь, чтобы спасти мир от неизлечимой угрозы искусственного интеллекта.",0
178,"На протяжении многих миссий и несмотря на невыполнимые трудности, Дом Торетто и его семья перехитрили, перехитрили и превзошли всех врагов на своем пути. Теперь они сталкиваются с самым смертоносным оппонентом, с которым они когда-либо сталкивались: ужасающей угрозой, исходящей из теней прошлого, которая подпитывается кровной местью, и которая полна решимости разрушить эту семью и уничтожить все - и всех, кого Дом любит, навсегда.",2
179,"Апокалиптическая история, представленная в самых отдаленных уголках нашей планеты, в суровых пустынных ландшафтах, где человечество разрушено, и большинство из них безумно сражаются за жизненные потребности. В этом мире есть два мятежника, которые в бегах могут восстановить порядок.",0
180,"Реформированные в настоящее время плохие парни пытаются (очень, очень сильно) быть хорошими, но вместо этого оказываются втянутыми в кражу с большим отрывом, в глобусное ограбление, инспирируемое новой командой преступников, которых они никогда не видели пришествием: ""Плохие девочки"".",0
181,"Юная принцесса Анна из Аренделл мечтает найти настоящую любовь на коронации своей сестры Эльза, Судьба отвозит ее в опасное путешествие, чтобы покончить с вечной зимой, которая падает над королевством, она сопровождается ледяным доставщиком Кристоффом, его оленем Свеном и снеговином Олафом, в приключении, где она узнает, что на самом деле означает дружба, мужество, семья и настоящая любовь.",1
182,"Дико забавная и трогательная история об одинокой гавайской девушке и о беглеце, который помогает исправить ее сломанную семью.",2
183,"Получив зеленую карту в обмен на убийство кубинского правительственного чиновника, Тони Монтана ставит под угрозу торговлю наркотиками в Майами, убив всех, кто стоит на его пути, Тони в конечном итоге становится самым крупным наркобароном в штате, контролирующим почти весь кокаин, который поступает через Майами, но усиление давления со стороны полиции, войны с колумбийскими наркокартелями и его собственный паранойя, заправляемая наркотиками, разжигают пламя его окончательного падения.",0
184,"С ростом цены на голову Джон Уик открывает путь к победе над ""Высоким столом"", но прежде чем он сможет заслужить свою свободу, Вик должен столкнуться с новым врагом с мощными альянсами по всему миру и силами, которые превращают старых друзей в врагов.",0
185,"Карл Фредриксен всю жизнь мечтал о том, чтобы исследовать мир и испытать жизнь в полном объеме, но в возрасте 78 лет жизнь, кажется, прошла мимо него, пока поворот судьбы (и упрямый восьмилетний Исследователь Уайлдернес по имени Расселл) не даст ему новую жизнь.",2
186,"Доктор Стрэндж, с помощью мистических союзников, как старых, так и новых, пересекает мыслительные и опасные альтернативные реальности мультивселенной, чтобы противостоять загадочному новому противнику.",0
187,"Для лейтенанта Пита ""Маверика"" Митчелла и его друга и второго пилота Ника ""Гуза"" Брэдшоу, принятие в элитную школу подготовки истребителей - это мечта, но трагедия, а также личные демоны будут угрожать мечтам Пита стать ас-пилотом.",2
188,"Кевин Костнер принимает у себя это особое исследование, посвященное необычайному путешествию Марии и Иосифа, когда они проходят через трудности, испытания и триумфы вокруг рождения Иисуса Христа, предлагая вдохновляющий способ познать истинное значение Рождества.",2
189,"После их взрыва, Годзилла и Конг должны объединиться против огромной нераскрытой угрозы, скрытой в нашем мире, бросая вызов самому их существованию – и нашему собственному.",0
190,"Игрушки Энди живут счастливо в своей комнате, пока день рождения Энди не приведёт Базза Лайт года на сцену, боясь потерять место в сердце Энди, Вуди замыслит против Базза, но когда обстоятельства отделят Базза и Вуди от их владельца, дуэт, в конце концов, научится откладывать свои разногласия.",1
191,"Эпическая любовная история, сосредоточенная вокруг мужчины постарше, который читает вслух женщине с Альцгеймером.",2
192,"После смерти императора Маркуса Аурелиуса его дерзкий сын берет власть и понижает Максимуса, одного из самых способных генералов Рима, которого Маркус предпочитал. В конце концов, Максимус вынужден стать гладиатором и сражаться до смерти против других людей за развлечение платной аудитории.",2
193,"Когда три друга, наконец, приходят после бурной ночи мальчишников, они находят ребенка в шкафу и тигра в ванной, но они не могут найти своего лучшего друга, Дага – который должен был связать узел.",1
194,"Бывшая черная оперативная команда воссоединится, чтобы совершить отчаянное ограбление, чтобы спасти жизнь их вождя восьмилетней дочери.",0
195,"Так как исчезновение его жены стало объектом интенсивного медийного цирка, мужчина видит, как на него поворачивается внимание, когда подозревается, что он может быть невиновен.",2
196,"Реми, крыса, обладает вкусом, намного более изощренным, чем у своих товарищей. Он мечтает стать шеф-поваром, который создает, а не мусор. Когда судьба сбрасывает его в канализацию под одним из самых знаменитых ресторанов Парижа, он находит себя идеальным местом для исполнения своей мечты. Формируя необычный союз с несчастным молодым кухонным работником, Реми начинает дерзкую двойную жизнь в кулинарии. Реми следует своему видению, он должен разобраться с подозрениями вычисленного шеф-повара Скиннера, неодобрения колонии, принадлежащей Ремиксу, и предчувствующего присутствие известного критика еды Антона Эго, который поражает страх в сердцах шеф-поваров по всей Франции.",2
197,"Бывший убийца Хатч Мэнселл берет свою семью в ностальгический отпуск в небольшой парк, только чтобы вернуться к насилию, когда они ссорятся с коррумпированным оператором, кривым шерифом и безжалостным криминальным боссом.",0
198,"В 1970-х годах в Лондоне во время панк-рок-революции молодой мошенник по имени Эстелла решила придумать себе имя, подружиться с парой молодых воров, которые ценят ее страсть к бесчинствам, и вместе они могут построить для себя жизнь на улицах Лондона. Однажды Эстеллас очаруется модой, попав в глаза баронессе фон Хеллман, легенде моды, которая опустошающе шикарна и ужасна, но их отношения приводят в движение события и откровения, которые заставят Эстелла принять свою злобную сторону и стать извращённой, модной и мстительной Культилой.",2
199,"Вайолет, овдовевшая мать на своем первом свидании за многие годы, приезжает в ресторан, где она рада, что её свидание, Генри, более очаровательно и красиво, чем она ожидала, но их химия начинает сжиматься, когда Вайолет начинает раздражаться, а затем терроризируется серией анонимных капель на телефон.",1
200,"Одержимый мастер-вор Нил МакКоули возглавляет команду по различным дерзким ограблениям в Лос-Анджелесе, в то время как детектив Винсент Ханна преследует его без отдыха.",0
201,"После потери мужа женщина ищет утешение с родственниками в их уединённом семейном доме, как один за другим они превращаются в мертвецов, превращая собрание в семейное воссоединение из ада, она приходит, чтобы узнать, что клятвы, которые она взяла в жизни, живут даже в смерти.",2
202,"Полагая, что они оставили за собой теневых фигур из своего прошлого, молодожены-христиане и Ана в полной мере поддерживают неразрывную связь и делят роскошь, но так же, как она вступает в свою роль миссис Грей и он расслабляется в незнакомую стабильность, новые угрозы могут поставить под угрозу их счастливый конец еще до того, как он начнется.",2
203,"Десять лет спустя после событий оригинального, перепрограммированный T-800 отправляется назад во времени, чтобы защитить юного Джона Коннора от изменения формы T-1000. Вместе со своей матерью Сарой он борется, чтобы не дать Skynet вызвать ядерный апокалипсис.",0
204,"В городе, переполненном преступностью, правительственный агент Лили Чен вынуждена выбирать между своим долгом и семьей, когда ее мужа похитили, и шейхи шантажировали, чтобы убить высокопоставленных преступников, чтобы спасти его.",2
205,"Избранный пророчеством, но сомневающийся всеми, По - маловероятное решение для мистического титула Воина Дракона - неуклюжая панда вложится в мир кунг-фу, как смертельный враг угрожает Долине мира. Под неохотным руководством мастера Шифу и Фурийской пятерки По должен принять того, кем он является, чтобы освободить силу, которую ни один свиток не может научить.",0
206,"После смерти окружного прокурора Харви Дента Бэтмен берет на себя ответственность за преступления Дента, чтобы защитить репутацию покойного адвоката, а затем охотится на него департаментом полиции Готэма. Восемь лет спустя Бэтмен столкнулся с таинственной Селиной Кайл и злодеем Бэйном, новым лидером террористов, который одолевает лучших из Готэма. Темный рыцарь вновь появляется, чтобы защитить город, который заклеймил его врагом.",0
207,"Бывший истребитель UFC Далтон получает работу в качестве вышибалы на дорожном домике Флориды Кейс, только для того, чтобы узнать, что этот рай - не то, что кажется.",0
208,"После того, как они оказались в смертельной ловушке, семь разочарованных отбросов должны приступить к опасной миссии, которая заставит их столкнуться с самыми мрачными углами их прошлого.",0
209,"Для лучших друзей Бекки и Хантера жизнь заключается в том, чтобы преодолеть страхи и подавить ограничения, но после того, как они поднимутся на 2 000 футов к вершине удаленной, заброшенной радио вышки, они оказываются застрявшими без пути вниз.",2
210,"Когда застенчивый первокурсник Девон просит крутую девушку Селесте быть ее соседкой по комнате, цветущая дружба быстро впадает в войну пассивной агрессии.",2
211,"Холодный и загадочный новый охранник компании ""Лос-Анджелес"" удивляет своих коллег, когда он развязывает точные навыки во время ограбления.",0
212,"Отверженный при рождении своей непристойно богатой семьей, голубо-воротничок Бекет Редфеллоу не остановится ни перед чем, чтобы вернуть свое наследство, независимо от того, сколько родственников стоят у него на пути.",2
213,"Эдди и Веном в бегах, охотились на них обоих, и когда сеть закрывается, дуэт вынужден принять разрушительное решение, которое спустит занавески на Веном и последний танец Эдди.",0
214,"Когда мир Тони Старка разрывается на части грозным террористом под названием Мандарин, он начинает одиссею восстановления и возмездия.",0
215,"Ученица колледжа Люси и ее друзья проводят свой отпуск в семейном доме на Гавайях, в котором находится ее питомец шимпанзе, Бен. Однако, когда Бен снимает бешенство после того, как его укусили бешеное животное, группа должна бороться за свою жизнь, чтобы избежать сейчас жестокого шимпанзе.",0
216,"Бильбо Бэггинс, хоббит, наслаждающийся своей тихой жизнью, вливается в эпические поиски Гэндальф Грей и тринадцать гномов, которые стремятся вернуть свой горный дом от Смауга, дракона.",0
217,"По мере того, как лорд Волдеморт ужесточает свою хватку как над мирами Мюгль, так и над мирами волшебников, Хогвартс больше не является безопасным убежищем. Подозреваемые Гарри могут даже находиться в замке, но Дамблдор больше намерен подготовить его к последней битве. Вместе они работают над поиском ключа для защиты Волдемортов, и с этой целью Дамблдор вербует своего старого друга и коллегу Хораса Слогхорна, который, по его мнению, обладает важнейшей информацией. Даже когда решающее шоу-шоу проходит, цветы романтики для Гарри, Рона, Хермиона и их одноклассников. Любовь в воздухе, но опасность в будущем никогда не будет прежней, и Хогвартс может никогда не стать прежней.",0
218,"МакКолл считает, что он оставил позади свое таинственное прошлое и посвятил себя началу новой, тихой жизни. Но когда он встретил Тери, молодую девушку, которая находится под контролем ультранасильственных российских гангстеров, он не может стоять безучастно – он должен ей помочь. Вооружен скрытыми навыками, которые позволяют ему служить мести против любого, кто будет жестоко обращаться с беспомощными, МакКолл выходит из своей собственной пенсии и находит, что его желание к справедливости восторжествует. Если у кого-то есть проблемы, если у него есть все шансы, если им некуда обратиться, МакКолл поможет. Он - Равенник.",0
219,"После событий века Ультрона коллективные правительства мира принимают акт, направленный на регулирование всей сверхчеловеческой деятельности, который поляризирует мнение среди мстителей, вызвав две фракции на сторону Железного Человека или Капитана Америки, что вызывает эпичную битву между бывшими союзниками.",0
220,"Джон Константин в буквальном смысле был в аду и обратно, когда он объединился с сотрудником полиции, чтобы раскрыть таинственное самоубийство ее сестры-близнеца, их расследование пронесло их через мир демонов и ангелов, которые существуют под ландшафтом современного Лос-Анджелеса.",0
221,"Джадед бывший оперативник ЦРУ Джон Криси неохотно принимает работу телохранителя для 10-летней девочки в Мехико, они ссорятся сначала, но в конце концов связаны, и когда ее похитят, он поглощается яростью и ни перед чем не остановится, чтобы спасти ей жизнь.",0
222,"В идеальном городке, расположенном на берегу моря, продавец страховки начинает понимать, что все его существование может быть инсценировано и замечено огромной невидимой аудиторией как часть длинного реалити-шоу в реальном времени.",2
223,"После смерти его жены кузнец по имени Балиан во время крестовых походов ввязывается в королевские, политические интриги и кровавые священные войны.",0
224,"В 15 лет Джон Дэвидсон, диагностированный синдромом Туретта, ведет свой путь против трудностей в трудные подростковые годы и во взрослую жизнь, находя вдохновение в доброте других, чтобы узнать свое истинное предназначение в жизни.",2
225,"В 1980-х годах неудачный комик встал на путь безумия и превратился в преступную и хаосовую жизнь в Готэм-Сити, став печально известным психопатом-преступником.",0
226,"Во время Второй мировой войны во Франции, оккупируемой нацистами, группа еврейских американских солдат, известная как «Бастерды», была выбрана специально для того, чтобы распространять страх по всему Третьему Рейху, скальпируя и жестоко убивая нацистов. «Бастерды», возглавляемые лейтенантом Алдо Рейном, вскоре пересекаются с французско-еврейской девушкой-подростком, которая руководит кинотеатром в Париже, объектом которого являются солдаты.",0
227,"В ближайшем будущем усталый Логан заботится о больном профессоре Х в укрытии на мексиканской границе, но попытки Логана скрыться от мира и его наследия переживают, когда приезжает молодой мутант, преследуемый тёмными силами.",0
228,"Когда масляный магнат и знаменитый авантюрист исчезают в суровую зиму удалённой северной Аляски, спасательная команда пытается вернуть их домой.",2
229,"После неожиданной смерти Папы, кардиналу Лоуренсу поручено вести тайный и древний ритуал избрания нового.",2
230,"Гарри, Рон и Гермиона продолжают свои поиски, чтобы раз и навсегда победить злого Волдеморта.",2
231,"После смерти ее брата Джун переезжает в Милан, чтобы начать все сначала, найти утешение в Уилле, прекрасном ученике ее новой международной школы, но когда его неспокойный лучший друг Джеймс, скрывающий опасную жизнь в тайных боях MMA, начинает соперничество, которое быстро превращается в неотразимое притяжение, Джун должна выбрать между безопасностью и любовью, которая превзойдет все, что она хотела.",2
232,"Молния МакКуин, горячий гоночный автомобиль, пригоняемый для успеха, обнаруживает, что жизнь - это путешествие, а не финишная линия, когда он неожиданно объезжает сонный маршрут 66-го города Радиатор-Спрингс. По пути через страну к большому чемпионату Пистон Кубка в Калифорнии, чтобы соревноваться с двумя опытными профессионалами, Маккуин узнает персонажей этого города.",0
233,"Молния МакКуин, горячий гоночный автомобиль, пригоняемый для успеха, обнаруживает, что жизнь - это путешествие, а не финишная линия, когда он неожиданно объезжает сонный маршрут 66-го города Радиатор-Спрингс. По пути через страну к большому чемпионату Пистон Кубка в Калифорнии, чтобы соревноваться с двумя опытными профессионалами, Маккуин узнает персонажей этого города.",0
234,"В элитной, старомодной школе-интернате в Новой Англии страстный учитель английского вдохновляет своих учеников восставать против конгресса и использовать потенциал каждого дня, присматривая за презрением строгого директора.",2
235,"Когда клерк по недвижимости Мэрион Крейн выходит на сцену с пачкой денег и надеждой начать новую жизнь, она оказывается в печально известном мотеле Бейтса, где менеджер Норман Бейтс заботится о своей матери.",2
236,"Питер Квилл, который все еще страдает от потери Гаморы, должен собрать свою команду вокруг него, чтобы защитить вселенную, а также защитить одного из своих.",0
237,"Изучите приманку Старого Запада и то, как он был побежден - и потерян - через кровь, пот и слезы многих. 15 лет до, во время и после гражданской войны, с 1859 по 1874 год, отправляются в эмоциональную поездку по стране, находящейся в состоянии войны с самим собой, сквозь призму семей, друзей и врагов, которые пытаются выяснить, что действительно значит быть Соединенными Штатами Америки.",2
238,"Подросток Рапунцель, у которого длинные и волшебные волосы, хочет поехать на небесные фонари в свой восемнадцатый день рождения, но она привязана к башне от своей чрезмерно оберегающей матери, она заключает сделку с Флинном Райдером, очаровательным разыскиваемым вором, и дуэт отправится на упаковку.",2
239,"Некоторые секреты лучше оставить на дне океана. как только она будет в вашем доме, не будет побега. Когда трудящийся художник вытаскивает красивую, бессознательную женщину из ледяных прибрежных вод, он думает, что геи совершили чудо. Но когда она восстанавливается в стенах своего уединенного дома, серия тревожных событий приводит его к ужасающему осознанию: ее присутствие не является совпадением. Она неразрывно связана с той же водонепроницаемой могилой, что и его семья много лет назад.",2
240,"После ухода из полиции безжалостный детектив, которого преследовала трагическая потеря его близкого друга, начинает опасное стремление к мести, стремясь искупить вину и борясь за восстановление справедливости на улицах, которые он однажды поклялся защищать.",2
241,"Воссоединение двух оторванных сестёр кончается ростом демонов из плоти, толкая их в первобытную битву за выживание, поскольку перед ними стоит самая ночная версия семьи, которую можно вообразить.",0
242,"История о бывшем оперативнике спецназа превратилась в наемника Уэйда Уилсона, который, после того как его подвергли эксперименту-изгою, который оставил ему ускоренную исцеляющую силу, принял альтер-эго Дэдпул, вооружённый своими новыми способностями и темным, извращенным чувством юмора, Дедпул охотится на человека, который чуть не разрушил его жизнь.",0
243,"Человек-паук, казалось бы, неуязвим, выступает против совершенно новой культуры злодеев, в том числе сменивших форму Сэндмена. В то время как суперсилы Спайдер-Мэна изменяются чужим организмом, его альтер-эго, Питер Паркер, имеет дело с немезисом Эдди Броком и также оказывается в любовном треугольнике.",0
244,"Потеряв капитана Джека Воробья в шкафчике Дэйви Джонса, Уилла Тернера, Элизабет Свонн и капитана Барбосса, чтобы спасти его. И так как Ост-Индская торговая компания ужесточает свою власть над морями под руководством лорда Катлера Беккетта — теперь под контролем Дэйви Джонса — судьба пиратства висит на волоске. Теперь они должны объединить пиратских лордов для одной последней позиции. Но так как верность испытывается и альянсы меняются, каждый должен в конечном итоге выбрать, где они стоят в борьбе за свободу в открытом море.",0
245,"Почти 5 000 лет спустя после того, как он был наделен всемогущими силами египетских богов, и заключен в тюрьму так же быстро, как Чёрный Адам освобождается из своей земной могилы, готовый раскрыть свою уникальную форму правосудия в современном мире.",0
246,"Шанг-Чи должен противостоять прошлому, которое, как он думал, он оставил, когда его втянули в сеть таинственной организации ""Десять колец"".",0
247,"Двадцать восемь лет спустя после вспышки вируса Гнезда, сильнозащищенный остров выживает, соединенный с материком одной единственной дорогой. Когда одна из групп покидает остров в темном сердце материка, он обнаруживает секреты, чудеса и ужасы, которые мутировали не только инфицированных, но и других выживших.",0
248,"Д-р Адриан Хелмсли, член всемирной геофизической команды, изучающей воздействие радиации от беспрецедентных солнечных штормов на землю, узнает, что ядро Земли нагревается. Он предупреждает президента США Томаса Уилсона, что корка Земли становится нестабильной и что без надлежащей подготовки к спасению части населения мира вся раса обречена. Между тем писатель Джексон Кертис спотыкается на одну и ту же информацию. В то время как мировые лидеры стремятся построить «арки», чтобы избежать надвигающегося катаклизма, Кертис борется за то, чтобы найти способ спасти свою семью. Между тем извержения вулканов и землетрясения беспрецедентной силы приводят к хаосу во всем мире.",2
249,"Вернувшись на пятый год в Хогвартс, Гарри ошеломлен тем, что его предупреждения о возвращении лорда Волдеморта были проигнорированы.",2
250,"После удивительного первого свидания Биа и Бениц становятся холодными, пока они неожиданно не встретятся на свадьбе в Австралии, так что они делают то, что делают два взрослых человека: притворяются парой.",1
251,"В 1970-х годах 50 мальчиков-подростков принимают участие в ежегодном соревновании по ходьбе, принуждая их сохранять минимальный темп или быть казненными до тех пор, пока не останется только один выживший.",2
252,"Когда Джек пересекается с женщиной из его прошлого, он не уверен, что это любовь... или она безжалостная мошенница, использующая его, чтобы найти сказочный Источник молодости.",2
253,"Через четыре года после победы над ""Граббером"" Финни Блэйк борется за жизнь после заключения в плену, когда его младшая сестра Гвен начинает получать звонки из ""Черного телефона"" и видеть тревожные видения трех мальчиков, которых преследовали в зимнем лагере, братья и сестры начинают решительно бороться с загадкой и лицом к лицу с убийцей, который стал более могущественным в смерти и более значимым для них, чем они могли себе представить.",2
254,"Когда неработающий бухгалтер Брайан присоединяется к отцу-домохозяйке Джеффу на игру со своими сыновьями, он ожидает после обеда, вместо этого, за ними гонятся наемники, и Брайан, совершенно не подготовленный, должен пережить одно абсурдное препятствие за другим.",1
255,"Пробираясь по глубинам заброшенной космической станции, группа молодых космических колонизаторов сталкивается с самой страшной формой жизни во Вселенной.",0
256,"Рипли, единственный выживший после смертельной встречи Ностромо с чудовищами-иностранцами, возвращается на Землю после того, как дрейфует в космосе в гиперсне 57 лет. Хотя ее история изначально встречалась со скептицизмом, она согласна сопровождать команду колониальных морпехов обратно в LV-426.",0
257,"Король Т'Чалла возвращается домой в затворную, технологически развитую африканскую нацию Ваканда, чтобы служить новым лидером своей страны. Однако, Т'Чалла вскоре обнаруживает, что его кандидатура на престол оспаривается группировками внутри своей страны, а также без нее. Используя полномочия, зарезервированные для Ваканданских королей, Т'Чалла предполагает, что Черная Пантерная мантия присоединится к бывшей девушке Накии, королеве-матери, его принцессе-детской сестре, членам Доры Миладже (Ваканданские «специальные силы») и американскому секретному агенту, чтобы предотвратить втягивание Ваканды в мировую войну.",2
258,"На школьной вечеринке четверо друзей считают, что потерять свою коллективную девственность не так просто, как они думали, но они все еще верят, что им нужно сделать это до колледжа. Чтобы мотивировать себя, они заключают договор со всеми ""осуществителями"" на выпускном.",1
259,"Хранители должны бороться за то, чтобы сохранить свою вновь обретенную семью, разгадывая тайны истинного происхождения Питера Квила.",2
260,"На школьной вечеринке четверо друзей считают, что потерять свою коллективную девственность не так просто, как они думали, но они все еще верят, что им нужно сделать это до колледжа. Чтобы мотивировать себя, они заключают договор со всеми ""осуществителями"" на выпускном.",1
261,"Хранители должны бороться за то, чтобы сохранить свою вновь обретенную семью, разгадывая тайны истинного происхождения Питера Квила.",2
262,"Следуйте за приключениями Белль, яркой молодой женщины, которая оказалась в замке принца, который превратился в загадочное чудовище. С помощью очаровательного персонала замка Белль вскоре узнает самый важный урок из всех, что настоящая красота исходит изнутри.",2
263,"Когда опасность угрожает ее лагерю, яростный и высококвалифицированный воин Команче Нару пытается защитить свой народ, но добыча, которую она преследует, оказывается высокоразвитым инопланетным хищником с технически развитым арсеналом.",0
264,"Жизнь бывшего следователя Организации Объединенных Наций Джерри Лэйна и его семьи, кажется, довольна. Внезапно мир поражает таинственная инфекция, превращающая целые люди в безумных зомби. Лейн, едва избежав хаоса, убеждается отправиться на миссию по расследованию этой болезни.",0
265,"Тор заключен в тюрьму по другую сторону вселенной и находится в гонке против времени, чтобы вернуться в Асгард, чтобы остановить Рагнарока, разрушение его родины и конец Асгардской цивилизации, от рук мощной новой угрозы, безжалостной Хели.",0
266,"Королева Рамонда, Шури, Мсбаку, Окой и Дора Милайе борются за защиту своей нации от вмешательства мировых держав после смерти короля Тль Чалла. Пока Ваканданы стремятся принять свою следующую главу, герои должны объединиться с помощью Войны Собаки Накии и Эверетта Росса и проложить новый путь для королевства Ваканда.",0
267,"Но путь к чемпионату становится скалистым, когда Мэтера поймают в своем собственном интригующем приключении - международном шпионаже.",0
268,"Будучи преисполнен решимости обеспечить, чтобы высшая жертва Супермена не была напрасной, Брюс Уэйн связывает силы с Дианой Принс с планами по вербовке команды металюдей, чтобы защитить мир от приближающейся угрозы катастрофических масштабов.",0
269,"Суперзлодеи Харли Куинн, Кровавый Порт, Миротворец и коллекция психов в тюрьме Белл Рив входят в суперсекретную, супер-шоу-группу X, когда их высадят на отдаленном, заброшенном врагом острове Корто Мальтез.",0
270,"Когда варвары Шао Кана из внешнего мира терроризируют Землю, лорд Райден намерен раз и навсегда положить конец этой резне. Остается один вариант: последний турнир ""Смертельного комбата"" за будущее Земельного реализма – выиграть его или потерять все. Внезапно разворачиваются элитные бойцы Раидена Лю Кан, Джонни Кейдж, Соня Блейд и несколько новых лиц, угрожая уничтожить существование.",0
271,"Два молодых брата изучают Лагос со своим отсталым отцом во время нигерийского кризиса на выборах 1993 года, наблюдая как масштабы города, так и повседневную борьбу его отца, поскольку политические волнения угрожают их возвращению домой.",2
272,"Три разведчика и друзья на протяжении всей жизни объединяются с одной крутой официанткой, чтобы стать командой героев в мире. Когда их мирный город разоряется в результате вторжения зомби, они будут бороться за знамение всей жизни и поставят свои навыки скаутов на испытание, чтобы спасти человечество от немертвых.",0
273,"Хатч Манселл, пригородный отец, забытый муж, ничего соседа — «никого». Когда один вечер два вора ворвались в его дом, неизвестная долго поражающая его ярость возгорается и толкает его на жестокий путь, который раскроет темные секреты, которые он сражался, чтобы оставить позади.",2
274,"Боб Парр отказался от своих дней супергероев, чтобы вовремя зарегистрироваться в качестве страховщика и растить своих троих детей с его бывшей героической женой в пригороде, но когда он получает таинственное задание, пришло время вернуться в костюм.",0
275,"Тринадцатилетняя Мэй чувствует себя неловко, будучи подростком с поворотом – когда она слишком взволнована, она превращается в гигантскую красную панду.",1
276,"Изучите приманку Старого Запада и то, как он был побежден - и потерян - через кровь, пот и слезы многих. 15 лет до, во время и после гражданской войны, с 1859 по 1874 год, отправляются в эмоциональную поездку по стране, находящейся в состоянии войны с самим собой, сквозь призму семей, друзей и врагов, которые пытаются выяснить, что действительно значит быть Соединенными Штатами Америки.",2
277,"Команда элитных коммандос на секретной миссии в центральноамериканских джунглях приходит, чтобы охотиться на себя внеземным воином.",0
278,"Леонард Шелби выслеживает человека, который изнасиловал и убил свою жену, но трудности с обнаружением убийцы его жены усугубляются тем, что он страдает от редкой, невыносимой формы краткосрочной потери памяти, хотя он может вспомнить подробности жизни до несчастного случая, Леонард не может вспомнить, что произошло 15 минут назад, куда он едет, или почему.",2
279,"Роберт Невилл - ученый, который не смог остановить распространение ужасного вируса, который был неизлечимым и антропогенным. Иммун, Невилл теперь последний человек, выживший в том, что осталось от Нью-Йорка и, возможно, всего мира. Три года Невилл добросовестно разослал ежедневные радиопередачи, отчаянно пытаясь найти других выживших, которые могут быть там. Но он не одинок.",2
280,"Нарда получает сверхчеловеческие силы и становится Дарной. Дарна и ее младший брат Динг начинают с борьбы с женщиной из Ястреба; потом они сражаются с Гигантом, и оба врага уничтожены. Они встречают доктора Вонтесберга, добрую самаритянинку, который планирует тайно уничтожить целую деревню, чтобы отомстить за своего деда, которого ошибочно обвинили в поклонении дьяволу. Она также обладает способностью вызывать мертвых и терроризировать горожан. Нарда схвачен злобным врачом, который показывает Дарне, как она намерена достичь своего плана. Как раз вовремя, Динг приходит, чтобы спасти свою беспомощную сестру, и вместе они останавливают план Вонтесберга. Дарна и Динг идут своим путем в город, но они схвачены сорсересами, и они присоединяются к к кучке других заключенных. Колдовство Лей Мин и Дарна измеряют свою силу и силу. После потери лица Лей Минь попадает в свою жизнь.",0
281,"Принцесса Белоснежка убегает из замка, когда королева в своей ревности к внутренней красоте Белоснежки пытается убить ее глубоко в темном лесу, она наткнулась на семь волшебных гномов и молодого бандита по имени Джонатан.",0
282,"Для Питера Паркера, жизнь занята. Между тем, как взять плохих парней в качестве Человека-паука и провести время с человеком, которого он любит, Гвен Стейси, выпускник школы не может прийти достаточно быстро. Питер не забыл об обещании, которое он дал отцу Гвенцу, защитить ее, но это обещание, которое он не может сдержать. Всё изменится для Питера, когда появится новый злодей, электро, старый друг, Гарри Осборн, вернется, и Питер обнаружит новые зацепки о его прошлом.",0
283,"В то время как американские войска штурмовали пляжи Нормандии, три брата лежали на поле боя с четвёртым за вражескими линиями, капитану Рейнджеру Джону Миллеру и семи мужчинам было поручено проникнуть на территорию, захваченную Германией, и вернуть мальчика домой.",0
284,"Джин, мульти-выраженный эмоджи, отправляется в путешествие, чтобы стать нормальным эмоджи.",1
285,"Знаменитая группа подростков находит, что их преследует убийца в маске, и, когда жертвы начинают скапливаться и смеются, ни один из твоих любимых страшных фильмов не убегает от сатиры с бритвой, серьёзно забавной пародии!",1
286,"История Августа Пулмана – мальчика с различиями в лице – который попадает в пятый класс, впервые посещая основную начальную школу.",2
287,"По мере того, как союзники делают свой последний шаг в Европейском театре, сержант армии по имени Вардадди командует танком Шермана и его командой из пяти человек в смертельной миссии за вражескими линиями, в перемножении и перестреленном, и с новичком, который врезался в их взвод, Вардадди и его люди сталкиваются с огромными трудностями в их героических попытках нанести удар по сердцу нацистской Германии.",0
288,"Джон Гаррити, его жена и их младший сын отправляются в опасное путешествие, чтобы найти убежище, как убийственная планетой комета, надвигающаяся на Землю. На фоне ужасных сообщений о том, что города выровняются, Гаррити испытывают лучшее и худшее в мире. Когда отсчет до глобального апокалипсиса приближается к нулю, их невероятный путь заканчивается отчаянным и последним полетом в возможное убежище.",2
289,"Питер Паркер - изгой старшеклассник, брошенный родителями в детстве, оставив его воспитанным дядей Беном и тетей Мэй. Как и большинство подростков, Питер пытается выяснить, кто он и как он стал тем, кем он стал сегодня. Поскольку Питер обнаруживает таинственный портфель, который принадлежал его отцу, он начинает поиски, чтобы понять исчезновение его родителей – он ведет его прямо в Оскорп и лабораторию доктора Курта Коннорса, бывшего напарника его отца. Поскольку Человек-паук находится на пути столкновения с альтер эго Коннорса, Лизардом, Питер сделает жизненно важный выбор, чтобы использовать свои силы и формировать свою судьбу, чтобы стать героем.",2
290,"Основываясь на истории реальной жизни легендарного криптоаналитика Алана Тьюринга, фильм изображает гонку за гвоздями против времени, которую Тьюринг и его блестящая команда взломщиков кода сверхсекретного правительства Великобритании и Школу Сайфера в Блетчли Парке, в самые мрачные дни Второй мировой войны.",2
291,"Замечательная история о выживании еврейского мальчика, который скрывается и охотится в лесах оккупированной нацистами Восточной Европы на основе мемуаров Максвелла Смарта.",2
292,"Лу Кларк, 26-летний человек без направления из английской деревни, берется за работу в местном замке в качестве опекуна и компаньона богатого молодого банкира Уилла Трейнора.",2
293,"Во время пилотируемого полета на Марс Астронавт Марк Уотни считается мертвым после бури и оставленным его командой, но Уотни выжил и остался в одиночестве на враждебной планете.",2
294,"Макс терьеру приходится справляться с некоторыми серьезными изменениями в жизни, когда его владелец женится и рожает ребенка. Когда семья едет в деревню, он нервничает, что у Макса много стычек с коровами, нетерпимыми к собакам, враждебными лисами и пугающей индейкой. К счастью для Макса, он вскоре захватился передышки, когда он встретил Рустера, грабого пса из фермы, который пытается вылечить любимый пух своих нейрозов.",1
295,Талантливый развлекательный агент USO Дикси Леонард и комик Эдди Спаркс имеют дело со своими отношениями в течение пяти десятилетий от Второй мировой до Вьетнамской Войны до своей сумеречной эпохи в 90-е годы.,2
296,"Леонард — английский портной, который раньше готовил костюмы на London83s, известном во всем мире Савиле Рове. После личной трагедии, груши оказались в Чикаго, управляя небольшим портным магазином в густой части города, где он делает красивую одежду для тех, кто может себе их позволить: семьи злобных гангстеров.",2
297,"После того, как дочь Ван Вэй похищает преступная сеть и он не получает никакой помощи от коррумпированной полиции, Вэй собирается найти ее сам. Его единственным союзником является Навин, безжалостный журналист, жена которого таинственно исчезла, подпитываясь яростной местью, маловероятной безжалостной дуэтом сражающейся с похитителями в этой выставке боевых искусств.",0
298,"Джесси Ааронс тренировался все лето, чтобы стать самым быстрым бегуном в школе, поэтому он очень расстроен, когда новичок Лесли Берк убегает от него и от всех остальных, несмотря на эти и другие различия, включая то, что она богата, он беден, она городская девушка, и он деревенщина, которая быстро подружится. Вместе они создают Терабитию, страну монстров, троллей, огров и великанов, где они правят как король и королева.",1
299,"Используя массированные пилотные роботы для борьбы с инопланетной угрозой, выжившие на земле борются с вторгшейся инопланетной силой, скрывающейся в глубинах Тихого океана. Почти беззащитные перед лицом безжалостного врага, у сил человечества нет иного выбора, кроме как обратиться к двум невероятным героям, которые теперь являются последней надеждой Земли против нарастающего апокалипсиса.",0
300,"Когда Белла Свон переезжает в маленький городок на северо-западе Тихого океана, она влюбляется в Эдварда Каллена, таинственного одноклассника, который показывает себя 108-летним вампиром.",2
301,"Очаровательный вор и группа невероятно приключений совершают эпическое ограбление, чтобы забрать потерянную реликвию, но все идет опасно, когда они бегут по неверным людям.",0
302,"Каждый ребенок приходит в мир, полный обещаний, и не больше, чем Чаппи: он одаренный, особенный, одаренный. Как и любой ребенок, Чаппи будет находиться под влиянием своего окружения - некоего хорошего, плохого - и он будет полагаться на свое сердце и душу, чтобы найти свой путь в мире и стать своим собственным человеком. Но есть одна вещь, которая делает Чаппи отличным от любого другого: он робот.",2
303,"Группа молодых исследователей исследует старый заброшенный отель, только для того, чтобы встретиться со странным сверхъестественным существом и соперничающей группой в поисках легендарного скрытого сокровища.",0
304,"Томми, неуравновешенный 19-летний, наслаждается наркотиками, вечеринками и насилием, после того как его разлучили со своими друзьями на пьяном загоне, его похищает таинственная фигура, он просыпается, чтобы оказаться в тюрьме в подвале удалённого Йоркширского дома, в котором живет очень странная семья, но то, что он может ожидать, это не то, чего он мог ожидать.",2
305,"Командиры спецназа похищаются на полпути таинственным космическим аппаратом, а когда они просыпаются на борту, они становятся жертвами безжалостной инопланетной гонки в борьбе за выживание.",0
306,"Несколько поколений после правления Цезаря обезьяны – ныне доминирующие виды – живут гармонично, в то время как люди вынуждены жить в тени. По мере того, как новый тиранический лидер-обезьян строит свою империю, одна молодая обезьяна совершает ужасное путешествие, которое заставит его усомниться во всем, что он знает о прошлом и сделать выбор, который определит будущее как для обезьян, так и для людей.",2
307,"Два одержимых заговором молодых человека похитили влиятельного генерального директора крупной компании, убеждая, что она пришельец, намеревающийся уничтожить планету Земля.",0
308,"Загадочная история двух волшебников, ожесточенное соперничество которых ведет их к битве за превосходство на всю жизнь, полна одержимости, обмана и ревности с опасными и смертоносными последствиями.",2
309,"В не столь отдаленном будущем Теодор, одинокий писатель, покупает новую операционную систему, предназначенную для удовлетворения всех потребностей пользователя. К удивлению Теодора, между ним и его операционной системой развиваются романтические отношения. Эта нетрадиционная любовная история смешивает научную фантастику и романтику в сладкую сказку, которая изучает природу любви и способы, как технология изолирует и соединяет нас всех.",2
310,"В первый день в своей новой школе Кэмерон сразу же влюбился в Бьянку, великолепную девушку своей мечты. Единственная проблема заключается в том, что Бьянке запрещено встречаться до тех пор, пока ее злобная, совершенно ненасытная старшая сестра Кэт тоже не выйдет на улицу. В попытке решить свою проблему Кэмерон выделяет единственного парня, который может совпадать с Кэт: загадочного плохого мальчика со своей плохой репутацией.",2
311,"Теперь, когда убийца Дэна позади, все, что он хочет на Рождество, это качественное время с его детьми.",2
312,"После 15 лет раздельного пребывания Мечом власти, принц Адам возвращается в Этернию, где он обнаруживает, что его дом разрушен под проклятым правлением Скелетора. Чтобы спасти свою семью и свой мир, Адам должен объединить свои силы со своими ближайшими союзниками, Тилой и Дунканом/Мужским Армами, и принять свою истинную судьбу как Хе-Мужчина, самого могущественного человека во вселенной.",0
313,"Вуди, Базз и остальные игрушки Энди не играли много лет. чтобы сбежать и вернуться домой к Энди.",2
314,"Ксандер Кейдж остался мертвым после инцидента, хотя он тайно возвращается к делу за новым, трудным заданием со своим куратором Августом Гиббонсом.",0
315,"Четверо друзей животных получают вкус дикой жизни, когда они выходят из плена в зоопарке Центрального парка и стирают на берегу острова Мадагаскар.",1
316,"Юноша Майки Уолш и его друзья начали поиски сокровищ Пиратского единоглазого Вилли, надеясь спасти свои дома от разрушения, однако, пытаясь найти сокровище, они столкнулись с семьей недавно сбежавших преступников, которые решили поймать детей и добраться до сокровища первыми.",0
317,"В результате трагедии миллиардер Брюс Уэйн посвящает свою жизнь разоблачению и побеждению коррупции, которая омрачает его дом, Готэм-Сити.",2
318,"Сложные отношения Крейвена Кравинофа с его безжалостным гангстерским отцом Николайом заводят его по пути мести с жестокими последствиями, побудив его не только стать величайшим охотником в мире, но и одним из самых опасных.",0
319,"После того, как их бывшего капитана подставили, Лоури и Бёрнетт пытаются очистить свое имя, только чтобы сами оказаться в бегах.",2
320,"После того, как их бывшего капитана подставили, Лоури и Бёрнетт пытаются очистить свое имя, только чтобы сами оказаться в бегах.",0
321,"18-летний Ной переезжает из Америки в Лондон со своей матерью, которая недавно влюбилась в Уильяма, богатого британского бизнесмена.",2
322,"Г-н Беннет - джентльмен, живущий в Хертфордшире со своей надменной женой и пятью дочерьми, но если он умрет, их дом будет унаследован дальним двоюродным братом, которого они никогда не встречали, так что будущее счастье и безопасность семьи зависят от дочерей, которые заключают хорошие браки.",2
323,Декард Шоу хочет отомстить Доминику Торетто и его семье за своего брата-коматоса.,2
324,"Энакин Скайуокер, молодой раб, сильный Силой, обнаружен на Татуине.",0
325,"С помощью немецкого охотника за головами, освобожденный раб собирается спасти свою жену от жестокого владельца плантации Миссисипи.",2
326,"Сара - девушка-подросток, которая с нетерпением ждет своего 18-го дня рождения, чтобы уехать от своего контролирующего отца Дона, но прежде чем она могла даже задуть свечи, Дон посадил ее в подвал их дома.",2
327,"Чёрная Манта пытается отомстить Акваману за смерть своего отца. чтобы защитить Атлантиса, Артур (Акваман) развязал союз со своим заключенным братом. Они должны защитить королевство.",2
328,"Джек Торренс принимает работу по уходу в отеле Overlook, где он, вместе со своей женой Венди и их сыном Дэнни, должен жить в изоляции от остального мира на зиму, но они не готовы к безумию, которое скрывается внутри.",2
329,"Наташа Романофф, также известная как Чёрная Вдова, сталкивается с более мрачными частями своей бухгалтерской книги, когда возникает опасный заговор, связанный с ее прошлым.",2
330,"После рождения Ренесми куллены собирают другие кланы вампиров, чтобы защитить ребенка от ложных утверждений, которые ставят семью перед Вольтури.",2
331,"После жестокого убийства ее мужа патрульный по шоссе Канзас отправляется в путешествие, чтобы выследить преступника.",0
332,"Опасаясь действий такого божественного Супергероя, который остался незамеченным, Готэм Ситикс владеет грозным, сильным линчевателем, который поражает Метрополиса, самых уважаемых, современных спасителей, в то время как мир борется с тем героем, в котором он действительно нуждается. И с Бэтменом и Суперменом, находящимися в состоянии войны друг с другом, быстро возникает новая угроза, подвергающая человечество большей опасности, чем он когда-либо был известен.",0
333,"Семнадцатьлетняя Ширли - хорошая ученица, которая работает няней, чтобы заработать деньги на колледж. Однажды вечером Майкл, отец Ширли, признается, что он недовольен замужней жизнью. Ширли влюблена в Майкла, и использует этот момент, чтобы поцеловать его. Майкл так счастлив, что он дает Ширли большие чаевые, что дает ей идею. Ширли планирует заработать дополнительные деньги, подружившись с другими несчастными отцами.",2
334,"Когда Пиппа и Томас переезжают в квартиру своей мечты, они замечают, что их окна смотрят прямо в квартиру напротив – приглашая их увидеть неустойчивые отношения привлекательной пары через дорогу, но то, что начинается как простое любопытство, превращается в полную одержимость со все более опасными последствиями.",2
335,"Мудрый наемник Дедпул сражается со злым и могущественным Кейблом и другими плохими парнями, чтобы спасти жизнь мальчика.",0
336,"Когда Императорский Китай призывает одного мужчину из каждой семьи защитить империю от вторжения в Ханс, молодая женщина маскируется как солдат, чтобы забрать свой больной отец дом, перед лицом безжалостных захватчиков, жестокой подготовки и опасности казни, если она обнаружится, она должна решить, кто она на самом деле, и за что шейхи готовы сражаться.",2
337,"Кэди Херон - хит с ""Пластмассой"", ""Кликом из списка А"" в ее новой школе, пока она не сделает ошибку, влюбившись в Аарона Сэмюэлса, бывшего парня альфа-пластиковой Реджины Джорджа.",1
338,"В разгар войны во Вьетнаме капитан Бенджамин Уиллард отправляется на опасную миссию, которая официально ""не существует и никогда не будет"". Его цель состоит в том, чтобы найти и уничтожить таинственного полковника Зеленого Берета по имени Вальтер Курц, который возглавляет свою личную армию на незаконных партизанских миссиях на вражескую территорию.",0
339,"Когда мир падает, молодую Фуриосу похищают из Зеленой Площади многих матерей в руки большой байкерской орды во главе с Военным вождем Дюментусом. Просматривая пустыню, они сталкиваются с цитаделью под председательством Иммортана Джо. Два тиранца ведут войну за доминирование, и Фуриоса должна выжить во многих испытаниях, когда она собирает средства, чтобы найти дорогу домой.",0
340,"Маленький преступник подделывает безумие, чтобы отбывать наказание в психушке, а не в тюрьме, и вскоре находит себя лидером других пациентов, а также врагом жестокой, доминирующей медсестры, которая руководит этой палатой.",2
341,"Времена меняются для Мэнни, сентиментального мамонта, Сида, моторного ленивца и Диего хитроумного саберно зубчатого тигра. Жизнь нагревается для наших героев, когда они встречают новых и не очень дружелюбных соседей – могучих динозавров.",1
342,"Следит за героическими усилиями крипто-зоологического агентства Монарха, когда его члены борются с кучей боговских монстров, включая могучего Годзиллу, которая вступает в сговор с Мотхрой, Роданом, и его величайшим противником, трёхглавым королем Гидорой. Когда эти древние супервидеи, думали, что это всего лишь мифы, восстают, они все жаждут господства, оставляя само существование человечества висящим на балансе.",0
343,"Вопреки воле своего отца Одина, Могучий Тор - могущественный, но высокомерный бог-воин - безрассудно возводит древнюю войну. Тор сбрасывается на Землю и вынужден жить среди людей в качестве наказания. Однажды Тор узнает, что нужно для того, чтобы стать настоящим героем, когда самый опасный злодей своего мира посылает мрачные силы Асгарда вторгнуться на Землю.",0
344,"В буйном городе Аграба добросердечный уличный урчин Аладдин и принцесса Жасмин влюбляются, хотя она может жениться только на принце, он и голодный великий Визьер Джафар волшебный светильник, который может исполнить их желания.",2
345,"После десятилетий разлуки детские друзья Нора и Хэ Сон воссоединились в Нью-Йорке на один роковый выходной, когда они столкнулись с понятиями судьбы, любви и выбора, которые делают жизнь.",2
346,"Сестры Люси, Эдмунд, Сьюзан и Питер проходят через волшебный гардероб и находят землю Нарнии, там они обнаруживают очаровательное, когда мирное королевство, погруженное в вечную зиму злой Белой Ведьмы, Джадис, при поддержке мудрого и величественного льва, Аслан, дети ведут Нарнию в впечатляющую, климатичную битву, чтобы навсегда освободиться от ледниковых сил ведьмы.",0
347,"Сара Ректор, чернокожая девочка, родившаяся в начале 20-го века в Оклахома-Индианской территории, считает, что под пустыми землями находится нефть, и ее вера оказывается верной. Когда жадные нефтяные акулы приближаются, Сара обращается к семье, друзьям и некоторым темасским дикарям, чтобы сохранить контроль над своей богатой нефтью землей, в конечном итоге став одной из первых чернокожих миллионеров — в возрасте одиннадцати лет.",2
348,"Стэнли Ипкисс, неуверенный банкир, который потерял свою хитрость на всю жизнь, наткнулся на древнюю маску, что превращает его в уверенного мультяшного персонажа, который расстраивает его обычную жизнь.",1
349,"Кенши, бунтарский воин, призывает Куай Ляна, единственного могущественного человека, достаточно сильного, чтобы бросить вызов злодействующему кано, но Куай Лян отказался от путей воина, и Кенши слишком недисциплинирован, чтобы победить самого Кано.",0
350,"Неописуемая история Кэтрин Дж. Джонсон, Дороти Воган и Мэри Джексон – блестящие афроамериканки, работающие в НАСА и служащие мозгом за одной из величайших операций в истории – запуск астронавта Джона Гленна на орбиту. Провидец трио пересек все гендерные и расовые линии, чтобы вдохновить поколения на большие мечты.",2
351,"Эпическая сага продолжается по мере того, как Люк Скайуокер, надеясь победить Злую Галактичную Империю, узнает о путях джедаев от стареющего мастера Йоды. Но Дарт Вейдер как никогда решительно настроен поймать Люка. Между тем, лидер мятежников принцесса Лея, наглый Хан Соло, Чубакка и дроиды С-3PO и R2-D2 брошены на различные стадии захвата, предательства и отчаяния.",0
352,"Рик и Эвелин Оконнелл, вместе со своим 8-летним сыном Алекс, обнаружили ключ к легендарному скорпиону Кингс, который мог бы: сказочный браслет Анубиса. К сожалению, недавно воскрешенный Имхотеп также имеет дизайн браслета, и не выше того, чтобы похитить своего нового носителя, Алекса, чтобы получить контроль над Анубисом другой мировой армией.",0
353,"Когда д-р Индиана Джонс – профессор в костюме твидов, который случайно стал известным археологом – нанимается правительством, чтобы найти легендарный Ковчег Пакта, он оказывается против всего нацистского режима.",0
354,"Через пять лет после объединения драконов и викингов Берка, Иккипа и Беззубика за пределами их родины, нарисовав огромные неизвестные места. Во время одного из их приключений пара обнаружила тайную пещеру, в которой находятся сотни диких драконов, и таинственный всадник дракона с поразительной связью с Иккингом. И когда безжалостный покоритель драконов Драго Бладвист восстает, чтобы захватить контроль как над драконами, так и над людьми, Иккинг должен вступить в свою роль истинного лидера и, вместе со своими друзьями и Беззубиком, защитить Берка от разрушительной войны.",0
355,"Недавно разведенная мама Лорен и овдовевший отец Джим позволили своим друзьям затащить их на свидание вслепую, что, как это ни странно, не удивительно, что они не хотят видеть друг друга снова. Однако судьба вмешивается, когда Джим и Лорен, не известные друг другу, покупают половину одного и того же отпуска в южноафриканском курорте для семей во время весенних каникул. Они и их дети вынуждены жить в одном и том же романтическом номере и вместе участвовать в кровавой семейной деятельности.",1
356,"Двенадцать незнакомцев проснулись на расчистке. Они не знают, где они, или как они туда попали. В тени тёмной теории заговора в интернете, безжалостные элитисты собираются в отдаленном месте, чтобы охотиться на людей ради спорта. Но их генеральный план вот-вот будет сорван, когда один из охотников перевернет столики на своих преследователей.",0
357,"После того, как семья уток загорается на своем пруду с захватывающими историями о отдаленных местах, семья Маллард отправляется в семейное путешествие из Новой Англии в Нью-Йорк, в тропическую Ямайку.",1
358,"Двенадцать незнакомцев проснулись на расчистке. Они не знают, где они, или как они туда попали. В тени тёмной теории заговора в интернете, безжалостные элитисты собираются в отдаленном месте, чтобы охотиться на людей ради спорта. Но их генеральный план вот-вот будет сорван, когда один из охотников перевернет столики на своих преследователей.",0
359,"Преступный синдикат нападает на дочь миллиардера, превращая ее в цель элитного убийцы, маленькая банда наемников защищает ее, борясь с зубами и ногтями, чтобы не дать убийцам достичь своей цели.",0
360,"Мир ошеломлен, когда группа путешественников во времени прибывает с 2051 года для того, чтобы сделать срочное сообщение: 30 лет в будущем человечество проигрывает глобальную войну против смертельного чужеродного вида. Единственная надежда на выживание - это то, что солдаты и гражданские лица из этого времени будут перевезены в будущее и присоединятся к борьбе. Среди тех, кто был завербован, есть школьный учитель и семейный человек Дэн Форестер, преисполненный решимости спасти мир для своей маленькой дочери, Дэн вместе с блестящим учёным и его отчаявшимся отцом в отчаянном стремлении переписать судьбу планеты.",2
361,"В задворках, забитых дымом, в Лос-Анджелесе 2019 года Рик Декард был призван уйти в отставку, чтобы уволить четверку репликантов, сбежавших на Землю в поисках своего создателя, чтобы продлить свою короткую жизнь.",2
362,"Уилл Хантинг - гений, упрямый, рабочий класс, который проигрывает уроки жизни. После того, как у него слишком много проблем с законом, последним шансом Уилла является профессор психологии, который может быть единственным человеком, который может до него дозвониться.",2
363,"Когда ее отец неожиданно ушел, молодая Элла оказалась под милостью своей жестокой мачехи и своих дочерей, никогда не теряя надежды, состояние Эллы начинает меняться после встречи с незнакомцем в лесу.",2
364,"Пять лет спустя после резни на Хэллоуин в Арте, Сиенна и Джонатан до сих пор борются за восстановление разрушенной жизни, и по мере приближения сезона праздников они пытаются принять дух Рождества и оставить позади ужасы прошлого, но как только они думают, что они в безопасности, Арт возвращается, преисполненные решимости превратить их праздничный радостный день в новый кошмар. Праздничный сезон быстро процветает, когда Арт выпускает свой извращенный бренд террора, доказывая, что никто не в безопасности.",2
365,"Бывший еврейский гангстер в эпоху запрета возвращается в Нижний Ист-Сайд Манхэттена спустя более 30 лет, где он вновь должен противостоять призракам и сожалеть о своей прошлой жизни.",2
366,"Когда разъяренная толпа восстанет против Злой ведьмы, Глинде и Эльфабе нужно будет собраться в последний раз с их уникальной дружбой, которая теперь является основой их будущего, им нужно будет действительно видеть друг друга, честно и сочувственно, если они хотят изменить себя и всех Оз, навсегда.",2
367,"Крис и его подружка Роуз ездят в город на выходные, чтобы навестить своих родителей. но по ходу этих выходных серия все более тревожных открытий приводит его к правде, которую он никогда не мог себе представить.",2
368,"Чтобы вернуться в игру, ему понадобится помощь молодого гонщика с ее собственным планом победы, вдохновением от покойного Фэбул Хадсона Хорнета, и несколько неожиданных поворотов.",2
369,"Находясь в комнате для допросов в Лос-Анджелесе, Вербальный Кинт пытается убедить федералов в том, что мифический преступник, Кейзер Созе, не только существует, но и несет ответственность за то, что он и его четверо партнеров втянули его в многомиллионное ограбление, которое закончилось взрывом в гавани Сан-Педро, оставив мало выживших.",0
370,"После полицейской погони с другим миром коп Нью-Йорка набирается в качестве агента в сверхсекретной организации, созданной для мониторинга и пресечения инопланетной деятельности на Земле: ""Человек в черном"", агент К и новый вербовщик агент J оказались в центре смертоносного заговора межгалактического террориста, прибывшего на Землю, чтобы убить двух послов из противостоящих галактик.",0
371,"Вместо того, чтобы лететь во Флориду со своими родными, Кевин оказался один в Нью-Йорке, где он получил номер в отеле с отцовской кредитной картой, несмотря на проблемы клерка и вмешавшегося бродяги, но когда Кевин врезался в своих старых противников, Вет Бандитов, он решил сорвать их планы ограбить магазин игрушек в канун Рождества.",1
372,"Через год после убийства матери, девушка-подросток терроризируется убийцей в маске, который нападает на нее и ее друзей, используя страшные фильмы как часть смертельной игры.",2
373,Идеалистический агент ФБР привлекается правительственной целевой группой для оказания помощи в эскалации войны с наркотиками в пограничном районе между США и Мексикой.,0
374,"Сказка о необычайной семье, Мадригалах, которые живут в горах Колумбии, в волшебном доме, в живописном городе, в чудесном, очаровательном месте под названием Энканто. Волшебство Энканто благословило каждого ребенка в семье, за исключением одного, Мирабель. Но когда она узнает, что магия вокруг Энканто находится в опасности, Мирабель решит, что она, единственная обычная Мадригал, может быть последней надеждой ее семьи.",2
375,"Айбилин Кларк - средневековая афроамериканская горничная, которая провела свою жизнь, воспитывая белых детей и недавно потеряла своего единственного сына; Минни Джексон - афроамериканская горничная, которая часто обижала своих работодателей деньгами, несмотря на то, что ее семья отчаянно нуждалась в работе; и Эухения ""Скитер"" Фелан - молодая белая женщина, которая недавно вернулась домой после окончания колледжа, чтобы узнать, что ее детская горничная таинственно исчезла. Эти три этажа пересекаются, чтобы объяснить, как жизнь в Джексоне, Миссисипи вращается вокруг ""помощи"", но они всегда находятся на определенном расстоянии из-за расовых линий.",2
376,"Когда на морскую общину ""Амити"" нападает опасная большая белая акула, начальник полиции города, молодой морской биолог и охотник за акулой, который отчаянно пытается убить зверя, прежде чем он нанесет новый удар.",0
377,"Джо Гарднер - учитель средней школы с любовью к джазовой музыке, после успешного прослушивания в клубе полузаписи, он внезапно попал в аварию, которая отделяет его душу от его тела и переносится на семинар ""Ты"", центр, в котором души развиваются и наживаются страсти перед тем, как быть доставленными к новорожденному ребенку. Джо должен заручиться помощью от других людей, которые тренируются, типа, 22, душе, которая потратила юни на семинар ""Ты"", чтобы вернуться на Землю.",2
378,"Как сын лидера викинга на вершине мужественности, застенчивый Иккинг Хоррендус Хэддок III сталкивается с обрядом прохода: он должен убить дракона, чтобы доказать, что его воин меттл. Но после того, как он сбил боязливого дракона, он понимает, что больше не хочет его уничтожить, и вместо этого подружится с зверем, которого он называет Беззубиком, многое до уныния своего отца-воина.",2
379,"Хороший муж, который позволяет своей жене иметь дела, чтобы избежать развода, становится главным подозреваемым в исчезновении ее любовников.",2
380,"Когда зловещий Сит открывает тысячелетний заговор, чтобы править галактикой, Республика рушится и из пепла возрождается Злая Галактическая Империя, герой джедай Энакин Скайуокер должен выбрать сторону.",0
381,"Когда американские рейнджеры и элитная команда &lt; &lt; Дельта &gt; &gt; пытаются похитить двух подчинённых сомалийскому военнослужащему, их вертолеты &lt; &lt; Черных Ястребов &gt; &gt; сбиты, а американцы понесли тяжелые потери, столкнувшись с интенсивными боевыми действиями со стороны боевиков на земле.",0
382,После смерти матриарха семьи Ли Энни и ее дети обнаруживают тревожные секреты об их наследии.,2
383,"Через несколько лет после того, как Люциус был свидетелем смерти почтенного героя Максимуса от рук своего дяди, он был вынужден войти в Колосей после того, как его дом был завоеван тираническими императорами, которые сейчас ведут Рим железным кулаком.",0
384,"Убийца, обученный ЦРУ, набирает других выпускников из своей секретной детской программы, ""Интернат"", чтобы жестоко уничтожить организацию.",0
385,"Когда новый враг угрожает ни в чем не повинным, Геркулес должен вести свою бесстрашную команду воинов в борьбе с огромными трудностями.",0
386,"Фил Брокер, агент УБН в отставке, ведет тихую жизнь со своей дочерью Мэдди, пока школьный инцидент не втягивает их в конфликт с Морганом Гатором Бодином, местным криминальным боссом.",0
387,"Когда его попытка спасти свою семью случайно изменяет будущее, Барри Аллен оказывается в ловушке в реальности, в которой генерал Зод вернулся и нет Супергероев, к которым можно обратиться.",2
388,"Чтобы уничтожить ирландскую мафию Южного Бостона, полиция послала одного из них, чтобы проникнуть в подземный мир, не осознавая, что синдикат сделал то же самое.",2
389,"Идеалистический молодой политик жульничает по семейным вопросам и трудной трудовой жизни, готовясь взять на себя работу своего наставника, давно действующего губернатора штата.",2
390,"Убийца застрелен ее безжалостным работодателем, Биллом и другими членами их круга убийств – но она живет, чтобы замыслить свою месть.",2
391,"Тайная команда элитных оперативников живет в тени, когда безжалостный деспот крадет миллиардное состояние, его отправляют забрать обратно - невозможное ограбление, которое вспыхивает в смертельной игре стратегии, обмана и выживания.",0
392,"Это дерзкая, нелепая и совершенно правдивая история о том, как Миньоны покорили Голливуд, стали кинозвездами, потеряли все, выпустили монстров на мир и затем объединились, чтобы попытаться спасти планету от хаоса, который они только что создали.",1
393,"Изучите приманку Старого Запада и то, как он был побежден - и потерян - через кровь, пот и слезы многих. 15 лет до, во время и после гражданской войны, с 1859 по 1874 год, отправляются в эмоциональную поездку по стране, находящейся в состоянии войны с самим собой, сквозь призму семей, друзей и врагов, которые пытаются выяснить, что действительно значит быть Соединенными Штатами Америки.",2
394,"Взятый контрабандистами, когда он был всего лишь черепахой, макау по имени Блу так и не научился летать и жить счастливой одомашненной жизнью в Миннесоте со своим другом-человеком Линдой. Блу считается последним в своем роде, но когда говорят, что Джуэль, одинокая женщина, живет в Рио-де-Жанейро, Блу и Линда, отправляется на встречу с ней. Контрабандисты животных похищают Блу и Джуэль, но эта пара вскоре сбежит и начнет опасное приключение обратно к свободе - и Линда.",1
395,"Матильда Вормвуд - блестящая и умная маленькая девочка, к сожалению, ее родители, Гарри и Зинния, не видят этого факта.",2
396,"Гумберт Гумберт — британский романист среднего возраста, который потрясен и тянется к вульгарности американской культуры. Когда он приходит в пансионный дом, управляемый Шарлоттой Хейз, он вскоре одержим Лолитой, дочерью-подростком женщины.",2
397,"После того как основная технология для M3GAN была украдена и неправомерно использована могущественным оборонным подрядчиком для создания военного оружия, известного как Амелия, создатель M3GAN Джемма понимает, что единственный вариант - это возродить M3GAN и дать ей несколько усовершенствований, сделав ее быстрее, сильнее и более смертельной.",0
398,"В 1980-х Голливуд, звезда-активист Джонни Кейдж собирается стать актером, но когда его костюм, Дженнифер, исчезает со съёмок, Джонни оказывается ввергнутым в мир, полный теней, опасностей и обмана. Когда Джонни отправляется в кровавое путешествие, Джонни быстро обнаруживает, что среди города Ангелов больше, чем несколько дьяволов. Он борется с зловещим тайным обществом, планирующим зловещую схему, но жестокая борьба с кровожадными воинами неферреалима только начинается.",0
399,"Джон Уик был вынужден выйти на пенсию бывшим партнером, который хотел захватить контроль над теневой международной гильдией убийц, обвязанной кровопролитной клятвой, чтобы помочь ему, Уик путешествует в Рим и борется с некоторыми из самых опасных убийц.",0
400,"Гномы, Бильбо и Гэндальф успешно сбежали из Мисти, Бильбо получил одно кольцо, и все они продолжили свой путь, чтобы вернуть свое золото от Дракона, Смауга.",2
401,"Когда известного писателя-преступника Харлана Тромби нашли мертвым в его поместье сразу после его 85-летия, инквизиционный и дебонейрный детектив Бенуа Бланка загадочнее привлекла к расследованию. от неблагополучной семьи Харлана до его преданного персонала, Бланк просыпается через паутину красных селедок и самодостаточной лжи, чтобы раскрыть правду, стоящую за безвременной смертью Харлана.",2
402,"Элио, космический фанатик с активным воображением, оказался в космическом происшествии, где он должен создать новые связи с эксцентричной инопланетной формой жизни, управлять кризисом межгалактических масштабов и каким-то образом узнать, кем он должен быть на самом деле.",2
403,"Майор Билл Кейдж - офицер, который никогда не видел ни одного боя, когда его бесцеремонно понизили и бросили в бой.",0
404,"Северная Америка разделена на четыре основных квадранта, властная корпорация захватила обычную пенитенциарную систему и сделала преступников новыми правоохранительными органами, владелец этой корпорации, наноученый Эйон Прескотт, создал нановирус под названием Оникс, который распространяется с помощью смертоносных часов среди преступников, во-первых, заражает их, затем заставляет их ликвидировать друг друга ради свободы, кто может разрушить всю систему корпорации изнутри?",0
405,"Воодушевляющий адвокат Флориды Кевин Ломакс соглашается работать в юридической фирме Нью-Йорка. Кевин быстро узнает, что его босс планирует нечто гораздо более злое.",2
406,"Полицейский полиции Нью-Йорка Джон МакКлейн планирует примириться с его отлученной женой, и он будет в курсе того, что через несколько минут после его прибытия на рождественскую вечеринку в ее офисе все здание обгоняет группа террористов, с небольшой помощью полиции Лос-Анджелеса, умник МакКлейн собирается в одиночку спасти заложников и посадить плохих парней.",0
407,"Обычная семья оказывается в центре внимания после того, как отец совершает кажущееся убийство в своей закусочной в порядке самообороны.",2
408,"Сатирический аллегорий революции и власти, который отслеживает, как систематически развращается движение за равенство. По мере того как свинья укрепляют контроль, истина стирается, инакомыслие разрушается, и ферма превращается в безжалостную диктатуру.",2
409,"Когда две девушки думают, что у другой это лучше, они поменяются местами, чтобы узнать, кто прав!",1
410,"Истинная история о Фрэнке Абагнале-младшем, который до своего 19-го дня рождения успешно обманул миллионы долларов, как пилот, врач и прокурор Пан Ам. Агент ФБР делает свою миссию, чтобы посадить его за решетку, но Фрэнк не только ускользает от поимки, он наслаждается преследованием.",2
411,"С невероятной скоростью Sonic The Hedgehog обнимает свой новый дом на Земле, то есть, до тех пор, пока Sonic не запустит внимание супер-некрутого злого гения доктора Роботника.",0
412,"Истинная история пианиста Владислава Шпилмана в Варшаве во время нацистской оккупации. Когда евреи города оказываются вынужденными играть в гетто, Шпилман находит работу в кафе; и когда его семья депортируется в 1942 году, он остается, работает некоторое время и в конце концов прячется в руинах разрушенного войной города.",2
413,"Молодая пара едет на отдаленный остров, чтобы поесть в эксклюзивном ресторане, где шеф - повар приготовил прекрасное меню с шокирующими сюрпризами.",1
414,"В то время как По и его отец посещают тайную деревню панда, злой дух угрожает всему Китаю, вынуждая По образовать армию регта, чтобы дать отпор.",0
415,"Сопротивление строится в количестве, когда люди освобождаются от Матрицы и привозят в город Сион. Нео обнаруживает свои суперсилы, в том числе способность видеть код внутри Матрицы. С помощью машинных сторожей, копающих на Сион через 72 часа, Нео, Морфей и Троица должны найти ключ, чтобы в конечном итоге добраться до Источника.",0
416,"Добросердечный уличный урод по имени Аладдин начинает волшебное приключение после того, как находит лампу, которая освобождает мудрого джинна, в то время как сильный Гран-Визье суетится за ту же лампу, которая способна исполнить их самые глубокие желания.",1
417,"Молодая супружеская пара Зак и Эмми решили полететь с воздушным шаром через итальянские доломиты, чтобы возродить свои отношения.",2
418,Через 30 лет после поражения Галактической империи Хан Соло и его союзники сталкиваются с новой угрозой со стороны злого Кило Рена и его армии Стормтроперов.,0
419,"Лос-Анджелес, 1969 год, телезвезда Рик Далтон, борющийся актёр, специализирующийся на вестернах, и трюкмен Клифф Бут, его лучший друг, пытающийся выжить в постоянно меняющейся киноиндустрии Далтон является соседкой молодой и многообещающей актрисы и модели Шэрон Тейт, которая только что вышла замуж за престижного польского режиссера Романа Полански...",2
420,"Лу, конформистка в возрасте сорока лет, узнает, что ее 15-летний партнер имеет внебрачные отношения, начиная с нуля, она вступает в неожиданные отношения с молодым женихом.",2
421,"Когда убивают старого знакомого, Вулф вынужден раскрыть дело. Волф вербует своего отлученного и очень смертоносного брата, Бракса, чтобы помочь. В партнерстве с Мэрибет Мединой они обнаруживают смертоносный заговор, превращаясь в мишени безжалостной сети убийц, которые ни перед чем не остановятся, чтобы сохранить свои секреты.",0
422,"Отношения между двумя парами становятся сложными и обманчивыми, когда мужчина из одной пары встречается с женщиной другой.",2
423,"Сказка об огромных амбициях и возмутительном излишестве, отслеживающая рост и падение множества персонажей в эпоху безудержного деградации и разврата во время перехода Голливуда от тихихих фильмов к звуковым фильмам в конце 1920-х годов.",2
424,"Тони Лип, вышибалу в 1962 году, наняли для вождения пианиста Дона Ширли во время тура по глубокому Югу в те дни, когда афроамериканцы, вынужденные найти альтернативное жилье и услуги из-за сегрегационных законов под линией Мейсон-Диксон, полагались на руководство под названием «Негритянская мотористская зеленая книга».",2
425,"Совсем недавно из-за несчастного случая, почти завершившегося карьерой, каскадёр Кольт Сиверс должен найти пропавшую кинозвезду, раскрыть заговор и попытаться вернуть любовь всей своей жизни, выполняя свою повседневную работу.",0
426,"Временный шериф Улисс, которого вызвали в Снежный город Нормал, МН, раскрывает международный преступный заговор в центре кажущегося банальным свист-стопа, когда он приходит на помощь паре, грабившей банк, которую поймали в смертельном беспорядке.",0
427,"Парень - анонимный молодой человек, который высиживает мизер, живущий в подпольном бой-клубе, где ночью, одетый в маску гориллы, его избивают за деньги более популярные бойцы. После многих лет подавленной ярости, Кид находит способ проникнуть в анклав зловещей элиты города. По мере того, как его детская травма перерастает, его таинственные шрамовые руки развязывают взрывную кампанию возмездия, чтобы свести счет с людьми, которые забрали у него все.",0
428,"Вуди всегда был уверен в своем месте в мире, посвящённом заботе о своем ребенке, будь то Энди или Бонни, но после того, как Бонни создала нежеланную новую игрушку под названием ""Forky"", путешествие вместе со старыми и новыми друзьями бросает вызов всему, что Вуди верит в верность, цель и что на самом деле значит быть игрушкой.",2
429,"Взволнованный убийством Муррона, его новой невесты и детской любви, шотландский воин Уильям Уоллес убивает взвод местных солдат англичан, что ведет деревню к восстанию и, в конце концов, всю страну к восстанию против английского правления.",0
430,"Самые великие воины истории, включая Чингис Хана и Джоан Арка, вызваны теневой организацией, чтобы сражаться в битве до смерти.",0
431,"Страдающий от бессонницы, одинокий Трэвис Бикл берется за работу таксистом из Нью-Йорка, преследует улицы ночью, все больше отдаляясь от реальности, когда он мечтает о уборке грязного города.",2
432,"Отношения молодой пары противоречат суровой реальности Калифорнийского Золотого Раша 1850 года Ангел, испытывающий любовь в первый раз и сталкиваясь с демонами, убегает от новой жизни, которую она не верит в то, что она заслуживает. Когда Майкл собирается найти ее, Ангел обнаруживает, что она действительно имеет право выбирать жизнь, которую она хочет.",2
433,"Кроткий парень, который помолвлен с чудовищной женщиной, встречается с женщиной своей мечты и планирует найти способ быть с ней.",2
434,"Несколько друзей ездят в Швецию, чтобы изучать в качестве антропологов летний фестиваль, который проводится каждые 90 лет в отдаленном родном городе одного из них, который начинается как отпуск во сне в месте, где никогда не заходит солнце, постепенно превращается в тёмный кошмар, когда таинственные жители приглашают их участвовать в своих тревожных праздничных мероприятиях.",2
435,"70-летний вдовец Бен Уиттакер обнаружил, что выход на пенсию - это не все, что можно сделать. Пользуясь возможностью вернуться в игру, он становится старшим стажером на онлайн-сайте моды, который основан и управляется Джулсом Остином.",1
436,"В то время, когда монстры ходят по Земле, человечество борется за свое будущее ставит Годзиллу и Конг на путь столкновения, который увидит две самые могущественные силы природы на планете, сражающиеся в впечатляющей битве веками.",0
437,"В четвёртом выпуске франшизы Бойка снимается для большой лиги, когда случайная смерть на ринге заставляет его сомневаться во всём, за что он стоит. Когда он узнает, что жена человека, которого он случайно убил, в беде, Бойка предлагает сражаться в серии невозможных сражений, чтобы освободить ее от жизни в подневольном состоянии.",2
438,"Стиви и ее младший брат Эллиот путешествуют по дико абсурдному ландшафту своей собственной мечты, чтобы попросить Песчаника дать им идеальную семью.",1
439,"Симба идолопоклонствует своего отца, короля Муфасы, и принимает к сердцу свою судьбу, но не все в королевстве празднуют прибытие нового детёныша. У Скара, брата Муфасы, и бывшего наследника престола, есть свои собственные планы. Битва за Прайд-Рок опустошается предательством, трагедией и драмой, что в конечном счете приводит к изгнанию Симбы. С помощью любопытной пары новых друзей Симба должен будет понять, как вырасти и вернуть то, что по праву принадлежит Симбе.",2
440,"В разгар первой мировой войны два молодых британских солдата должны пересечь вражескую территорию и передать послание, которое остановит смертоносное нападение на сотни солдат.",0
441,"Лучший морской снайпер, Боб Ли Суэггер, покидает армию после того, как миссия пошла наперекосяк и исчезает, живя в изоляции. Он снова встал на службу после того, как высокопоставленный правительственный чиновник убедил его помочь помешать заговору с целью убийства президента Соединенных Штатов. В конечном счете, он обманул и подставился к попытке, Суэггер становится целью общенациональной охоты на убийцу. Он побежал, чтобы отследить настоящего убийцу и выяснить, кто его подставил, и почему, в конце концов, он пытается отомстить некоторым из самых могущественных и коррумпированных лидеров в свободном мире.",0
442,"Когда таинственное существо владеет молодой девушкой, ее мать ищет помощи двух католических священников, чтобы спасти ей жизнь.",2
443,"Ральф хочет доказать, что он может быть хорошим парнем, а не просто злодейом, Ральф убегает от игры и земли в ""Героев Добра"", стрелка первого лица, где он помогает герою в борьбе с инопланетными захватчиками. Позже он входит в ""Sugar Rush"", игру в арт-гонках на треках из конфет, печенья и других сладостей. Там Ральф встречается с Ванеллопе фон Швецем, который узнал, что ее игра сталкивается с серьезной угрозой, которая может повлиять на весь аркад, и что Ральф мог случайно начать игру.",1
444,Дерек Вайньярд был освобожден досрочно после трех лет тюремного заключения за убийство двух афроамериканцев. и его действия сильно повлияли на Дэнни.,2
445,"Рокки Бальбоа - борец за филадельфию, который, кажется, никуда не денется, но когда судьба ставит его на ринг с чемпионом мира по тяжёлому весу, Рокки знает, что это его единственный шанс в это время — возможность раз в жизни пройти дистанцию и выйти победителем!",0
446,"Роуз, отчаянная мать, отвезет свою приемную дочь, Шэрон, в город Силент Хилл, чтобы вылечить ее от болезни.",2
447,"После того как праведный молодой человек Дрю Диксон отправляется на запад от своей религиозной семьи, чтобы не попасть в гражданскую войну, он дрейфует по всей земле с свободной конфедерацией молодых бродяг.",2
448,"Учёный Брюс Баннер ищет у планеты противоядие к безудержной силе ярости внутри него, Халку, но когда военные мастера, мечтающие использовать его силы, заставляют его вернуться к цивилизации, он оказывается лицом к лицу с новым, смертоносным врагом.",2
449,"Богатый нью-йоркский менеджер по инвестициям скрывает свое альтернативное психопатическое эго от своих коллег и друзей, в то время как он все глубже перерастает в свои нелогичные, нелепые фантазии.",2
450,"Менее чем за 24 часа до его досрочного освобождения, харизматичный вор Дэнни Оушен уже запустил свой следующий план: за одну ночь команда специалистов Дэнни попытается украсть более 150 миллионов долларов из трех казино Лас-Вегас, но, чтобы получить деньги, Дэнни рискует своими шансами на примирение с бывшей женой Тесс.",0
451,"История чудесной эвакуации союзников из Бельгии, Великобритании, Канады и Франции, которые были отрезаны и окружены немецкой армией с пляжей и гавани Данкирк в период с 26 мая по 4 июня 1940 года во время Второй мировой войны.",0
452,"История следует за Кэрол Дэнверс, когда она становится одним из самых могущественных героев вселенной, когда Земля оказывается в центре галактической войны между двумя инопланетными расами.",0
453,"Сингер Фредди Меркурий, гитарист Брайан Мэй, барабанщик Роджер Тейлор и бас-гитарист Джон Дикон захватывают музыкальный мир штурмом, когда они образуют рок-н-ролл-группу Queen в 1970 году. Песни Hit становятся мгновенной классикой. Когда все более дикий образ жизни Меркурии начинает выходить из-под контроля, королева вскоре сталкивается со своей величайшей задачей – найти способ держать группу вместе в условиях успеха и избытка.",2
454,"Сингер Фредди Меркурий, гитарист Брайан Мэй, барабанщик Роджер Тейлор и бас-гитарист Джон Дикон захватывают музыкальный мир штурмом, когда они образуют рок-н-ролл-группу Queen в 1970 году. Песни Hit становятся мгновенной классикой. Когда все более дикий образ жизни Меркурии начинает выходить из-под контроля, королева вскоре сталкивается со своей величайшей задачей – найти способ держать группу вместе в условиях успеха и избытка.",2
455,"Гру вербуется Анти-Виллейнской лигой, чтобы помочь справиться с могущественным новым суперпреступником.",0
456,"После того, как его жизнь перевернута с ног на голову, когда его жена погибла в лондонской террористической атаке, блестящий, но интровертированный декодер ЦРУ берет дело в свои руки, когда его начальство отказывается принимать меры.",2
457,"Ричард Уолтерс приговорен к смертной казни за убийство, которое, как он утверждает, не совершил.",2
458,"Следователи паранормального состояния Эд и Лоррейн Уоррен сталкиваются с тем, что станет одним из самых сенсационных дел из их досье.",2
459,"В загробной жизни, где души должны решить, где провести вечность, Джоан сталкивается с невыполнимым выбором между мужчиной, с которым она провела свою жизнь, и своей первой любовью, которая умерла молодой и ждала десятилетия, чтобы она приехала.",2
460,"В альтернативном мире человечество и вампиры воевали веками после последней войны с вампиром, ветеран Воин-священник живет в темноте с другими людьми в одном из стенных городов Церкви, когда племянница священника похищается вампирами, священник нарушает свои клятвы, чтобы охотиться за ними.",0
461,"Эксперты по видеоиграм набираются военными для борьбы с персонажами видеоигр 80-х годов, которые напали на Нью-Йорк.",0
462,"Когда молодого священника Джуда Дюпентиса отправляют на помощь харизматичному пожарному монсенту Джефферсону Уиксу, ясно, что все не так хорошо в печали, после внезапного и, казалось бы, невозможного убийства, отсутствие очевидного подозреваемого заставляет начальника местной полиции Джеральдин Скотт объединить силы с известным детективом Бенуа Бланком разгадать загадку, которая противоречит всей логике.",2
463,"Эластигирл начинает действовать, чтобы спасти этот день, в то время как мистер Невероятный сталкивается со своей величайшей проблемой – заботясь о проблемах своих троих детей.",1
464,"История супер-секретной шпионской организации, которая вербует неочищенного, но многообещающего уличного парня в ультраконкурентную программу подготовки агентства, как раз когда глобальная угроза возникает от извращенного технического гения.",0
465,"Молодой охранник игровой игры из числа коренного населения арестовывает известного браконьера только для того, чтобы обнаружить, что браконьер знает, где находится самолет с миллионами долларов, который разбился в замерзшем озере, когда банду преступников и грязных копов оповещают о том, где находится браконьер, надзиратель и команда браконьеров, чтобы сражаться и бежать через вероломное озеро, пока лед не растает.",0
466,"Под прикрытием агент УБН и его напарник начинают игру в кошки и мыши с дерзкой и удивительной группой воров – их собственные мятежные подростки, которые начали грабить у опасного картеля, используя для этого тактику своих родителей и сверхсекретную информацию.",0
467,"Банковский кассир обнаруживает, что он на самом деле играет в видеоигре в открытом мире, и решает стать героем своей собственной истории. Теперь, в мире, где нет ограничений, он полон решимости быть парнем, который спасает свой мир, пока не стало слишком поздно.",0
468,"Семья вынуждена жить в тишине, прячась от существ, которые охотятся по звуку.",0
469,"Вечные — это команда древних пришельцев, которые живут на Земле в тайне тысячи лет. Когда неожиданная трагедия выталкивает их из тени, они вынуждены воссоединиться с человечеством, самыми древними врагами, Девиантами.",0
470,"По всему земному шару появляются странные явления. Небеса возгораются. Террор гоняются по основным городам мира. По мере развития этих необычных событий становится все более очевидным, что появилась сила невероятных масштабов. Его миссия: полное уничтожение в выходные дни 4 июля. Последняя надежда остановить разрушения - это маловероятное число людей, объединенных судьбой и невообразимыми обстоятельствами.",0
471,"Даллас, обременённый, но упрямый танцовщица, решительно настроена попасть в лучшую школу танцев в стране - ее покойную мать альма Матер. Однако, эта мечта внезапно сорвалась, когда дерзкая, но тайно скорбящая футбольная звезда, Дрейтон, врезалась в ее жизнь своей уникальной историей. Смогут ли они вместе вырасти в своих мечтах, или же их мечты отойдут на второй план?",2
472,"12-летний Дрэ Паркер мог быть самым популярным ребенком в Детройте, но последний карьерный шаг его матери привёл его в Китай Дре сразу же влюбился в своего одноклассника Мэй Ина, но культурные различия делают такую дружбу невозможной еще хуже, чувства Дре делают его врагом классного хулигана, Чэна.",2
473,"Роберт МакКолл находится дома в Южной Италии, но он обнаруживает, что его друзья находятся под контролем местных криминальных начальств.",0
474,"Джон Картер - измученный войной бывший военный капитан, который необъяснимо перевезен на таинственную и экзотичную планету Барсум (Марс) и невольно втягивается в эпический конфликт. Это мир на грани краха, и Картер вновь открывает свою человечность, когда понимает, что Барсум и его люди находятся в его руках.",2
475,"Прекрасная, чистосердечная молодая женщина, Малефисент, имеет идиллическую жизнь, растящую в мирном лесном королевстве, до тех пор, пока однажды враждующая армия не угрожает гармонии на земле. Она восстает, чтобы быть самым жестоким защитником земли, но в конечном итоге страдает от безжалостного предательства – действия, которое начинает превращать ее сердце в камень. Бент на месть, Малефисент сталкивается с грандиозной битвой с преемником нападающего Короля и, как следствие, накладывает проклятие на своего новорожденного младенца Аврору. По мере роста Малефисен понимает, что Аврора является ключом к миру в королевстве – и к истинному счастью Малефисента.",2
476,"Неописуемая история о Оптимусе Прайме и Мегатроне, более известная как заклятые враги, но когда-то были друзьями, связанными как братья, которые навсегда изменили судьбу Кибертрона.",0
477,"Майк Макканн ездит в Непал, чтобы разбросить свой покойный братский пепел на Эвересте, когда он въезжал в переполненный тур-автобус, пересекающий смертельную 12 000 футов.",2
478,"Женщина пытается оправиться от жестокого нападения, направляясь на миссию для мести.",0
479,"Поселившись в Грин Хиллз, Соник хочет доказать, что у него есть то, что нужно, чтобы стать настоящим героем. Его тест наступает, когда доктор Роботник возвращается, на этот раз с новым партнером, Наклсом, в поисках изумруда, способного уничтожить цивилизации. Сонические команды со своим собственным помощником, Тайлсом, и вместе они отправляются в глобусное путешествие, чтобы найти изумруд, прежде чем он попадет не в те руки.",0
480,"Вражеская группа бойцов сопротивления объединяется для миссии, чтобы украсть планы ""Звезды смерти"" и принести новую надежду галактике.",0
481,"После того, как его отставку прервал Гор божий Мясник, галактический убийца, который стремится к исчезновению богов, Тор Одинсон заручился помощью короля Валькирии, Корга, и бывшей девушки Джейн Фостер, которая теперь владеет Мджолнир как Могучий Тор. Вместе они начинают страшную космическую авантюру, чтобы раскрыть загадку божьего Мясника и остановить его до того, как он станет слишком поздно.",0
482,"Доисторическая семья Крудс живет в особенно опасный момент времени. Патриарх Грюг, его приятель Угга, его дочь-подросток Ип, сын Тонк, и дерзкая Гран собирают еду днем и слоняются вместе в пещере ночью. Когда на место приходит более развитый пещерный человек по имени Гай, Грюг не доверяет, но вскоре становится ясно, что Гай прав в отношении надвигающегося разрушения их мира.",2
483,"Итан Хант и его команда МВФ приступили к своей самой опасной миссии еще: чтобы отыскать страшное новое оружие, которое угрожает всему человечеству, прежде чем оно попадет в неправильные руки. Итан должен считать, что ничто не может иметь значения больше, чем его миссия, даже жизни тех, кто ему дорог больше всего.",0
484,"Сюжет был очень скромным и основал битву 480 года до н. э. при Термопиле, где король Спарты вел свою армию против надвигающихся персов.",2
485,"Археолог Рик О'Коннелл путешествует в Китай, приставая его к императору из 2000-летней династии Хана, который вернулся из мертвых, чтобы заняться поисками мирового господства. На этот раз О'Коннелл заручился помощью своей жены и сына, чтобы уничтожить так называемого ""Драгона императора"" и его злоупотребление сверхъестественной властью.",0
486,"Хэлли Паркер и Энни Джеймс - идентичные близнецы, которые разошлись в юном возрасте из-за развода их родителей.",2
487,"Дэвид, студент колледжа, ищет работу, нанимается доктором Стоунером в качестве ассистента в лаборатории для его исследований и экспериментов над змеями, Дэвид также начинает влюбляться в молодую дочь Стоунера Кристину, но хороший врач тайно заварил сыворотку, которая может превратить любого человека в змею короля Кобра, и он планирует использовать ее на Дэвиде.",2
488,"Шкипер, Ковальски, Рико и рядовой объединили свои усилия с секретной организацией «Северный ветер», чтобы остановить злодейского доктора Октавиуса Брина от уничтожения мира, как мы его знаем.",0
489,"Бывший армейский рейнджер и упрямый отец грабит рестораны Макдональдса, вырезая дыры в их крышах, заработав ему прозвище ""Руфман"". После побега из тюрьмы, он тайно прожил в игрушках в течение шести месяцев, выживая незамеченными, планируя свой следующий ход. Но когда он влюбился в разведенную маму, привлечённую к его неопровержимому очарованию, его двойная жизнь начинает разваливаться, и он начинает захватывающую и напряженную игру в кошки и мышь, когда его прошлое закрывается.",0
490,"Маркус и Майк вынуждены противостоять новым угрозам, изменениям в карьере и кризисам среднего возраста, когда они присоединяются к недавно созданной элитной команде АММО из полицейского департамента Майами, чтобы уничтожить безжалостную Армандо Армаса, злобного лидера наркокартеля Майами.",0
491,"Джек Воробей чувствует ветры неуверенности еще сильнее, когда смертельные моряки-призраки, возглавляемые его старым немезисом, злой капитан Салазар, убегают из Треугольника Дьявола.",0
492,"Бывший хитмен Джон Уик выходит из пенсии, чтобы выследить гангстеров, которые забрали у него все.",0
493,"Фред приходит на пороге своей прекрасной юной любовницы Велвет после четырех лет разлуки, утверждая, что он, наконец, оставил свою жену, но когда она отвергает его попытки возродить их роман, его настойчивость превращается в одержимость, и темная история между бывшими любовниками становится в центре внимания.",2
494,Через серию смелых эскападов в глубине темного и опасного преступного мира Хан Соло встречается со своим могучим пилотом в будущем Чубакка и встречается с известным игроком Ландо Калриссиан.,0
495,"Люк Скайуокер возглавляет миссию по спасению своего друга Хана Соло от когтей Джаббы Хатт, Император готовится уничтожить Ребеллион более могущественной Звездой Смерти, и флот Ревель нападает на космическую станцию. Люк Скайуокер противостоит Дарту Вейдеру на последней климатической дуэль перед Злым Императором.",0
496,"Люк Скайуокер возглавляет миссию по спасению своего друга Хана Соло от когтей Джаббы Хатт, Император готовится уничтожить Ребеллион более могущественной Звездой Смерти, и флот Ревель нападает на космическую станцию. Люк Скайуокер противостоит Дарту Вейдеру на последней климатической дуэль перед Злым Императором.",0
497,"Мэнни, Диего и Сид отправляются на очередное приключение после того, как их континент разрушится, используя айсберг как корабль, они встречаются с морскими существами и боевыми пиратами, когда они исследуют новый мир.",0
498,"Исследовательский погружение в глубину океана смелой исследовательской команды скатывается в хаос, когда злонамеренная добыча угрожает их миссии и заставляет их сражаться за выживание.",0
499,"Как Ститч, сбежавший генетический эксперимент с далёкой планеты, сеющий хаос на Гавайских островах, он становится злобным приемным пришельцем независимой маленькой девочки по имени Лило и узнает о лояльности, дружбе и Охане, гавайской традиции семьи.",2
500,"В тишине отдалённого сельского посёлка библиотекарь пытается найти смысл в жизни после потери близкого человека. Книги становятся её единственным утешением, но финансовые трудности заставляют её пересмотреть приоритеты. Вместе с соседями она ищет способ сохранить место, где хранятся воспоминания и надежда.",2
501,"Бухгалтер, оказавшийся в непростой ситуации, пытается скрыть огромную ошибку, но его неловкий секрет приводит к хаотичной цепочке событий в роскошном отеле. Паника и неожиданные повороты делают каждый день драматичным, а эмоциональная глубина переплетается с абсурдными моментами.",1
502,"Незнакомец, вынужденный защищать секретные исследования, сталкивается с предательством внутри своей команды. В условиях высокой безопасности и скрытых мотивов каждая секунда становится напряжённой. Сложность в том, что доверие разрушено, а правда оставалась нерешённой.",0
503,"Молодой основатель стартапа, полный амбиций, решает запустить бизнес в летнем лагере, не зная, что его планы разрушатся бегущим котом. Вместе с ним в хаос впутываются дети, и все превращается в непредсказуемый фарс, где даже животное становится ключом к неожиданной связи.",1
504,"После потери близкого человека, старшая дочь, теперь вынуждена вернуться в родной район, где её ждут неожиданные столкновения с сыном, который выбрал другой путь. В тишине улиц и среди знакомых лиц она ищет ответы, которые могут изменить её будущее.",2
505,"Телохранитель должен защитить ключевого свидетеля, угрожаемого опасным картелем, находясь в условиях повышенной безопасности. Но личные разногласия с родственником добавляют напряжённость, заставляя его пересмотреть приоритеты в борьбе за выживание.",0
506,"Марк, неудачливый бухгалтер, случайно попадает в нелепую ситуацию: чтобы выжить в конкурсе за повышение, он вынужден притворяться парнем из подростковой группы. Его мучает сомнение, когда в окружении начинает появляться агрессивный конкурент, который не только осложняет позицию, но и заставляет пересмотреть свои убеждения. В торговых центрах, где каждый шаг кажется подконтрольным, Марк обнаруживает, что даже неловкость может превратиться в неожиданную правду.",1
507,"Он бежит по пустынной дороге, где каждый шаг уносит в прошлое — тьму, которую не может оставить позади. Воздух горит от залпов, а тени вражеских танков тянутся к уцелевшим зданиям, превращая город в ловушку. Его память шепчет о преступлении, которое не убило, но оставило в сердце брешь, через которую льётся кровь и ненависть.",0
508,"Он управлял рестораном, но теперь столкнулся с пустотой, когда клиенты исчезли, а старые связи разрушились. В реабилитационном центре, где сталкиваются бывшие преступники и жертвы, он пытается найти смысл, сталкиваясь с сопротивлением и собственными сомнениями. Напряженность моментов смягчается состраданием, которое постепенно раскрывает тонкие линии между виной и искуплением.",2
509,"Молодой адвокат, потерявший веру в правосудие, приезжает в реабилитационный центр, чтобы разобраться с делом, которое разрушило его карьеру. В тишине закрытых помещений он сталкивается с реальными лицами, чьи судьбы переплетаются с его собственными, и начинает пересматривать понятие справедливости. В каждом вздохе и взгляде скрывается боль, которая заставляет его искать смысл в том, что казалось бы уже потерянным.",2
510,"В холодном мраке замерзшего промышленного порта одинокий спасатель возвращается к жизни после трагедии, которая вынудила его разобраться в тайнах, скрывающихся под слоем льда. Его путь к правде превращается в гонку с неизвестным убийцей, чьи удары разрывают не только тело, но и остатки веры в человечность.",0
511,"Бывший контрабандист, возвращающийся к привычной жизни, сталкивается с угрозой, которую не может игнорировать. На краю обрушивающейся нефтеперерабатывающей платформе он борется с собственными сомнениями и неожиданными союзниками, чтобы остановить катастрофу, которая может изменить всё. Внутренний разрыв между прошлым и настоящим превращает каждую минуту в битву за выживание.",0
512,"В изолированном пустынном городе на границе, где закаты скрывают тени прошлого, детектив, разыскивающий цифровые преступления, оказывается в центре гонки за выживание. Его ресурсы исчерпаны, а каждый шаг преследуется тенями нерешенной предательства, которая тянет его в пропасть.",0
513,"Молодой музыкант, пропитанный амбициями, попадает в несуществующий конкурс, где правила меняются каждую минуту. В переполненном офисе он сталкивается с безумными задачами и непониманием, которое превращает его мечты в хаос. Его пытка наполнена смехом, обидами и искренними открытиями, которые делают его путь одновременно трагичным и смешным.",1
514,"В отдалённой горной местности, затопленной снегом, новичок полиции врывается в хаос, чтобы остановить угрозу, которая подрывает стабильность региона. Его мотивация — не только спасение жизней, но и попытка искупить прошлое, оставшееся в тени. Каждый шаг в ледяной пустыне сталкивается с теневой фигурой, чья тень кажется частью самой реальности.",0
515,"После провала операции, оставившей в плену коллег, разочарованный разведчик возвращается к месту трагедии — разрушавшейся платформе, где исчезла экспедиция. Среди хаоса технических катастроф и оружейных атак он сталкивается с собственными демонами, пытаясь разобраться в прошлом, которое угрожает разрушить его сейчас.",0
516,"Она проводит дни в тишине библиотеки, но сердце её трепещет от желания изменить судьбу. В реабилитационном центре, где тяжело справляться с прошлым, она сталкивается с непониманием родных, которые не видят в ней того, кем она хочет стать. Каждый шаг — это битва между ожиданиями и верой в собственную силу.",2
517,"В отдалённом сельском посёлке молодой рабочий, борющийся с прошлым, несёт ответственность за больного родителя, что заставляет его пересмотреть свои приоритеты и внутренние убеждения. С каждым днём он сталкивается с тяжестью прошлых травм, но в тишине сельской жизни находит силы искренне смотреть на свои чувства и отношения.",2
518,"Новый сосед в соседнем подъезде — хаотичный повар, который не может удержать порядок даже в своей кухне. Секретная двойная жизнь, связанная с локальным телевизионным студией, добавляет ещё больше хаоса в его уже непростую жизнь. Смешные моменты возникают, когда кулинарные навыки сталкиваются с требовательностью экрана, а личные переживания переплетаются с безумием соседей.",1
519,"Среди тихих улиц пригородного района, где каждый дом словно молчит, писатель, потерявший веру в себя, ищет способ искупить прошлое. Его письма, полные отчаяния и надежды, теряют смысл, пока он не находит в себе силы вернуться к творчеству, чтобы не стать частью тишины, которую он когда-то боялся.",2
520,"После ухода из незаконного бизнеса он возвращается в мегаполис, где его мотивирует незабываемый опыт. Скрытые в тени преступные сети поджидают его в каждом повороте, а давление со стороны властей заставляет сомневаться в собственных целях. В бой идёт не только за правду, но и за остатки достоинства, оставшегося после долгих лет в тени.",0
521,"На острове, где ветер гонит волны, журналист ведет тайное расследование, чтобы раскрыть преступную сеть, угрожающую целому региону. Его путь пересекается с бурей, которая не только разрушает пейзаж, но и заставляет пересмотреть свои убеждения, когда давление со стороны властей становится нестерпимым. В каждой схватке чувствуется тяжесть выбора между правдой и безопасностью.",0
522,"Воспоминания о прошлом преследуют беглеца, который теперь борется за выживание. Он должен пройти через разрушенные лабиринты заброшенной базы, чтобы спасти ученого, который стал символом его собственного осуждения. Каждый шаг уносит его дальше от прошлого, но близже к истине, которую он так долго отрицал.",0
523,"В тихом прибрежном селе, где время течет медленно, библиотекарь, страдающий от незаживших ран прошлого, пытается найти утешение в книгах и уединении. Его путь к исцелению пересекается с незабываемыми моментами, которые раскрывают тайны прошлого и заставляют пересмотреть смысл настоящего.",2
524,"В пустынном приграничном городке между двумя континентами одинокий курьер сталкивается с опасной картелльей, пытаясь спасти свидетеля. Пока он борется с врагами, разрушается его вера в союзников, и каждый шаг становится рискованным. В тени пустыни тени врагов теснятся к его спине, а доверие превращается в редкость.",0
525,"Владелец ресторана, столкнувшись с утратой прежнего смысла, ищет ответы в неожиданном месте — на университетском кампусе. Его путь приводит к внутренним переживаниям, где страх брошенности сталкивается с возможностью переосмыслить жизнь. В тишине лекционных аудиторий и среди студентов, потерявших ориентиры, он находит отражение собственных сомнений и шанс начать заново.",2
526,"Она возвращается в старое место, где время замедляется, и пытается найти связь в сером будне. В семейном кафе, где каждый знает каждый, её старые привычки сталкиваются с непримиримыми обстоятельствами. Сквозь туман воспоминаний и скрытые обиды она пытается превратить одиночество в что-то живое, но границы сообщества оказывают неожиданное сопротивление.",2
527,"В условиях хаоса он ввязывается в смертельную игру, где каждый шаг под угрозой. Спасая ученого, он сталкивается с разрушением мира, в котором доверие уже не спасает. Потеря доверия превращает его в жертву собственной тени, где правда и ложь сливаются в один хаос.",0
528,"Он возвращается в родные места, но не как свободный человек — его путь пролегает сквозь снеговые хребты, где каждый шаг становится битвой за правду. Несмотря на отсутствие поддержки и угрозы со стороны тех, кто предпочитает молчать, он не сдается, ведь за каждым километром ледяного пейзажа скрывается тайна, которая может разрушить систему, в которой он когда-то служил.",0
529,"Молодой стартапер, полный идей, решает открыть бизнес в престижном торговом центре, не зная, что его сосед, завидуя его успеху, готов на всё, чтобы разрушить мечты. Вместе с кучей смешных ситуаций и неожиданных союзников, он пытается сохранить веру в свои планы, несмотря на шквал критики и коварные интриги.",1
530,"После неудачного выступления на открытии роскошного отеля бывший актёр случайно попадает в вирусную тенденцию. Его нелепые попытки выжить в мире, где каждый жест становится хитом, привлекают внимание амбициозного конкурента, который не готов отступать. В борьбе за славу и признание герою приходится идти по пути, где смех и эмоции переплетаются в каждой сцене.",1
531,"Молодой повар, живущий в хаосе, переселяется в многоквартирный дом, где каждая стена шепчет тайны. Его попытки устроить порядок раскрывают скрытую жизнь, которую он скрывал от всех. В комедийных ситуациях на сцене маленького театра он узнает, что настоящая драма — это не в кулинарии, а в человеческих мотивах.",1
532,"В тревожной атмосфере моря он борется за жизнь человека, чей рассказ может изменить всё. Страх и сомнения пронзают каждую минуту, когда предательство разрушает связь, которую он держал крепко. В борьбе за выживание раскрывается не только сила, но и слабость, когда доверие становится самым ценным и хрупким оружием.",0
533,"После трагедии, оставившей глубокий след, фабричный рабочий пытается вернуться к привычной рутине, но тень прошлого не даёт ему покоя. В шуме и суете жилого комплекса он сталкивается с нерешёнными эмоциями, которые медленно разрушают его уверенность. В каждом вздохе и шаге чувствуется тяжесть потери, но в глазах остаётся искра надежды, что всё ещё возможно начать заново.",2
534,"В ледяных просторах заброшенной горной зоны инвестigator в одиночку разыскивает пропавшую экспедицию, чья судьба связана с тайнами, которые не хотят быть раскрытыми. Каждый шаг ведет к разоблачению внутренней предательства, оставшейся без ответа, и к лицу, которое в прошлом было доверенным. Снег и тишина становятся свидетелями борьбы между верой и разрушением.",0
535,"Спасатель, возвращающийся с гор после трагедии, втягивается в тайную войну за контроль над нефтяными резервами. В условиях обрушивающейся платформы он сталкивается с жестокими врагами, которые не жалеют ни своих, ни чужих. Его стремление к искуплению превращается в гонку против времени, где каждая секунда — на грани жизни и смерти.",0
536,"В холодном промышленном порту, где лед скрывает прошлое, бывший контрабандист ищет потерянную экспедицию. Его путь пересекается с коррумпированными властями, которые скрывают правду. Вина за прошлые ошибки заставляет его бороться не только за выживание, но и за спасение тех, кто остался.",0
537,"Молодой основатель стартапа случайно попадает в ловушку местного телестудии, где его ошибочно считают знаменитостью. Попытки убедить аудиторию в обратном превращаются в хаотичную сцену, где каждый жест и слово вызывают новые смешные непонимания. В итоге он вынужден смеяться над собственной нелепицей, пока не находит неожиданный способ превратить ситуацию в урок о том, что иногда реальность бывает даже более абсурдна, чем вымысел.",1
538,"Молодой стартап-фундёр случайно становится вирусным после неожиданного ролика, который выходит в интернет. Теперь ему приходится совмещать хаотичные съемки в локальной телестудии с поиском сбежавшего питомца, что превращает его жизнь в непрерывную суету и смешные приключения. В попытках уладить ситуацию он обнаруживает, что слава и хаос могут быть несовместимыми, но вдохновляющими.",1
539,"В тихом прибрежном селе обездоленный архитектор ищет смысл жизни, сталкиваясь с тайной предательства, которая разрушает его веру в людей. Его путь к прощению проливает свет на скрытые мотивы, оставляя надежду на искупление даже в самых темных моментах.",2
540,"Журналист, скрывшийся под другим именем, возвращается в ледяной промышленный порт, чтобы разгадать загадку исчезнувшего экспедиционного отряда. Время поджимает: между ним и правдой встают военные конфликты, а его собственные сомнения ведут к краху. В каждой ледяной трещине отражается не только холод, но и искренняя борьба за искупление.",0
541,"Стремясь к успеху, неудачливый музыкант выбирает для отпуска роскошный курорт, где надеется на удачу. Но сосед, завистливый бывший певец, начинает подозревать его в краже талантов. Попытки скрыть неприятную правду превращаются в цепочку абсурдных ситуаций, где каждый жест — это шанс на смех и разочарование.",1
542,"Педагог, страдающий от социальной неадекватности, оказывается в необычной ситуации: ему предстоит выжить в абсурдном конкурсе, где каждая минута превращается в хаос. В переполненном офисе смешные недоразумения превращаются в цепочку непредсказуемых поворотов, заставляя его пересмотреть свои убеждения и найти в себе смелость.",1
543,"Молодой иммигрант, прибывший в пригород, сталкивается с трудностями, но находит силы вдохновлять других. Его путь к новому предназначению наполнен надеждой и отчаянием, но каждый шаг приносит с собой возможность изменить свою жизнь.",2
544,"Молодой музыкант приезжает в умирающий промышленный город, чтобы начать новую жизнь, но сталкивается с бедностью и одиночеством. В пустых заводах он ищет вдохновение, но реальность заставляет его пересмотреть свои мечты. Его путь — это борьба с безысходностью и поиск смысла в разрухе.",2
545,"Неуклюжий учитель попадает в неловкую ситуацию, когда его непонимание с учеником превращается в скандал. В попытке скрыть правду он вынужден вести двойную жизнь, прячущуюся за шикарным интерьером отеля. Смешные нюансы и непредсказуемые повороты делают его путь к разрешению наполненным иронией и нежным моментами.",1
546,"Она вернулась в тихое прибрежное село, где когда-то оставила свой долг, чтобы начать новую жизнь. Тяжелая болезнь заставила её пересмотреть прошлое, и теперь каждый день — шанс исправить ошибки, которые оставили след в сердцах тех, кто остался. Волны моря и тишина улиц напоминают, что искупление возможно, даже если время уже ушло.",2
547,"Она пытается обрести покой после утраты, но судьба возвращает её к боли, когда тяжелое заболевание захватывает университетский кампус. В тишине лекционных аудиторий и среди знакомых лиц она сталкивается с тем, что жизнь не дает простить ни прошлое, ни настоящее.",2
548,"Молодой блогер, мечтающий о славе, наследует увядший аттракционный парк на берегу моря. Его ждут неожиданные вызовы от амбициозного конкурента, который не жалеет ни сил, ни шуток. В смешении хаоса и романтики пляжного отдыха каждая сцена наполнена непредсказуемыми поворотами, где искренность и кокетство сталкиваются с амбициями, создавая атмосферу, где смех и тревога живут вместе.",1
549,"Восстановленный враг возвращается в город, где его прошлое преследует каждый шаг. Он погружается в хаос мегаполиса, где каждая тень скрывает тайну, а время течет медленно, как будто сама вселенная ждет его решения. Страх перед неизвестностью и надежда на спасение превращают его путь в битву не только с врагами, но и с собой.",0
550,"Он стоит на грани разума, преслужуясь по темным ходам подземки, где каждый шаг уносит в тьму. Власть требует ответа, но враг — не просто преступная группа, а сеть, в которой он сам может оказаться пойманным. Нужно найти экспедицию, но тени под землёй скрывают больше, чем он способен понять.",0
551,"В холодном промышленном порту лидер отряда бьется за раскрытие масштабной преступной схемы, но каждый шаг омрачается тенью предательства внутри команды. Страх и сомнения ведут к разрушению доверия, а личный конфликт с родственником превращает миссию в пытку, где правда стоит больше, чем жизнь.",0
552,"Парень, который выступает в подземке, попадает в странный фестиваль в роскошном отеле. Его скрытая жизнь раскрывается в хаотичных событиях, где музыка и глупость переплетаются. Невероятные повороты и искренние смехотворные моменты делают его путь наполненным сюрпризами.",1
553,"Мэр маленького городка наследует увядший аттракционный парк, который кажется непримиримо противоречивым по сравнению с его привычной рутиной. В попытке спасти проект он случайно вовлекается в неожиданные события, связанные с роскошным отелем, где всё происходит так, будто бытие само шутит над его усилиями. В хаосе ироничных поворотов жизнь становится ярче, а сердце — открытым.",1
554,"Он одиночка в хаосе, где каждый шаг — это битва за правду. В переполненной мегасити, где границы исчезают, а правда — редкая ценность, его миссия превращается в личную войну с собственными сомнениями. Ограниченная связь и разрушающее доверие тянут его в пропасть, где каждый выбор стоит жизни.",0
555,"Средневековый писатель, прибывший в новую город, сталкивается с неожиданным испытанием — тяжелой болезнью, заставляющей его пересмотреть смысл жизни. В реабилитационном центре он пытается найти силы адаптироваться, но каждая дневная рутина напоминает о неизбежности утрат. В тишине больничных коридоров он ищет ответы, которые могут изменить его будущее.",2
556,"Молодой иммигрант, прибывший в отдалённое сельскохозяйственное селение, пытается восстановить связь с семьёй, но страх быть брошенным тянет его в тень. В тишине деревни и холоде зимы он сталкивается с неизбежностью прошлого, где любовь и отчуждение сплетаются в тонкие нити, оставляя на душе неизгладимый след.",2
557,"В улицах переполненной мегасити, где тени скрывают тайны, бывший пожарный сталкивается с неизбежной угрозой. Его миссия — спасти свидетеля, но давление со стороны властей и тени незнакомца ведут к внутреннему конфликту. Каждый шаг превращается в битву между страхом и решимостью, где правда стоит больше, чем жизнь.",0
558,"Он сгорает от стыда и одиночества, но не может оставить в прошлом тень, которую оставил в прошлом. На тропическом острове, где ветер шепчет секреты древних, он ввязывается в погоню за пропавшей экспедицией, оставляя за собой след дронов, которые не дают ему дышать. В каждом шаге — тяжесть обмана, который когда-то разрушил его веру, а теперь снова ведет к истине, которую он не готов принять.",0
559,"В тишине субурбанного района одинокий отец пытается найти смысл в повседневности, пока тень нерешённой скорби не охвачет его дыхание. Его дети, словно отражение прошлого, заставляют его пересмотреть ценность настоящего, но каждый шаг вперёд кажется преграждённым молчанием прошлого.",2
560,"В подземных тоннелях, затерянных в хаосе урбанистического мегаполиса, бывший контрабандист бежит от собственной тени. Каждый шаг преслuguется не только угрозой вражеских сил, но и тяжестью нерешенного обмана, который разрушил его веру в себя. В тесном пространстве тоннелей искрится напряжение, где каждая секунда становится рискованной ставкой на выживание.",0
561,"В тихом пригороде отец, одинокий в своей борьбе, борется с проклятыми долгами и тяжелым путем к прощению. Каждый день — это битва за кусок хлеба и миги, чтобы не потерять связь с детьми, которые ждут его возвращения. В тени жестокой реальности он ищет свет в конце тоннеля, где надежда и страдания переплетаются, оставляя следы на сердце.",2
562,"На тропическом острове телохранитель борется за выживание, когда погоня за ним перерастает в хаос. Его прошлый опыт трагических потерь превращает каждую секунду в битву с собственными страхами. В тумане сражений и взрывов он пытается сохранить контроль, но тень прошлого не позволяет ему дышать свободно.",0
563,"После увольнения с завода он приезжает в новое городок, где сталкивается с тяжелой болезнью. В одиночку он пытается найти силы, чтобы начать новую жизнь, оставаясь верным надежде на лучшее. В тихом субурбанном районе, среди незнакомых улиц и тишины, он ищет смысл в каждом дне, преодолевая страх и сомнения.",2
564,"Он возвращается к тем местам, где когда-то оставил свою совесть, чтобы спасти ученого, исчезнувшего в тумане коррумпированных властей. На разрушившейся платформе каждая минута — битва с собственными демонами и тайной, которая может изменить его судьбу.",0
565,"В подземных тоннелях метрополитена тени скрывают тайны, которые могут изменить судьбу города. Подводный инженер, разгадывая загадки прошлого, сталкивается с вооруженными преследователями, заставляя пересмотреть свои выборы и искать спасение в море. Его путь — не только бой за выживание, но и путь к искуплению, где каждый шаг отрезан от прошлого, но не от чувств.",0
566,"Он должен разобраться в таинственном исчезновении экспедиции, несмотря на сопротивление местных властей. Тропический остров становится ловушкой, где прошлые ошибки возвращаются в виде тьмы и крови. Его путь к правде превращается в испытание, которое разрушает все, что он считал неизбежным.",0
567,"В тени переполненного мегаполиса беглец бежит, преслуженный тенями технологий. Каждый шаг — битва с собственными страхами и остатками прошлого, что преследуют его в тумане улиц. В погоне за выживанием он сталкивается с тем, что даже свобода может стать ловушкой.",0
568,"Он бежит по тропическим тревожным тропам, где каждый шаг — это битва за жизнь. Вокруг — зловещий шум выстрелов и тени вражеских охотников, но самая страшная гроза — внутри: разрыв между ним и тем, кто когда-то был его семьей. В бой вступают не только враги, но и собственные страхи, разоблачающие прошлое.",0
569,"Он возвращается в пустынный приграничный город, где прошлое и настоящее сталкиваются в пыли и тени. Стараясь искупить ошибки, бывший пожарный ввязывается в смертельную игру, где каждый шаг приводит к новым тайнам и предательствам. В бой с преступной сетью он сталкивается не только с врагами, но и с собственными страхами, которые могут разрушить всё.",0
570,"Бывший архитектор, потерявший работу, возвращается в родной горный город, чтобы защитить дочь от решения, которое разрушит их семью. В борьбе с устоями родной земли он сталкивается с разрывом между прошлым и будущим, где каждый шаг наполнен сомнениями и нежностью.",2
571,"В роскошном отеле, где каждая деталь подчинена идеалу, хаотичный организатор свадьб попадает в странную ситуацию, которая выходит из-под контроля. Его скрытая жизнь начинает влиять на подготовку фестиваля, создавая непредвиденные сложности, которые превращают хаос в цепочку смешных и неловких моментов.",1
572,"В пустынном городе на границе тенистые улицы скрывают преступную сеть, которую главный герой, подводный инженер, готов разоблачить. Его путь к правде осложняется угрозами из воздуха — беспилотники следят за каждым шагом, а в сердце тлеет нерешенное предательство, которое мешает верить в победу. В тени пустыни каждый момент становится игрой на жизнь, где выбор между мукой и правдой определяет исход.",0
573,"Молодой детектив, только что прибывший в тихий пустынный город, сталкивается с угрозой, которую не мог предвидеть. Он борется с вооруженными мстителями, чтобы раскрыть тайну, скрывающуюся за стенами заброшенного форта, но каждый шаг превращается в испытание его собственного достоинства. Внутренние сомнения и страх провала тесно переплетаются с каждым выстрелом и сокрушительным ударом.",0
574,"Студент колледжа возвращается в тихое прибрежное село, чтобы исправить разрушённые отношения, но тяжесть болезни, которая подкосила его близкого человека, заставляет его пересмотреть свои приоритеты. В напряжённой атмосфере тихого поселка каждая встреча становится испытанием, а сострадание сталкивается с внутренними конфликтами, раскрывая глубину человеческих связей.",2
575,"Парень, который теряет надежду в музыке, попадает в несуществующую соревновательную игру, где реальность и абсурд смешиваются. Каждый шаг превращается в хаос, а случайности заставляют его пересмотреть смысл жизни. На фоне университетского лагеря смех и бессмысленность сталкиваются в танце нелепых ситуаций.",1
576,"Журналист, скрывавшийся на тропическом острове, бьётся за время, чтобы остановить предательский план, но сильный шторм разрушает его шансы. Внутренние разногласия с родственником, оставшимся на суше, добавляют напряжённости, заставляя его пересмотреть ценности и выбор.",0
577,"Амбициозный инфлюенсер, мечтающий превратить виртуальную популярность в реальную славу, попадает в безумную гонку за вниманием в роскошном отеле. Вместе с ним в бой вступает жестокий конкурент, чьи изощренные манипуляции и амбиции превращают каждую минуту в хаотичный спектакль. Пока герои борются за победу, их отношения раскалываются на множество непредсказуемых поворотов, наполненных смехом, обидой и неожиданными открытиями.",1
578,"Он вернулся на остров, где в детстве потерял родителей, теперь здесь ждут его враги и пропавшие друзья. Страх провала заставляет его балансировать между жаждой мести и желанием спасти тех, кто остался. Напряженные моменты, скрытые в тропических лесах, раскрывают его прошлое и заставляют пересмотреть смысл возмездия.",0
579,"Он бежал из тюрьмы, но теперь его преследуют не только враги, но и собственные моральные сомнения. В отдалённом горном регионе, окружённом снегом, он пытается собрать доказательства, хотя ресурсов почти нет. Каждый шаг приводит к новым угрозам, а давление властей заставляет его выбирать между правдой и выживанием.",0
580,"Молодой музыкант, ищущий смысл в творчестве, приезжает в уединённое сельское селение, где его ждёт не только руины заброшенного предприятия, но и тени прошлого. В борьбе с разрушением и непониманием он обнаруживает, что исцеление возможно не в победе, а в принятии потери.",2
581,"После ряда неудач в жизни бухгалтера вдруг появляется шанс изменить всё — он решает открыть собственную студию. Но хаос начинается с первого дня: непрофессиональные идеи, непонимание клиентов и сосед, который не скрывает зависти. Вместо удачи ждут сцены драматических ошибок, случайных встреч и неожиданных поворотов, которые превращают мечту в хаотичную историю о смелости и глупости.",1
582,"После провала в театре он переезжает в старую, но живую квартиру, где каждый день становится новой историей. Вместе с соседями он пытается разыграть пьесу, но смешные недопонимания превращают спектакль в хаотичный калейдоскоп эмоций и неожиданных поворотов.",1
583,"В пыльном городке на границе, где время спотыкается о песок, бывший контрабандист ищет пропавшую экспедицию, в то время как тени войны тянутся к горизонту. Давление властей и собственная вина превращают погоню в ловушку, где каждый шаг — это выбор между правдой и выживанием.",0
584,"Журналист, скрывавшийся в изолированной зоне, сталкивается с коррумпированными властями, пытаясь вырваться с обрушивающейся платформы. Его страх провала превращает каждую секунду в битву за выживание, где каждый шаг — это баланс между надеждой и разрушением.",0
585,"В отдалённом пустынном городе, где граница с неизвестным съедает время, бывший спецназовец возвращается, чтобы разобраться в скандале, связывающем власти и теневой бизнес. Его путь превращается в ловушку — между угрозами картеля и разоблачением правды, где каждый шаг может обернуться последним. Внутри него борются долг чести и связь с родным, который теперь становится каким-то другим.",0
586,"В отдаленном тропическом месте вертолетчик сталкивается с вымышленной схемой, которая угрожает жизни местных жителей. Его путь преследуют коррумпированные власти, которые не только скрывают правду, но и разрушают доверие к себе. Внутренний конфликт между верой в справедливость и страхом за свою жизнь превращает каждую минуту в испытание.",0
587,"В холодной горной тьме, окружённой снежными стенами, международный курьер борется за контроль над украденными документами, которые могут изменить ход мировых событий. Внутри его души бушует борьба — желание искупить прошлое сталкивается с предательством, раздирающим команду. Каждый шаг вперёд превращается в испытание, где верность и страх становятся единственными союзниками в безжалостном лесу.",0
588,"Международный курьер, втянутый в непростую миссию, должен защитить ключевого свидетеля в условиях нешуточной угрозы. Его прошлое, исполненное ошибок, возвращается как тень, преследуя в каждый момент опасности. В условиях высокозащищённого комплекса, где каждая минута — бой за жизнь, он сталкивается с собственными страхами и моральными дилеммами, которые могут стать решающим фактором в его судьбе.",0
589,"В холодном промышленном порту, где лед скрывает прошлое, лидер отряда сталкивается с неожиданным вызовом. Сражаясь с разрушительной стихией, он пытается восстановить порядок, но тени прошлого не дают покоя. Каждый шаг превращается в битву не только за документы, но и за спасение себя самого.",0
590,"Повар, чей кулинарный феноменальный опыт ограничивается вареной картошкой, решает открыть в торговом центре ресторан, где каждый день становится новой драмой. Его попытки угодить клиентам превращаются в хаос: от перепутанных блюд до конфликтов с арендодателем. В итоге он учится не только готовить, но и принимать, что успех — это не всегда вкусный результат.",1
591,"Писатель, потерявший веру в свои силы, приезжает в тихий пригород, надеясь найти вдохновение среди новых впечатлений. Но финансовые трудности и отчуждение от окружения заставляют его пересмотреть свои приоритеты, раскрывая скрытые боли и неуверенность в будущем.",2
592,"Воспоминания о прошлом тянут за собой тени прошлого, но сейчас нужно сосредоточиться на миссии: найти пропавшую экспедицию, затерянную в бескрайних водах. Внутри — разрыв с семьей, а снаружи — тени коррупции, которые скрывают правду. На корабле каждая минута становится битвой между долгом и личными страхами, где даже самое твердое решение может расколоть душу.",0
593,"Он прибыл на остров, чтобы раскрыть преступную сеть, но шторм, разбушевавшийся в ту ночь, стал настоящим испытанием. Взрывы, преследования и тревога за спасение жизни не позволяли ему отвлечься на собственные сомнения — прошлое, омраченное ошибками, теперь возвращалось в каждую минуту. В борьбе с тьмой он должен был найти не только врага, но и способ искупить себя.",0
594,"Марк, неуклюжий курьер, пытается организовать семейную встречу в тихом туристическом поселке, но его скрытая двойная жизнь превращает события в хаос. Несмотря на хаос, в его неуклюжих попытках найти баланс между обязанностями и семейными обязательствами просвечивает искренняя забота. В итоге, несмотря на абсурдные повороты, он обнаруживает, что даже в хаосе можно найти немного тепла.",1
595,"В ледяной тишине заброшенного арсенала он ищет уцелевшего ученого, но каждый шаг угрожает раскрыть тайну, которую сам не может простить. Сомнения в верности товарищей и нерешенные обиды с брата превращают спасение в пытку, где правда и ложь сливаются в один стреляющий в темноту выстрел.",0
596,"Помешанный на неожиданностях курьер, привыкший к хаосу на дорогах, попадает в непростую ситуацию: его случайно включают в странный конкурс в престижном отеле. Нужно выжить, не уронив репутацию, но паника и смешные провалы превращают событие в калейдоскоп эмоций.",1
597,"После ухода из преступного мира бывший контрабандист оказывается в центре коварной игры. Он бежит от опасного наркокартила, который не жалеет сил, чтобы уничтожить его. В подземных тоннелях метро каждая секунда становится ловушкой, а давление со стороны властей заставляет его выбирать между выживанием и собственной совестью.",0
598,"Студент, уверенный в себе до предела, решает открыть бизнес в небольшом туристическом городке, не зная, что его секретная двойная жизнь превратит предприятие в хаос. Погружаясь в абсурдные ситуации, он сталкивается с неожиданными поворотами, которые заставляют его пересмотреть свои убеждения и найти баланс между амбициями и реальностью.",1
599,"Он проводит дни в тесном подъезде, где шум соседей и запахи готовой еды переплетаются с болью, которую скрывает за улыбкой. Пытаясь вернуться к семье, он сталкивается с непростыми выборами, но в каждом шаге чувствует тепло, которое держит его от отчаяния. Надежда тонкой ниточкой связывает его с тем, что когда-то было важно.",2
600,"В тишине провинциального города библиотекарь, привыкшая к рутине, начинает замечать, как время уносит даже самые устойчивые привычки. Её страх быть забытой превращается в тихую борьбу с собственной беспомощностью, когда в её жизнь врывается неожиданная возможность изменить судьбу. Среди шумных семей и улиц, окутанных туманом, она ищет смысл, который не убежит, как ветер с улицы.",2
601,"Он стоит на грани разрушения, защищая человека, чья правда может изменить всё. В тени заброшенной базы, где каждая стена хранит секреты прошлого, его миссия сталкивается с неизбежной тьмой войны. Мучительные воспоминания и неизвестный враг превращают его путь в битву не только за выживание, но за спасение души.",0
602,"Амбициозный блогер приезжает на береговой курорт, чтобы укрепить репутацию, но вместо этого ввязывается в нелепую местную традицию. Когда праздник выходит из-под контроля, он оказывается в центре хаоса, где каждая минута становится неожиданной и эмоционально насыщенной.",1
603,"Он возвращается в прошлое, где тени заброшенной базы переплетаются с воспоминаниями о предательстве, которое оставило его без семьи. Его путь к спасению ученого превращается в ловушку, где каждый шаг уносит в глубь тьмы, а враг — не просто смертельная угроза, а отражение собственной боли. В пыли и звуках выстрелов он ищет не только правду, но и возможность искупить прошлое.",0
604,"Молодой курьер, постоянно натыкаясь на нелепые ситуации, пытается скрыть ошибку, которая привела к катастрофе на школьном спектакле. Его неловкость и паника заставляют всех вокруг вовлечься в абсурдную цепочку происшествий, где каждый жест и слово становятся частью непредсказуемой комедии. В итоге хаос превращается в неожиданно теплый момент, объединяющий соседей и раскрывающий скрытые мотивы.",1
605,"Постоянно ломающий голову бухгалтер попадает в неловкую ситуацию, когда вынужден притворяться, что влюблен в девушку, с которой встречается в маленьком туристическом поселке. Но когда в поселок приезжает амбициозный конкурент, который тоже хочет завоевать сердце этой девушки, ситуация становится ещё более запутанной и смешной.",1
606,"Он приезжает в новый город, чтобы начать жизнь с нуля, но тень прошлого не даёт покоя. Каждый день сталкивается с воспоминаниями, которые мешают ему построить новую жизнь, но в сердце ещё есть надежда на примирение.",2
607,"Новый детектив, только что вышедший из академии, сталкивается с невероятными испытаниями, защищая свидетеля, который может изменить судьбу целого города. В бескрайних водах океана, где каждая минута — в бой, он борется не только с опасной картелью, но и с собственным страхом потерять контроль. Его выбор между личной безопасностью и миссией становится тестом для истинной преданности.",0
608,"После увольнения из цирка бывший маг Марк решает вернуться к магии, но его нелепый план устроить шоу в местном телестудии превращается в хаос, когда семья вмешивается в его нелепые попытки скрыть промах. В попытках сохранить лицо он сталкивается с непредсказуемыми поворотами, которые заставляют его переосмыслить свои мечты и отношения.",1
609,"В тихой горной деревне, где время течёт медленно, писатель возвращается к родным, чтобы искупить прошлое. Его усилия восстановить связь с семьёй сталкиваются с разногласиями, которые раздирают общество. В каждом вздохе и взгляде чувствуется тяжесть не только прошлых обид, но и надежда на примирение.",2
610,"Бывший контрабандист, разрушенный прошлым, теперь бьется за выживание в изолированном горном регионе, где снегом закрыты все пути. Его миссия — спасти ключевого свидетеля, но коррупция и предательство местных властей превращают каждую минуту в бой за жизнь. Внутренние раны и страх повторения прошлых ошибок делают его выбор особенно болезненным.",0
611,"В небольшом туристическом городке хаос превращает жизнь повара в цирк: чтобы избежать неприятностей, он вляпывается в нелепую подборку. Когда его неожиданно затягивает в публичное мероприятие, смешные провалы и неожиданные повороты делают из него центральной фигурой комического хаоса. Вечеринка, запланированная на уютный ужин, превращается в квест, где каждый шаг — это новый повод для смеха и незабываемых моментов.",1
612,"Стареющий врач, теряющий веру в свою работу, бросает все силы в спасение умирающего бизнеса, но в тесном пространстве жилого комплекса сталкивается с тайнами, которые разрушают его надежды. В напряженной борьбе между профессиональной ответственностью и личными убеждениями он обнаруживает, что даже самые близкие связи могут скрывать большие потери.",2
613,"В холодном порту, где лед скрывает тени прошлого, он впервые сталкивается с тем, что спасение людей может быть лишь началом. Связь с миром обрывается, а каждая минута — битва за правду, которую не хочется потерять. Внутри него борются страх неудачи и желание не оставить без ответа тех, кто молчит.",0
614,"Молодой амбициозный инфлюенсер мечтает превратить мечты в реальность, но его путь к славе осложняется странным конкуртом в локальном телестудии. Чтобы выжить в абсурдных испытаниях, он вынужден раскрыть унизительный секрет, который разрушает его иллюзии. В смешных ситуациях и неожиданных поворотах появляется искренность, которая может изменить всё.",1
615,"Он возвращается в прошлое, преследуемый тенями собственного прошлого, чтобы разоблачить тайные схемы, которые разрушают страну. В холоде замерзшего порта, где тени прячут убийц, он сталкивается с тем, что доверие — вещь хрупкая, а правда стоит жизни. Каждый шаг превращается в битву не только с врагами, но и с собственной верой.",0
616,"В старом горном поселке уставший от лет врач пытается восстановить связь с семьей, но традиционные устои и давление соседей мешают ему. Его усилия вынуждают пересмотреть ценности, оставшиеся в прошлом, и найти баланс между долгом и личным счастьем. Тихие моменты и неожиданные встречи раскрывают глубину человеческих связей, которые невозможно игнорировать.",2
617,"Молодой адвокат, разрывая связь с прошлым, возвращается в отдалённое сельское поселение, где тень его личной потери пересекается с местными проблемами. В поисках собственного искупления он сталкивается с глубокими разногласиями, которые заставляют его пересмотреть понятия справедливости и принадлежности. Тревога и непростой путь к примирению раскрывают сложность человеческих связей в уединённом мире.",2
618,"Она возвращается в умирающий промышленный город, где прошлое не оставляет покоя. Пытаясь искупить ошибки, вдова-учительница сталкивается с тайнами, которые разрушают ее надежду. В каждом вздохе — борьба с прошлым, но в глазах детей искрится вера в лучшее.",2
619,"В условиях хаоса, разрушающего нефтяную платформу, ретейс-пилот сталкивается с невероятными испытаниями, чтобы спасти ключевого свидетеля. С каждым вращением винта и каждым ударом грозы он сталкивается с воспоминаниями, которые угрожают разрушить его последнюю надежду.",0
620,"Педагог, страдающий от социальной неуверенности, переезжает в шумное общежитие, где каждая минута превращается в хаос. В офисе он случайно сталкивается с непредвиденным событием, заставляющим пересмотреть свои убеждения и найти смех в безыходности.",1
621,"Молодой детектив, растерзанный виной за прошлые провалы, бросается в грозовую бурю, чтобы спасти ученого, исчезнувшего на тропическом острове. Время течет в обратном направлении, а каждая минута — это битва с собой и стихией, где ошибки прошлого превращаются в угрозу настоящего.",0
622,"Он бежит от прошлого, но судьба не дает ему покоя. Украденные документы, которые должны вернуться к тем, кто их потерял, становятся ключом к разгадке, но на пути к цели надвигается катастрофа, разрушающая все, что он знал о мире. Травма, оставшаяся после ужаса, теперь преследует его в каждой волне моря, заставляя выбирать между спасением и правдой.",0
623,"Молодой амбициозный блогер решает превратить мечту о славе в реальность, открывая собственную театральную студию. Однако без опыта и с непредсказуемым питомцем, который убегает в самый неподходящий момент, его попытки привлекать внимание окружения превращаются в хаос. Вместо лайков и аплодисментов — неловкие ситуации, которые заставляют пересмотреть понятия успеха и самопрезентации.",1
624,"Молодой иммигрант, потерявший ориентиры после тяжелой болезни, находит в повседневных заботах семейного кафе неожиданную силу. Его внутренние размышления о принадлежности и цели переплетаются с тихими переживаниями, которые тянутся через дверь заведения, где каждый день становится возможностью переосмыслить жизнь.",2
625,"Он возвращается к прошлому, чтобы спасти того, кто может разрушить всё. В высокозащищённом центре он сталкивается с теми, кто когда-то был его командой. Вина за прошлые ошибки преследует его, но теперь он должен выбрать — спасти жизнь или защитить свою честь.",0
626,"Вертолетчик, преследуемый теневыми силами, вынужден бороться за выживание на изоляции тропического острова, где каждый шаг угрожает разрушить остатки доверия. В борьбе с приближающимся конфликтом он сталкивается с личными страхами и разрушением связей, которые когда-то казались незыблемыми.",0
627,"Скрытый журналист, проникший на тропический остров, сталкивается с вооруженными мертвецами, чтобы разоблачить тайную схему. В битве за правду он сталкивается с собственными демонами, пытаясь искупить прошлое. Каждый шаг — это баланс между верой в себя и страхом потерять всё.",0
628,"Восстановить украденные секретные данные в условиях полной изоляции — задача, которая разрушает последнюю надежду на верность. В тени высокой охраны и тишины, где каждый шаг может стать последним, герой сталкивается с тем, что доверие рухнуло вместе с безопасностью. Его путь — это битва не только за информацию, но и за остатки чести.",0
629,"В узком пространстве обрушивающейся платформы он борется за каждую секунду, чтобы спасти свидетеля, чьи слова могут разрушить картель. Его руки трясутся не от страха, а от мысли, что провал — это не просто смерть, а потеря доверия к себе.",0
630,"Молодой студент, борющийся за выживание, принимает рискованный шаг, чтобы спасти семейное дело, утопающее в долгах. В тишине привычного пригородного квартала каждая монета становится символом не только финансовой нестабильности, но и утраты уверенности в себе. Его борьба за будущее раскрывает глубину человеческих мотивов, где страх и надежда соперничают в тесном пространстве старого магазина.",2
631,"Молодой адвокат приезжает в отдалённый сельский район, чтобы помочь местным жителям, но сталкивается с тайной предательства, которая разрушает его уверенность. В напряжённой атмосфере он пытается разобраться в собственном одиночестве, сталкиваясь с неожиданными эмоциями и сложными решениями.",2
632,"В тени тропических пальм он прячется за спиной ключевого свидетеля, каждый шаг превращаясь в битву против времени и хаоса. Ресурсов почти не осталось, а волна нападений заставляет его пересматривать свои убеждения. Внутри — тихий крик о прошлом, который теперь превращается в огонь, способный разжечь последний шанс на спасение.",0
633,"В тени бурных волн корабля скрывается журналист, который проник на борт, чтобы раскрыть тайну, угрожающую миру. Его путь пересекается с автоматическими дронами, преследующими каждое движение, а прошлое — травма, которую он не может оставить позади — возвращается, чтобы повлиять на каждый шаг. В борьбе за правду он сталкивается с собственными страхами, которые могут стать ключом к развязке.",0
634,"Молодой иммигрант, прибывший в небольшой горный город, сталкивается с трудностями в уходе за больным родителем. В борьбе с социальными ожиданиями и собственными сомнениями он пытается сохранить связь с прошлым, но каждый день приносит новые испытания. Непростой баланс между обязанностью и личной жизнью раскрывает глубину его внутреннего конфликта и тайный страх потерять себя.",2
635,"Стареющий врач, потерявший прежний смысл жизни, сталкивается с давлением общества и ищет новое призвание в переполненном жилом комплексе, где каждый день приносит новые вызовы и открытия. В тишине шумного подъезда он обнаруживает, что истинная боль — не в болезнях пациентов, а в том, что упускает шанс превратить свою усталость в что-то живое.",2
636,"Он возвращается в руины города, где однажды потерял доверие, чтобы найти тех, кто исчез в хаосе войны. Каждый шаг в лабиринте улиц превращается в битву с собственными страхами и тенью прошлых ошибок, которые снова угрожают разрушить всё, что осталось.",0
637,"Он бежит по тоннелям, где тусклый свет мерцает над головой, а каждый шаг — это битва за выживание. В руках — сообщение, способное разрушить тайну, но связь с миром, который оставил позади, прервана. Вина за прошлые ошибки преследует его, пока неясная цель и хаос под землей заставляют пересмотреть всё, что когда-то считало правильным.",0
638,"Подводный инженер ввязывается в опасную миссию, чтобы спасти ученого, захваченного загадочным убийцей в переполненном мегасите. Его страх неудачи и отчаяние заставляют бороться не только с врагом, но и с самим собой, когда каждая минута становится битвой за выживание.",0
639,"Молодой детектив, столкнувшись с тайной, связывающей его с преступной группой, должен разобраться в правде, несмотря на давление со стороны властей. На тропическом острове, окружённом опасностью, каждая секунда становится драматичной, а его собственные сомнения и страхи угрожают разрушить его миссию. В битве с вооружёнными мобами он сталкивается с тем, что его собственное понимание справедливости начинает меняться.",0
640,"В тихой атмосфере умирающего промышленного города старая медсестра пытается найти новую жизнь, но скрытая предательство разрушает её надежды. Каждый шаг в неизвестности становится испытанием, где тени прошлого и тяжесть настоящего переплетаются в тихие, болезненные моменты.",2
641,"Один из самых непредсказуемых аккаунтов в истории пытается справиться с хаосом, который наводит в семейном собрании. Его планы разрушаются, когда домашний питомец убегает, а родственники приносят с собой нелепые ситуации и тишину, которая не выдерживает. В центре внимания — субурбанский торговый центр, где каждый уголок становится сценой для новых катастроф.",1
642,"Скучающий бухгалтер случайно становится центром внимания благодаря неожиданной славе, которую ему приписывают в местном театре. Его скромная жизнь рушится, когда он вынужден притворяться знаменитостью, скрывая тайну, которая может разрушить всё. Комичные ошибки и нелепые ситуации подчеркивают абсурдность ситуации, где реальность и вымысел переплетаются.",1
643,"Молодой детектив врывается в хаос под открытым небом, чтобы спасти ученого, украденного в пустынном море. Его путь пересекается с гигантскими дронами, которые охраняют ловушку, а каждый шаг напоминает о разрыве с родной семьей. В борьбе за выживание он сталкивается с собственными страхами и жестокостью, которая превращает миссию в личную войну.",0
644,"Он возвращается к месту, где всё началось, чтобы разобраться в тайне, которая угрожает всей стране. Платформа, где он когда-то потерял товарищей, теперь — ловушка для врага, использующего дроны для масштабной операции. Его прошлое преследует, но только сейчас он понимает, что выживание зависит не только от силы, но от способности смотреть в лицо своей боли.",0
645,"Новый детектив, впервые ступивший на поле боя, втягивается в лabyrinth of тайных экспериментов и преступных связей. Его путь преследуют тени прошлого, а каждый шаг ведёт к разрушению доверия, которое когда-то связывало его с коллегами. В битве за правду он сталкивается с собственными страхами, превращая каждый момент в испытание, где выживание зависит не только от силы, но от способности верить в себя.",0
646,"Мэрия маленького городка вдруг становится центром внимания интернета после неожиданного вирусного ролика. Попытки скрыть нелепую историю из прошлого превращаются в хаос, а шопинг-центра превращается в поле битвы между честностью и прессой. В итоге даже самые нелепые секреты могут обрести неожиданную популярность.",1
647,"Разжалованный офицер разведки возвращается на тропический остров, чтобы вернуть украденные документы, но сталкивается с опасным картелем, который угрожает его жизни. Его страх провала и стремление восстановить репутацию превращают каждую минуту в гонку за выживание.",0
648,"Бывший контрабандист, застрявший на обрушивающейся нефтяной платформе, должен остановить теракт, пока неизвестный убийца не преследует его по тенистым коридорам. В погоне за правдой и выживанием он сталкивается с собственным страхом провала, который может стать смертельным.",0
649,"Социально неуверенный учитель наследует руины разрушающегося аттракционного парка, где скрывается его тайный второстепенный образ жизни. Пытаясь спасти убытки, он случайно вовлекает в хаос местную телестудию, где его искренность сталкивается с шокирующими правдами. В смешении ошибок и искренности рождается непредсказуемый путь к пониманию себя и других.",1
650,"Он потерял веру в правосудие, но не в борьбу. В холоде промышленного порта, где лед скрывает следы преступлений, он пытается раскрыть тайну, которая связывает его прошлое с кровавым прошлым. В каждой схватке с неизвестным убийцей он сталкивается с тенями прошлого и неизвестным убийцей, чьи действия заставляют его пересмотреть свои убеждения.",0
651,"В семейном кафе, где каждый уголок напоминает о прошлом, владелец заведения борется с одиночеством, не подозревая о скрытой предательстве, которое разрушает его уверенность. Когда тайна раскрывается, он должен выбрать между сохранением прошлого и строить будущее, где каждый клиент становится частью его восстановления.",2
652,"Он вернулся к месту, где когда-то спасал жизни, но теперь сталкивается с тьмой, скрывающейся под маской порядка. В бойне на рушащейся платформе его ждут не только враги, но и собственные сомнения, а давление властей превращает каждый шаг в выбор между правдой и выживанием.",0
653,"В увядающем промышленном городе молодой адвокат борется с финансовым кризисом и одиночеством, которое тянется из прошлого. Его долгие ночи в офисе и безысходность окружения заставляют пересмотреть ценности, но в серой картине жизни оставалась лишь тень надежды.",2
654,"Студент, борющийся с учебой и уходом за больной матерью, вынужден работать в семейном кафе, где каждый день наполнен тяжестью выбора. Стены заведения хранят воспоминания о прошлом, а финансовые трудности тянут его к границе, где ценность семьи сталкивается с реальностью. В тишине кружки и шуме кофейных машин скрывается битва за будущее, где каждый шаг — это не только работа, но и просьба о прощении.",2
655,"Вертолет врывается в шторм, преследуемый тенями войны, где каждый поворот становится выбором между жизнью и безумием. Герой, разрываемый угрозой и собственными сомнениями, борется не только с врагами, но и с тяжестью решений, которые могут изменить судьбу целого города.",0
656,"В небольшом промышленном городе, где заводы молчат и улицы пустуют, молодая библиотекарь приезжает в надежде найти новую жизнь. Но прошлое, которое она старается скрыть, возвращается, когда она сталкивается с тишиной и забвением. В поисках смысла в книгах и связях с местными жителями она начинает восстанавливать веру в будущее.",2
657,"Неудачливый бухгалтер попадает в летний лагерь, где пытается скрыть огромную ошибку, но его усилия осложняются бегущим питомцем. Смешные ситуации и неловкие моменты заставляют его пересмотреть свои приоритеты. Вместе с животным он учится находить радость в хаосе.",1
658,"Одинокий отец, потерявший работу, борется с чувством вины, оставаясь наедине с сыном в тесной квартире, где каждый звук и вздох напоминают о прошлом. В хаосе бытовых забот и молчаливого разрыва он ищет способ вернуть доверие, но страх сорвать последний шанс тонко колотит в сердце.",2
659,"После тяжелых лет на заводе, где каждый день был наполнен шумом и усталостью, он попадает в реабилитационный центр, где начинает осознавать, что его жизнь потеряла смысл. Скрытая предательство в прошлом заставляет его пересмотреть свои действия, а путь к прощению превращается в сложный путь самопознания и искупления.",2
660,"В тихом углу умирающего промышленного города учительница, потерявшая мужа, пытается найти смысл в пустоте, оставшейся после ухода. Ее путь пересекается с молодым человеком, чья жизнь тоже трещит на швах, и вместе они пытаются залечить незажитые раны, не осознавая, что их связывает не только боль, но и тихая надежда на будущее.",2
661,"В пустынном городе на границе тенистых улиц и пыльных переулков главный герой, привыкший к хаосу, сталкивается с новой миссией — раскрыть тайну преступной сети, которая таит в себе больше, чем он ожидал. Его путь пересекается с таинственным убийцей, чьи действия заставляют его пересмотреть свои убеждения и приводят к внутренней борьбе между долгом и личными страхами.",0
662,"В стареющем промышленном городе, где тени прошлого не уходят, одинокий врач пытается найти смысл в увядающей жизни, сталкиваясь с тишиной, которая напоминает о потере, которую он так и не смог принять. В каждом вздохе обрушивается тяжесть лет, проведённых в одиночестве, но в глубине души надежда на связь с тем, что осталось.",2
663,"В тишине маленького горного городка, где каждый день проходит в рутинах, владелец кафе борется с одиночеством, ощущая страх брошенности, но в поисках связи находит неожиданную надежду в простых встречах и тихих мгновениях. Каждый шаг к принятию собственной уязвимости становится шагом к восстановлению веры в человечность, даже в самой отдалённой тишине.",2
664,"В холодном промысловом порту, затерянном среди ледяных пейзажей, одинокий курьер бежит от теней прошлого, захваченного в ловушку между враждебными силами. Его путь пересекается с отрядом оружейников, которые не ждут жалости, и каждый шаг становится испытанием не только тела, но и души. В тишине ветра и грохота выстрелов он ищет не просто спасение, а возможность искупить свои ошибки.",0
665,"Средневековый писатель, прибывший в незнакомый город, пытается найти место в новой жизни, но страх брошенности тянет его обратно к прошлому. В семейном кафе, где тускло горят лампы и витрины заполнены забытыми напитками, он пытается превратить обрывки разговоров в историю, которая не исчезнет с утра.",2
666,"Молодой музыкант, теряя надежду, решает открыть бизнес, не зная, как это делать. В офисе, заполненном шумом и хаосом, его секретная двойная жизнь приводит к непредсказуемым поворотам. Попытки совмещать музыку и предпринимательство превращаются в смесь смеха и драматизма, где каждый день — новая история.",1
667,"Он вернулся в город, где каждый шаг превращается в бой, чтобы спасти человека, чья правда может разрушить всё. Старая рана не заживает, а новые угрозы грозят раздавить его вновь — между толпами и тенями мегаполиса он ищет выход, но связь с тем, кого должен защитить, прервана. В каждой тени — шанс на искупление, а в каждом ударе — напоминание о том, что даже бывший пожарный не может спасти всех.",0
668,"В тишине горного поселка одинокий музыкант пытается переиграть старые строки, чтобы исцелить разбитую связь. Его музыка, смешанная с незабываемым звуком прошлого, становится ключом к пониманию, что даже в тишине может родиться надежда. Каждая нота — шаг к прощению, и в сердце остаётся отклик, который не утихает.",2
669,"После долгих лет в больнице она возвращается в маленькое горное село, где осталась семья, которую не могла найти. Сквозь туман и воспоминания о несказанных прощаниях она пытается восстановить связь, но тень прошлого не даёт покоя. Каждый шаг ведёт к разгадке, которая может изменить всё, что она думала о себе и о тех, кто остался.",2
670,"Подводный инженер, привлеченный к секретной миссии, борется за восстановление украденных документов, скрывавшихся в руинах заброшенной военной базы. Его путь пересекается с лицами, чьи моральные границы размыты коррупцией, что заставляет его пересмотреть свои собственные убеждения. В тени разрушенных зданий и тишины, нарушаемой лишь шумом дождя, он сталкивается с тем, что доверие — самое хрупкое оружие.",0
671,"Мэрия маленького городка оказывается в центре хаоса, когда она наследует увядший амusement-парк, который больше не приносит доход. Вместе с этим приходит непростой сосед — амбициозный предприниматель, готовый превратить парк в символ своей воли. В ходе споров и неловких ситуаций в местном театре обитатели города начинают смеяться над своей глупостью, но в душе чувствуют связь с заброшенным пространством.",1
672,"Сквозь шум соседских разговоров и грохот дождя в подъезде, старшая сестра возвращается к прошлому, где её опыт спасал жизни. Теперь она готова защитить того, кто стал для неё семьёй, но тень скрытой предательства тянет её в тупик, где каждый звук и молчание обретают значение.",2
673,"Молодой музыкант, который не может найти своего места, попадает в летний лагерь, где его ошибочно принимают за знаменитость. Неловкий конфликт с амбициозным конкурентом превращает отдых в хаос и смешные приключения. В процессе он обнаруживает, что настоящая слава — в умении быть собой.",1
674,"Международный курьер бежит от тени прошлого, погружаясь в хаос переполненной мега-города, где каждая улица оживает в бойне. Его путь пересекается с картелем, который не собирается отпускать жертву, заставляя его пройти через лабиринт ловушек и собственных страхов. В каждом повороте — шанс на искупление или погибель, а сердце бьется под грузом несправедливости, которую он не может оставить позади.",0
675,"Безработный архитектор, разорвавший связь с семьей, возвращается в реабилитационный центр, где сталкивается с холодным пренебрежением бывшего отца. В попытке искупить прошлое он сталкивается с непониманием и разочарованием, но в его глазах — искренняя надежда на примирение. Каждый шаг вперед превращается в тяжелый выбор между прошлым и возможностью начать снова.",2
676,"Молодой детектив сталкивается с грозящей катастрофой, пытаясь раскрыть тайну, скрывающуюся в тени подземных тоннелей. Его путь осложняется не только угрозой, но и сомнениями, разрушающими связь с тем, кто когда-то верил в него. В тьме безумия и обмана каждый шаг становится выбором между спасением и разрушением.",0
677,"Он вырвался из тюрьмы, чтобы раскрыть тайны, скрытые в секретной лаборатории. Каждый шаг преслuguется смертельными угрозами, а его собственный брат — ключ к правде, но теперь тот стоит на стороне врагов. В лабиринте киберпространства и лжи он должен выбрать: спасти семью или разрушить систему, которая уничтожила его прошлое.",0
678,"Во время разрушения нефтяной платформы детектив, расследующий киберпреступления, сталкивается с гибелью. Его погоня за правдой превращается в бой за выживание, когда наступает военный конфликт. В страхе неудачи он должен преодолеть собственные сомнения, чтобы выжить в хаосе.",0
679,"Во время спасательной операции в горах молодой дозорный обнаруживает странную активность, которая ведёт его к скрытой лаборатории. С каждым шагом он сталкивается с роботизированными охранниками и тайными экспериментами, которые заставляют его пересмотреть свои убеждения. Страх провала преследует его, но он не может смотреть в сторону, когда опасность приближается.",0
680,"В старом промышленном городе, где тени прошлого не уходят, одинокий доктор сталкивается с собственными страхами. Пытаясь восстановить разрушенные отношения, он сталкивается с болезненными правдами, которые заставляют его пересмотреть свои выборы. Каждый шаг наполнен тишиной и нерешёнными вопросами.",2
681,"Он возвращается в родной район, где тени прошлого тянутся за ним, пытаясь восстановить то, что разрушило. Социальные ожидания и страх быть не в теме мешают ему выразить искренность, но в каждом шаге — тихая надежда, что время и честность всё же могут исцелить.",2
682,"Подводный инженер, теряя контроль над своей судьбой, бежит через разрушенные улицы мега-города, где каждый шаг приносит новые угрозы. Его прошлое — тень, которую он не может оставить позади, а настоящее превращается в гонку за выживание, где каждая секунда может стать последней.",0
683,"Молодой студент, уверенный в своих способностях, случайно попадает в странный фестиваль местного телевизионного студио. Его амбиции сталкиваются с абсурдными ритуалами и тайной, которая делает его участием неловким. В хаотичной атмосфере он учится, что даже самая уверенная уверенность может привести к непредсказуемым последствиям.",1
684,"В тихой горной деревне, где каждый знает каждого, подросток-иммигрант сталкивается с тяжелым выбором: защитить близкого человека или раскрыть тайну, которая разрушит их связь. Скрытая предательство превращает простые отношения в лабиринт эмоций, где истина стоит больше, чем любовь.",2
685,"Бывшая медсестра, потерявшая веру в себя после увольнения, возвращается в знакомый жилой комплекс, чтобы спасти умирающий бизнес, который когда-то был ее вторым домом. В тесных коридорах и шуме соседей она сталкивается с воспоминаниями о прошлом, а также с реальностью, что ее профессиональное призвание больше не востребовано.",2
686,"Она проводит дни в тишине дома, где каждый звук напоминает о пустоте. Пытаясь справиться с одиночеством, она сталкивается с непониманием родных, которые видят в ней лишь прошлое, а не настоящую женщину. В соседних улицах, где дети играют, она чувствует себя чужой, но в каждом взгляде находит отголосок своей утраченной молодости.",2
687,"В тени тумана мегаполиса бывший пожарный бежит, преслуженный силами, которые не жалеют ни жизни, ни души. Его путь пересекается с тенями прошлого — каждая поворота напоминает о выборе, который разрушил доверие и оставил след в сердце. В тесноте улиц и бездействии связи он пытается найти выход, но страх и вина мешают даже дышать.",0
688,"В прошлом он торговал запрещенными грузами, но теперь его мотивирует желание искупить прошлое. В ледяных тенистых улицах промыслового порта он ввязывается в гонку с криминальной организацией, которая украла ученого, чьи исследования могут изменить мир. Каждый шаг — в бой, каждый выбор — между прошлым и возможностью начать заново.",0
689,"Одинокий пилот вертолета оказывается в центре гонки за выживание на изолированном острове. Когда его команда начинает сомневаться в его намерениях, он должен выбрать между верностью и выживанием, сталкиваясь с личными страхами и разрушением доверия.",0
690,"Молодой амбициозный блогер, мечтающий стать звездой интернета, случайно попадает в неожиданную славу, когда его нелепые видео вирусизируются. В офисе, где каждый день превращается в хаос, он вынужден скрывать секретную двойную жизнь — работу над проектом, который может разрушить его карьеру. Смех и стресс смешиваются, когда реальность и виртуальный успех начинают терять границы.",1
691,"В тихом пригородном районе библиотекарь, привыкший к уюту книг, сталкивается с угрозой закрытия заведения. Его усилия спасти бизнес превращаются в битву с собственными сомнениями и ожиданиями сообщества. Каждая страница истории — это тонкая игра между надеждой и разочарованием, где истинное спасение кроется не в цифрах, а в связях, которые книги помогают восстановить.",2
692,"Молодой детектив втягивается в хаос, где каждая минута — битва за выживание. Он должен спасти свидетеля, но тени прошлого и давление сверху тянут его в пропасть. В заброшенном комплексе, где шепчет ветер, он сталкивается с лицом страха, которое не отступает.",0
693,"Невероятный путь к самопознанию начинается, когда бывший актёр, потерявший веру в себя, наследует разрушающийся аттракционный парк на берегу океана. Вместе с непредсказуемой семьёй, которая не желаёт видеть его успех, он пытается спасти бизнес, смешивая талант, нелепые идеи и непрерывные курьёзы. В каждой сцене — баланс между смехом и глубиной, где даже провал может стать началом чего-то нового.",1
694,"Педагог, страдающий от социальной неловкости, попадает в центр странного фестиваля, организованного летним лагерем. Его попытки устроить безумный праздник приводят к катастрофе, которая объединяет всех участников в смешной кашемировой тумане.",1
695,"Он — бывший офицер разведки, потерявший доверие и работу, но сохранивший навыки. На корабле в океане он пытается спасти ученого, украденного в условиях неизбежной войны, где каждая минута — битва за выживание. Его душа тонет в тени прошлого предательства, которое не дает покоя даже в самом опасном месте.",0
696,"В пустынном городке на границе разгорается хаос, когда захваченного ученого нужно спасти за считанные часы. Герой, привыкший к безопасности, сталкивается с безысходностью — ресурсов почти нет, а враги ждут его ошибки. Каждый шаг становится испытанием не только силы, но и веры в себя, когда страх провала начинает разрушать даже самые твердые убеждения.",0
697,"Подводный инженер оказывается в ловушке в секретном исследовательском центре, где каждая минута становится битвой за выживание. Когда доверие в команде рушится, он вынужден разобраться в тайнах, скрывающихся за стенами, и найти путь к свободе, несмотря на разрушение всех связей.",0
698,"Пилот вертолета борется с бурей, чтобы спасти свидетеля, чья жизнь висит на волоске. В условиях обрушивающейся платформы он сталкивается с собственными страхами, которые осложняют каждый маневр. Время течет медленно, а каждый рывок — это битва за выживание и прошлое, которое не отпускает.",0
699,"Молодой основатель стартапа случайно оказывается в центре хаотичного скандала, когда его принимают за знаменитость. Несколько шагов от его мечты — агрессивный конкурент, который не жалеет усилий, чтобы уничтожить его репутацию. В тесных проходах торгового центра абсурдные ситуации переплетаются с реальными проблемами, создавая непрерывную цепочку смеха и непредсказуемых поворотов.",1
700,"Вывернутый лидер отряда возвращается на разрушающуюся платформу, чтобы спасти ученого, похищенного коррумпированными властями. Его мотивация — искупить прошлое, но каждый шаг превращается в битву с собственными страхами и остатками прошлых ошибок. Платформа распадается, а с ней — последние шансы на спасение.",0
701,"Один из самых талантливых, но разочарованных разведчиков возвращается в горы, где снежные бури затеряли целую экспедицию. Его путь к правде омывается ветрами и тенями, а каждое движение сопровождается тенью старого обиды — он не может простить себе неудачу, которая разрушила семью. В ледяной тишине он сталкивается с собственными страхами и тайной, которая может изменить всё.",0
702,"Учитель, страдающий нервозностью и непониманием социальных норм, случайно оказывается в роскошном отеле, где его принимают за знаменитость. Непредвиденные обстоятельства вынуждают его скрывать нелепую историю, которая вдруг становится центральным элементом его нелепой жизни.",1
703,"В пустом офисе, где когда-то рисовали планы, теперь тускло мерцает экран ноутбука. Архитектор, потеряв работу, пытается найти смысл в разрушающемся городе, где каждый шаг напоминает о прошлом. В тишине улиц, заваленных обломками, он ищет связь, но только тоска и холодный ветер отвечают его молчаливым вопросам.",2
704,"После долгих лет в тени, отставной спецназовец возвращается к адреналину, чтобы спасти ученого, похищенного в пустынном городке на границе. В условиях разрыва связи и неуверенности в союзниках он сталкивается с внутренними сомнениями, которые угрожают разрушить план. Каждый шаг превращается в битву между прошлым и настоящим, где доверие — редкость, а выживание зависит от решимости.",0
705,"Писатель, увязший в привычных рутинных ритмах, сталкивается с непростым выбором: вернуться к прошлому или попытаться обрести смысл в будущем. В тишине пригородного дома он находит не только следы забвения, но и возможность искупить ошибки, которые оставили глубокие раны в сердце близких.",2
706,"Инвестиции в киберпреступления сталкиваются с моральной ответственностью, когда он пытается остановить угрозу в заброшенной военной базе. Недостаток ресурсов и прошлые ошибки тянут его в ловушку, где каждый шаг — это битва с собственными страхами и желанием искупить вину.",0
707,"Повар с неуправляемым кулинарным хаосом вынужден выжить в нелепом соревновании, которое превращает его кухню в хаотичный арт-объект. Вместе с бегущим питомцем, которое случайно сбежало из актерского зала, он пытается сохранить уважение к кулинарному мастерству и не превратить театр в локальное месиво. Веселые приключения и неожиданные повороты делают эту историю по-настоящему душевной.",1
708,"Мэр маленького городка вдруг оказывается в запутанной истории с арендой в шумном доме, где каждая стена шепчет прошлые секреты. Сбежавшая собака и непривычный ритм жизни заставляют его пересмотреть понятия порядка и человеческих связей. В телестудии, где всё идёт не так, как задумано, смешные нюансы превращаются в уроки о том, что даже в хаосе можно найти место для доброты.",1
709,"В снежных горах, где связь с миром прервана, одинокий инженер ищет украденные документы, которые могут изменить ход событий. Его путь преслует не только опасный картель, но и тень прошлых ошибок, заставляя пересмотреть собственные мотивы. В тишине снежного пустыря каждая минута становится испытанием, где выбор между мукой совести и выживанием определяет судьбу.",0
710,"Международный курьер получает непростое задание — защитить ключевого свидетеля, который знает о крупной операции. На тропическом острове он сталкивается с вооруженными морскими пиратами, чьи действия разрушают его уверенность и заставляют пересмотреть свои приоритеты.",0
711,"Он бежит по тропическим тропам, где каждый шаг превращается в бой за выживание. Поврежденная память о пожаре, который он не смог спасти, преследует его, когда военные действия захватывают остров, превращая его в поле битвы. В погоне за шансом на спасение он сталкивается с собственными страхами, которые могут стать худшим врагом.",0
712,"Он стоит на границе, где каждый шаг — это выбор между правдой и тьмой. Его миссия превращается в ловушку, когда связь с коллегами рушится, а доверие в команде тает под давлением теней. В мегаполисе, где бетон и люди срастаются в единое дыхание, он борется не только с преступниками, но и с собственной верой в то, что справедливость еще возможна.",0
713,"В тени разваливающегося завода, где время застыло в пыли, безработный архитектор ищет смысл в пустых улицах и тихих воспоминаниях. Его руки, некогда создававшие формы жизни, теперь трепещут от одиночества, а страх быть брошенным превращает каждый день в тяжелый выбор между забвением и неизвестностью.",2
714,"Он возвращается к работе после личного трауматического опыта, который теперь преследует его каждый шаг. Заброшенная военная база становится ловушкой, где каждый шаг — в бой с коррупцией и теневыми криминальными структурами. С каждым разом он ближе к правде, но цена вмешательства в жестокую систему ставит его на грани личного и коллективного разрушения.",0
715,"Среди тихих улочек прибрежного поселка одинокий писатель пытается найти вдохновение, но тяжесть болезни и непримиримый внутренний конфликт затягивают его в бездну одиночества. Каждый день становится борьбой с собой, а море, которое когда-то приносило утешение, теперь кажется лишь напоминанием о неизбежности ухода.",2
716,"Вертолетчик, раненый личным ужасом, ведет погоню за исчезнувшей экспедицией, оставившись на борту грузовика в бескрайнем океане. Недостаток ресурсов и неуверенность в себе превращают каждую минуту в битву с собой и природой. Его выбор между спасением и собственной безопасностью становится последним испытанием.",0
717,"Вертолетчик, потерявший связь с экспедицией, врывается в снежную гавань, где тени прошлых ошибок таят опасности. Его путь преслует не только холод и враждебная природа, но и тайна предательства, раздирающая команду снутри. В борьбе за выживание он сталкивается с собственными страхами и нерешенными обидами, которые могут стать ключом к разгадке загадки.",0
718,"В холодном свете ледяных бризов он бежит по развалинам порта, где каждый шаг — это битва за жизнь. Время течет медленно, а связь с миром разорвана, оставляя его наедине с собственными страхами и воспоминаниями о прошлом. Его путь — это не просто гонка, а испытание, которое заставляет пересмотреть смысл выживания и веру в себя.",0
719,"В тени шумной мегаполиса, где границы теряют смысл, одинокий охранник пытается вернуть украденные секретные документы, зная, что каждая минута уносит с собой шанс избежать катастрофы. Его руки трясутся не только от усталости, но и от тени прошлого — той, что когда-то обернулась предательством, оставив его наедине с собственными страхами и обидами.",0
720,"Она возвращается в родной посёлок, где осталась душа, но руки пустые. Старая медсестра, потерявшая работу и связь с миром, пытается исправить прошлое, но бедность и забвение заставляют её пересмотреть ценность человеческих отношений. В тишине сельской глубинки каждая встреча становится испытанием, а прощение — сложной монетой, которую она не может позволить себе потратить.",2
721,"Он ведёт группу профессионалов через туман и грохот, чтобы спасти учёного, чьё открытие может изменить мир. Но на пути ждут не только огнестрельные очереди и обвалы, а собственные сомнения — в прошлом он оставил людей в беде, а теперь хочет исправить это. На дрейфующей платформе каждая минута — битва между волей и страхом, а победа зависит от того, сможет ли он поверить в себя.",0
722,"Субмаринист по имени Марк должен защитить свидетеля, который знает о коварных планах корпорации. В условиях переполненной мегасити и ограниченных ресурсов он сталкивается с внутренними борьбой и разрывом с братом, который не верит в его способность. С каждым днём становится ясно, что спасение жертвы — это не только бой за выживание, но и битва с собственными страхами.",0
723,"В тени секретных лабораторий, где каждый шаг контролируется, одинокий инженер ведёт расследование, раскрывающее скрытые связи между властью и преступностью. Его тайна становится смертельной ловушкой, когда враги начинают охоту, а собственное сомнение в праведности цели разрывает внутренний мир. В борьбе за правду он сталкивается с не только врагами, но и собственными страхами, которые могут уничтожить его, прежде чем он успеет раскрыть правду.",0
724,"После расставания с прошлым, бывший спортсмен приезжает в незнакомый город, где его ждёт не только новая жизнь, но и непростые отношения с местными жителями. На университетском кампусе он сталкивается с преградами, которые разделяют его с общиной, заставляя пересмотреть свои убеждения и найти баланс между прошлым и будущим.",2
725,"Молодой иммигрант, прибывший в незнакомый город, пытается найти свой путь среди чужих улиц и холодных взглядов. В семейном кафе, где дым сигарет и запах кофе смешиваются с тихими разговорами, он пытается смириться с потерей, которая всё ещё жжёт внутри. Каждый день приносит новые вызовы, но в глазах бабушки и в улыбках постоянных клиентов он видит шанс начать снова.",2
726,"Подросток, прибывший в страну в поисках нового начала, сталкивается с болезненной памятью о потере близкого. В тени умирающего промышленного города он борется с пустотой и нехваткой средств, но в каждом шаге чувствует утешение в странных связях, которые тянут его к свету.",2
727,"Он бежит по скользким тропам, где каждый шаг — это битва за выживание. Потеряв доверие к тем, кто остался, он должен найти силы выстоять в изоляции, где снег и холод становятся союзниками врага.",0
728,"Он возвращается к месту, где всё началось, чтобы остановить угрозу, которая снова поднимает старые обиды. Страх и вина преследуют его в темноте, где шторм разрушает здания и маскирует шаги. В каждой тени скрывается не только враг, но и собственное прошлое, которое не даёт спокойно дышать.",0
729,"Молодой музыкант, борющийся за признание, случайно привлекает внимание интернета, но его неожиданная слава раскрывает тайный план, который превращает обычный торговый центр в хаотичное пространство смешных ситуаций и неожиданных поворотов. В попытке сохранить двойную жизнь он сталкивается с тем, что реальность и интернет переплетаются так, что даже смех кажется напряженным.",1
730,"В отдалённом сельском посёлке старый врач сталкивается с неизбежностью, когда его отец, страдающий тяжёлым заболеванием, нуждается в его помощи. В одиночку он борётся с нехваткой ресурсов и собственными сомнениями, но в каждом дне находит силы для новых шагов. В тишине деревни и среди ветерка ветра он находит утешение в простоте человеческих отношений и надежде на лучшее.",2
731,"Скрытый журналист врывается в тропический остров, где исчезла экспедиция, оставив за собой тенистые леса и таинственные следы. Его путь пересекается с беспилотниками, которые охотятся за ним, а каждый шаг приближает к разгадке, но одновременно усугубляет тревогу — страх потерять веру в себя и не вернуться живым.",0
732,"Она приехала в тихий пригород, чтобы начать новую жизнь после потери мужа, но в окружении чужих глаз и ожиданий. Каждый день стал испытанием — тишина соседей, их взгляды, молчаливые суждения подтачивали её уверенность. В одиночестве она пыталась найти свой путь, но даже в сером фоне жизни оставалась трещина, через которую пробивался свет.",2
733,"Во время подготовки к семейному собранию хаотичный организатор свадьбы сталкивается с неожиданными трудностями, раскрывая тайну своей двойной жизни. В телевизионном студии смешение реальности и вымышленного сценария превращает хаос в ироничный спектакль, где каждый поворот обретает неожиданный оттенок.",1
734,"Учитель, чьи навыки общения ограничиваются доской и дневником, случайно попадает в роскошный отель, где местные жители празднуют странный фестиваль. Его попытки понять традиции приводят к серии ироничных недоразумений, смешных и немного обидных. В хаосе он находит неожиданный способ превратить неловкость в связь, которая перерастает в настоящую дружбу.",1
735,"Марк, бывший актёр, случайно оказывается в центре внимания курорта, где его принимают за знаменитость. Его жизнь переворачивает соперничающий сосед, который не может смириться с тем, что его пренебрежение к мечтам оказалося ошибкой. В смешных ситуациях и непредсказуемых поворотах он обнаруживает, что настоящая слава — это не визитка, а способ найти себя.",1
736,"После увольнения из архитектурной фирмы он возвращается в родной город, где его ждет семейный кафе. В тихой атмосфере заведения он сталкивается с непониманием близких и давлением общества, которое не простит его провал. В поисках новых возможностей он находит ответы в старых связях и возвращается к истинным ценностям.",2
737,"В семейном кафе, которое досталось сыну после смерти отца, молодой отец борется с тяжелым заболеванием, пытаясь сохранить бизнес и не потерять связь с детьми. Каждый день становится испытанием, но в глазах жены и сына он видит силы, чтобы не сдаться. Несмотря на боль и сомнения, он ищет путь к спасению, веря, что вместе они могут преодолеть любую преграду.",2
738,"Студент, уверенный в себе до предела, получает в наследство унылый аттракционный парк на берегу моря. Его попытки спасти проект превращаются в хаотичную сагу, где каждый день дарит новые повороты. Завистливый сосед, живущий рядом, не преминул вмешаться, превратив ситуацию в непрерывную борьбу между мечтой и реальностью.",1
739,"В отдалённой горной местности, затопленной снегом, бывший контрабандист возвращается к прошлому, чтобы спасти ученого, похищенного коррумпированными чиновниками. Его путь осложняется не только опасностями погони, но и внутренними разногласиями с близким человеком, чьё мнение разделяет его миссию. Непростой путь к спасению становится испытанием для души и веры в себя.",0
740,"В центре сюжета — спасатель, который должен вернуть украденные документы, несмотря на угрозу с неба. Стресс от властей и риски, связанные с тропическим островом, добавляют напряжения. Его выбор между долгом и личной безопасностью становится критическим моментом.",0
741,"После провала в карьере актер попадает в небольшой туристический город, где пытается скрыть громкое недоразумение. Его нелепый секрет и непредсказуемые встречи с местными жителями превращают его скромную поездку в хаотичную историю, полную смеха и неожиданных поворотов. В процессе он обнаруживает, что даже в самых нелепых ситуациях можно найти место для искренности и доброты.",1
742,"После ухода из подполья бывший контрабандист получает шанс исправить прошлое — защитить ключевого свидетеля, чья информация может изменить мир. Но в тени высокой безопасности ждут не только ловушки, но и тень незнакомца, который знает его слабости лучше, чем он сам. Внутренний конфликт, рожденный предательством, превращает каждую минуту в битву между мстительностью и надеждой на искупление.",0
743,"Марк, несгибаемый организатор свадеб, втягивается в нелепую историю, чтобы спасти чужую любовь. Его неожиданно начинает преследовать та самая ложная связь, которая превращает его жизнь в хаос. Вместо уюта театра — бурлящая толпа, неловкие диалоги и гигантский вирус, который заставляет всех смеяться, но не отпускает.",1
744,"Бывший спецназовец возвращается в заброшенный городок, чтобы спасти ученого, украденного в пустыне. Ограниченная связь и разрушенная доверие между ним и местными жителями создают напряженную атмосферу. В каждой сценической схватке чувствуется личная ставка, а не просто бой.",0
745,"Подводный инженер возвращается в горы, где снег затянул ущелье, чтобы восстановить украденные секреты, но каждый шаг преслует тени дронов и тяжесть прошлого. Его руки дрожат не от холода, а от тайного вины, который превращает миссию в гонку с собственным страхом.",0
746,"Он вернулся в тихий горный город, где всё ещё ждут его, но время не прощает. Потеряв близкого человека, бывший спортсмен остался в плену воспоминаний, которые не дают ему двигаться дальше. В каждой тени улицы и в каждом вздохе он ищет способ искупить боль, но тень прошлого не отпускает, заставляя сомневаться, сможет ли он когда-нибудь снова поверить в будущее.",2
747,"Он вернулся в тенистые лабиринты подземки, где прошлое и настоящее сталкиваются в огне. Старые навыки и неисправимый внутренний конфликт ведут его сквозь тупики, где каждый шаг — это битва с собственными демонами. Воспоминания о прошлом тянут его к спасению ученого, но молчание и тьма под землёй становятся худшими врагами.",0
748,"В прошлом он торговал запрещенными товарами, а теперь прячется в лабиринте лабораторий, где каждый звук может стать сигналом. Его путь к свободе осложняется тенью, которая следует за ним, оставляя следы крови и тайн. Время течет, а давление со стороны тех, кто пытается удержать его в клетке, заставляет сомневаться в собственном выборе.",0
749,"Он проводит дни в тесном подъезде, где каждый звук и взгляд напоминают о его одиночестве, но в глазах его скрывается неуверенность, которую он пытается скрыть за улыбкой. В поисках нового смысла он сталкивается с страхом брошенности, но в каждом шаге к кому-то — будь то сосед или случайный знакомый — находит отголосок надежды, что даже в тишине можно услышать голос дома.",2
750,"Вертолетчик, преследующий украденные документы, оказывается в подземных тоннелях, где слабая связь и хаотичные ловушки превращают каждую минуту в испытание. Его тайный конфликт с родственником, оставшимся за спиной, добавляет трагедии, когда личные обиды пересекаются с безумной гонкой за временем.",0
751,"Хаотичный организатор свадьбы пытается скрыть грандиозную ошибку, которая может разрушить всё планирование. Секретная двойная жизнь добавляет непредсказуемости, когда университетский лагерь становится полем битвы для смешных казусов. В борьбе между реальностью и фантазией каждый момент наполнен неожиданностями и эмоциональными взрывами.",1
752,"В тропической гавани, где ветер грохочет как гром, вертолетчик борется за выживание, преследуемый тенями прошлого. Стorm разрывает небо, превращая остров в лабиринт из хаоса и тени, где каждый шаг — это выбор между смертью и верностью. В борьбе с элементами и собственными страхами он сталкивается с тем, что доверие уже не спасет.",0
753,"В холодном промышленном порту, где лед угрожающе тает, беженец борется за свободу, оставаясь на грани жизни и смерти. Его путь преследует не только солдаты, но и тень прошлых ошибок, которые он пытается искупить, несмотря на растущую угрозу.",0
754,"Стареющий врач, борющийся с собственными ограничениями, сталкивается с трудностями в заботе о больном родителе, живущем в переполненном жилом комплексе. Взаимодействие с соседями и сообществом поднимает вопросы ответственности и человеческих связей, раскрывая тонкие границы между поддержкой и отчаянием.",2
755,"После тяжелой потери близкого человека он попадает в реабилитационный центр, где сталкивается с финансовыми трудностями и попытками найти новый смысл в жизни. В борьбе с болью и неопределенностью он ищет путь к исцелению, но каждый шаг наполнен сложными эмоциями и неопределенностью будущего.",2
756,"В подземных тоннелях, затерянных между стенами и тьмой, он бежит от тени, которая преследует его с тех пор, как он оставил позади обещание. Каждый шаг — это битва с собственными страхами и тайной, что связывает его с тем, кто теперь становится его врагом. В тесноте и холоде он ищет выход, но не знает, стоит ли верить своим глазам или оставаться в ловушке прошлого.",0
757,"Наследовав увядший аттракционный парк, хаотичный организатор свадьб погружается в хаос, чтобы спасти его от закрытия. В конкурентной борьбе с амбициозным соперником он сталкивается с неожиданными вызовами, которые заставляют пересмотреть свои приоритеты. Колледжский ландшафт становится фоном для смешных и трогательных приключений, где каждый поворот обещает новые сюрпризы.",1
758,"В пустынном городе на границе разыскивают пропавшую экспедицию, а бывший охранник сталкивается с собственными тенями. Война угрожает разрушить всё, что осталось, и его путь к правде превращается в смертельную гонку.",0
759,"Бывший контрабандист оказывается в центре кризиса, когда должен предотвратить теракт на изолированном острове. Ограниченная связь и разрушение доверия между ним и союзниками создают напряженность, заставляя его бороться с собственными сомнениями и внешними угрозами. В условиях тропической изоляции каждый шаг становится вопросом жизни и верности.",0
760,"В тишине маленького горного поселка одинокий отец ищет смысл жизни, застряв между воспоминаниями о прошлом и холодной реальностью. Его душа раскалывается на части, но в каждом вздохе горного ветра и тихих разговорах с дочерью появляется шанс начать заново. Путь к искуплению скрывается в неожиданных связях и незаметных мгновениях, которые учат верить в будущее.",2
761,"В центре внимания — хаотичный повар, который случайно попадает в странный конкурс в торговый центр. Его непредсказуемые действия приводят к катастрофе, но с юмором и неожиданными поворотами. Вместо уважения к кулинарии — бутерброды, взрывы и публичные скандалы, которые оставляют незабываемый след.",1
762,"В подземных лабиринтах метрополитена неопытный детектив борется с временем, пытаясь спасти ученого, украденного силой. Власти требуют быстрых результатов, но ограниченные ресурсы и хаотичная сеть тоннелей тянут его в бездну неопределенности. Каждый шаг — это битва между верой в себя и страхом потерять контроль.",0
763,"Средневековый писатель, потерявший веру в свою работу, сталкивается с тяжелым выбором: оставаться рядом с тяжелобольным отцом в реабилитационном центре или вернуться к рутине, которая давно перестала приносить смысл. В тишине больничной палаты он пытается найти ответы на вопросы, которые давно перестали быть просто профессиональными.",2
764,"Он бежит по тропическим тропам, где каждый шаг превращается в битву за жизнь. Ветер в лицо, громкие выстрелы и тени маньяков, преследующих его за прошлое. Внутри — борьба с тем, кто когда-то был близок, теперь превратившимся в проклятие. Ночь, волны, отчаяние — всё это его последний шанс выжить.",0
765,"Амбициозный молодой человек, мечтающий стать известным, случайно попадает в странный местный фестиваль, где каждая минута превращается в хаос из-за недопонимания. В резервации театра он сталкивается с непредсказуемыми ситуациями, которые заставляют его пересмотреть свои приоритеты и найти радость в неожиданном.",1
766,"Молодой музыкант, живущий в тихом туристическом поселке, случайно попадает в вирусный тренд, превращаясь в неожиданную звезду. Его неуклюжие попытки привлечь внимание к себе ведут к комичным неприятностям, а резкое увеличение популярности ставит под вопрос его личную жизнь и целостность. В хаотичной суете он пытается сохранить себя, но каждый шаг кажется напряженным и непредсказуемым.",1
767,"В отдалённом пустынном городе на границе тени прошлого и настоящего сталкиваются с огнём. Новый детектив, бросивший вызов судьбе, пытается раскрыть загадку, которая связывает его прошлые ошибки с угрозой, угрожающей всему городу. Его путь превращается в битву между виной и решимостью, где каждый шаг — это выбор между спасением и тьмой.",0
768,"В унылом порту, покрытом льдом, одинокий спасатель борется за правду, заставляя себя выбрать между верностью закону и спасением невинных. Его путь пересекается с тенями, которые не ждут компромиссов, и каждый шаг становится битвой с собственным страхом.",0
769,"В тени заброшенной военной базы лидер отряда бежит от преследования, где каждый шаг превращается в битву за выживание. Коррупционные власти местных властей затягивают его в ловушку, разрушая последнюю надежду на спасение. Внутренний конфликт — разрыв доверия — становится самым страшным противником, когда границы между правдой и выживанием стираются.",0
770,"После ухода с сцены маг поднимает шум в местном фестивале, где всё идёт не по плану. Его дрессированный кот убегает, а в офисе начинается хаос, смешанный с неожиданными открытиями. В пляске абсурда каждый момент становится причиной смеха и непредвиденных поворотов.",1
771,"Пожарный, потерявший веру в систему, возвращается в заброшенный городок, где его ждет опасная миссия. Он должен спасти ученого, захваченного загадочным убийцей, чьи действия заставляют его пересмотреть свои собственные мотивы. Прошлое предательство тенью следует за каждым шагом, превращая бой за бой в личную войну с самим собой.",0
772,"Он не мог понять, почему его финансовые ошибки превращаются в цирк, но вовремя заметить это не успел — его секретная двойная жизнь на кампусе уже подрываet маску спокойствия. В попытке скрыть катастрофу, которая угрожает его карьере, он ввязывается в абсурдные приключения, где каждый шаг становится испытанием на прочность.",1
773,"Погружаясь в хаос наследственного аттракционного парка, непоседливый организатор свадьб сталкивается с нелепыми ситуациями, где каждый поворот обещает новые курьезы. В роскошном отеле, где шум и суета смешиваются с безумием, его попытки спасти проект превращаются в цепочку непредсказуемых поворотов, наполненных смехом и непростыми уроками.",1
774,"Молодой стартапер, привыкший к хаосу инноваций, попадает в тихую туристическую деревню, где местные жители празднуют странный фестиваль с элементами мистики и шоу. Его попытки вписаться в ритуалы приводят к непредвиденным последствиям, раскрывая тайну двойной жизни, которая связывает его прошлое с настоящим.",1
775,"Молодой студент, прибывший в тихое прибрежное поселение, сталкивается с тяжестью прошлого, которое не позволяет ему простить себе. Вокруг него — тишина и ожидание, а его путь к искуплению пролегает через личные уязвимости и давление общества, которое не готово простить. В каждой речи и взгляде чувствуется напряжение, но в сердце остаётся надежда на искупление.",2
776,"Мэр маленького городка втягивается в нелепую ситуацию, пытаясь скрыть громкое недопонимание, которое вылилось в неловкий секрет. В роскошном отеле его попытки сохранить достоинство превращаются в хаос, где каждая минута наполнена нелепыми поворотами и неожиданными открытиями.",1
777,"Молодой детектив, только что прибывший в густонаселенный мегаполис, сталкивается с коррупцией местных властей, которые скрывают убийство. В попытке выжить и раскрыть правду он сталкивается с собственным страхом провала, который ставит под угрозу его жизнь и веру в себя.",0
778,"В отдалённых горах, охваченных снегом, отставной спецназовец возвращается к прошлому, чтобы спасти похищенного учёного. Его путь пересекается с дронами, которые охраняют пленника, и всплывает давящая тень прошлых потерь. В каждой ловушке и каждом повороте — не только враг, но и собственные сомнения, которые ведут к развязке.",0
779,"В отдаленном пустынном городе на границе спасатель ввязывается в опасную миссию по поиску украденных документов. Его путь пересекается с тайной, связанной с родственником, что добавляет личной боли в уже напряженную ситуацию. В каждой схватке с картелем он сталкивается с вопросом: стоит ли жертвовать отношениями ради правды.",0
780,"Пилот вертолета борется с бурей, чтобы достичь острова, где террористы готовятся к атаке. Его усилия осложняются давлением властей, которые требуют быстрого решения, несмотря на риски. В борьбе с стихией и врагом он сталкивается с выбором между выполнением долга и защитой жизни тех, кто зависит от него.",0
781,"Он возвращается в подземные тоннели, где однажды потерял всё, и теперь сталкивается с теми, кто украл его жизнь. Внутренний конфликт между желанием искупить вину и страхом перед новыми угрозами превращает каждую минуту в битву. Его путь к правде — это не только сражение с вооруженными преступниками, но и поиск собственной достойности.",0
782,"Молодой основатель стартапа случайно попадает в странный местный фестиваль, где традиции переплетаются с абсурдом. Его озадачивает амбициозный конкурент, который не жалеет сил, чтобы выиграть, но в процессе оба начинают смеяться над собственными глупостями. В роскошном отеле смешение целей и идиотских правил превращает соревнование в хаотичный танец, где победитель — тот, кто сумеет сохранить чувство юмора.",1
783,"Новый сосед с неуправляемым аппетитом и мечтой о кулинарном просветительстве врывается в тесное офисное пространство, где каждый кабинет — это мини-бунт. Его попытки организовать хаос превращаются в цепочку смешных казусов, от которых не спасает даже наличие кухни в соседней комнате. В итоге все становится на места, но только после того, как босс случайно съел его фирменный суп.",1
784,"После серии провалов в карьере бухгалтера случайно попадает в летний лагерь, где вынужден выдать себя за влюбленного, чтобы спасти ситуацию. Его нелепые попытки убедить всех в искренности приводят к неожиданному вирусному хиту, который затягивает в хаос. Внутренние сомнения и внешние шутки создают тонкое равновесие между смехом и душевной тяжестью.",1
785,"Субмаринный инженер в бешеной схватке за выживание борется с катастрофой, разрушающей платформу, когда тайны утечки вынуждают его сомневаться в верности тех, кто остался. В хаосе разрушений он сталкивается с трагедией, которая разрывает его связь с командой, оставляя лишь остатки доверия и незыблемую потребность в правде.",0
786,"В тесных улицах переполненной мега-города героиня сражается за каждую секунду, чтобы спасти ученого, украденного силой. Ее путь пересекается с лицами, которые не только угрожают, но и пытаются заставить ее сомневаться в собственных ценностях. Внутренний конфликт и внешняя опасность тесно переплетаются, создавая напряженную атмосферу, где каждый шаг — это битва за верность себе и цели.",0
787,"Старый врач, привязанный к умирающему промышленному городу, борется с тенями прошлого, пытаясь искупить ошибки, которые оставили его одиноким. Его путь — между пустыми улицами и тихими улицами, где каждый шаг напоминает о страхе быть заброшенным. В тишине города он ищет прощение, но ценит ли оно в момент, когда всё уже прошло?",2
788,"Амбициозный блогер, стремящийся к славе, ввязывается в нелепую историю, когда его неосторожные слова ведут к катастрофе. В попытке исправить ситуацию он теряет контроль над всем: убегающий котёнок, перепутанные лекции и непонимание со стороны однокурсников. В хаосе он обнаруживает, что истинная сила — в смехе, а не в лайках.",1
789,"После ухода с сцен волшебника ждет неожиданная судьба: он решает открыть лагерь для детей, но без опыта и поддержки родственников, которые не ждут его вмешательства. Смешные ситуации и неожиданные повороты делают эту историю насыщенной эмоциями и глубокой связью с прошлым.",1
790,"Он стоит на грани разрушения, когда шторм превращает подземные тоннели в бездну. С каждым шагом в темноту растет напряжение, а доверие к союзникам тает, как лед под стопой. В бой вступают не только враги, но и собственные страхи, а победа кажется возможной только в последний момент.",0
791,"Молодой адвокат в одиночку борется с тяжелым диагнозом, который угрожает жизни близкого человека. В тишине приморского поселка каждая минута становится битвой между надеждой и безысходностью. Его путь — это не только борьба за жизнь, но и открытие собственных слабостей, затерянных в привычке к логике и праву.",2
792,"Планировщик свадьб, привыкший к хаосу, наследует умирающий аттракционный парк в сердце торгового центра, где каждый день превращается в спектакль из непредсказуемых поворотов. Скрывая свою двойную жизнь, он пытается спасти проект, но смешение реальности и вымысла превращает его усилия в цепочку ироничных провалов.",1
793,"Воспоминания о пожарах и грохоте тоннелей возвращаются, когда он возвращается в подземные лабиринты, где исчезла экспедиция. Сомнения и тени прошлого тянут его в тупик, где каждый шаг — это битва за правду и выживание. Сibling-конфликт раздирает душу, а предательство внутри группы превращает погоню в ловушку, где каждый выбор обернётся разрушением.",0
794,"На жарком тропическом острове в тени пальм и знойного солнца одинокий следователь, преследуемый тенями прошлого, бьется за правду. Его вина за прошлые ошибки превращает каждую битву в испытание душой, а угроза вооруженных морских пиратов заставляет искать ответы в хаосе. В битве за выживание он сталкивается с собственными страхами, превращая каждый шаг в борьбу не только с врагами, но и с самим собой.",0
795,"Пилот вертолета получает секретное задание — спасти свидетеля, чья информация может разрушить преступную империю. На тропическом острове он сталкивается с жестокими врагами, чья хитрость и насилие тянут его в бездну неуверенности. Каждый шаг — битва не только за жизнь, но и за остатки доверия, которое уже трескается под давлением тайны.",0
796,"Она вернулась в знакомое помещение, где воздух ещё дрожал от прошлых криков и лекарств, чтобы спасти умирающий бизнес, который когда-то был её жизнью. Но в тени скрывалась тайна, разрушающая всё, что она пыталась восстановить. Меланхолия тяжело давила на сердце, будто каждый шаг возвращал её к прошлым ошибкам и несправедливостям, которые никто не хотел признавать.",2
797,"Молодой иммигрант, прибывший в тихое прибрежное село, пытается восстановить разрушенные отношения с родственниками, сталкиваясь с холодным недоверием соседей и собственными сомнениями. В тишине улиц и шуме волн он ищет принадлежность, но каждый шаг превращается в битву между прошлым и настоящим, где одиночество и надежда тесно переплетаются.",2
798,"Новый детектив, только что прибывший на место, сталкивается с невероятной задачей — спасти украденного ученого, но нехватка ресурсов и подпольные лаборатории под землей осложняют каждое действие. Давление со стороны властей заставляет его балансировать между правдой и собственной безопасностью, пока тени подземки скрывают страшную правду.",0
799,"Следователь по цифровым преступлениям должен выяснить, как предотвратить теракт, но сталкивается с нехваткой ресурсов. В разрушенном военном комплексе он сталкивается с вражескими силами и своими внутренними сомнениями. В поисках правды он ищет искупление за прошлые ошибки, оставаясь на грани жизни и смерти.",0
800,"В одиночестве она переселяется в новый город, где шум соседей и холодные стены напоминают о пустоте. С каждым днём болезнь сжимает её, как ледяные стены, но в тишине улиц она находит остатки сил, чтобы не сдаваться.",2
801,"Беспорядочный повар, который в одночасье становится звездой интернета, сталкивается с непростыми ситуациями. Его неловкий секрет и хаотичная жизнь в маленьком туристическом городе приводят к непредвиденным последствиям. Пока он пытается сохранить привлекательный образ, всплывает прошлое, которое заставляет пересмотреть свои приоритеты.",1
802,"В тени пустынного края, где время течет медленнее, журналист, проникший в тайну исчезнувшей экспедиции, сталкивается с тенью, которая не отпускает. Каждый шаг превращается в бой с собственным страхом провала, а пыль под ногами — напоминанием о том, что не все секреты можно раскрыть без ценой.",0
803,"Попытка молодого музыканта представить свою идею в шумной офисной среде превращается в хаос, когда его непоседливый питомец убегает, а непонимание между ним и коллегами растёт с каждой минутой. Сатирический взгляд на рутины корпоративной жизни подчеркивает абсурдность ситуации, где каждый жест и взгляд становятся частью непрерывного комического каламбур.",1
804,"Молодой студент, окружённый тишиной пустого жилища, ищет связь в рутине семейного кафе, где его родители живут по старым устоям. Каждый день сталкивается с непониманием между поколениями, но в глазах бабушки искрится тихая надежда на примирение. В тени кофейных ароматов и скрипа старых досок скрывается путь к себе и к тем, кто не может забыть прошлое.",2
805,"В отдалённой деревне, где время течёт медленно и каждый знает свою роль, рабочий завода сталкивается с выбором между долгом и любовью. Его усилия, чтобы спасти близкого, развязывают цепь событий, в которых старые обиды и страхи обретают новую силу. В тишине сельской глубинки эмоции разгораются до критической точки, разрушая границы между личным и общим.",2
806,"Молодой иммигрант, переживающий разрыв с родными, пытается восстановить связь, когда тяжелая болезнь подрывает его уверенность. В условиях переполненного жилого комплекса, где каждый день наполнен шумом и напряжением, его усилия сталкиваются с неожиданными испытаниями, раскрывающими глубину человеческих связей и слабости.",2
807,"Он вернулся с миссии, где спасал жизни, но теперь сталкивается с тайной, которую не мог оставить без внимания. В отчаянии он ввязывается в гонку против преступной организации, которая угрожает всеми возможными способами. Время течет, платформа падает, а его выбор между долгом и правдой становится последним шансом спасти не только себя, но и тех, кто остался.",0
808,"Молодой детектив оказывается в ловушке, где каждый шаг превращается в битву за выживание. Он должен спасти свидетеля, но коррумпированные власти и разрушение платформы отрезают его от помощи. Внутренний конфликт с братом, который стал частью системы, добавляет тяжелую эмоциональную нагрузку, превращая его путь в одиночную борьбу с собственными страхами и правдой.",0
809,"Владимир, бывший маг, решает открыть магазин в роскошном курортном поселке, но его непосредственность и отсутствие опыта приводят к непредсказуемым приключениям. Секретная двойная жизнь, которую он скрывает, начинает влиять на его новую жизнь, добавляя сложности и юмора. В балансе между магией и реальностью он учится справляться с неожиданными поворотами судьбы.",1
810,"После потери близкого человека владелец ресторана сталкивается с пустотой и не может найти смысл в жизни. В реабилитационном центре он сталкивается с людьми, чьи истории заставляют его пересмотреть свои приоритеты и найти новое предназначение в неожиданных местах.",2
811,"Марк, бухгалтер с неудачной жизнью, вынужден притворяться, что влюблен в актрису из местного театра. Его попытки скрыть правду приводят к непредвиденным обстоятельствам, где каждая фраза становится источником неловкости. Вместо счастливого финала — цепочка смешных недоразумений, которые заставляют пересмотреть понятия любви и честности.",1
812,"Учитель, который долго избегал внимания, решает открыть собственное дело, несмотря на полное отсутствие опыта. Его смелость приводит к непредсказуемому каскаду нелепых ситуаций, включая публичное проваление в местном театре. В хаосе он обнаруживает, что смешные моменты могут стать настоящим связующим звеном между людьми.",1
813,"Бывший специальный оперативник, разочарованный в прошлом, возвращается в тенистое прошлое, чтобы разобраться с тайнами, которые унесли его близких. В глубине секретного учреждения он сталкивается с лицами, способными разрушить всё, что осталось от его веры. Каждый шаг превращается в битву с собственными страхами и тенью прошлых ошибок.",0
814,"Старшая медсестра, привыкшая к утешению и уходу, сталкивается с тяжелым выбором, когда её любимый человек оказывается в центре социального давления. В условиях переполненного жилого комплекса она пытается сохранить тепло и безопасность, но каждый шаг наполнен неопределенностью и болью.",2
815,"После ухода из спорта бывший чемпион оказывается в незнакомом городе, где каждый день напоминает о его потерянности. В семейном кафе, где работают родственники, он пытается найти место, но страх быть брошенным мешает ему открыться. Его путь к принятию себя и новых связей становится тихой борьбой с внутренними демонами.",2
816,"Молодой блогер, мечтающий стать звездой интернета, случайно превращается в интернет-сенсацию, но его успех подрывает тайну, которую он держал в секрете десятилетие. В центре суеты торгового центра он пытается сохранить лицо, пока необратимый вирус вынуждает его пересмотреть смысл популярности.",1
817,"Он возвращается в родной город, где тени прошлого и звуки войны оставляют след в каждом шаге. Следуя за исчезнувшими исследователями, он сталкивается с угрозой, исходящей из военных действий, которые охватывают окрестности. Тени личного горя и сомнений возвращаются, когда он пытается разобраться в истине, скрываясь за маской непоколебимости.",0
818,"Лидер отряда, привыкший к хаосу, сталкивается с новым испытанием: спасти ученого, захваченного на тропическом острове. Ограниченная связь и разрушение доверия между командой превращают миссию в ловушку, где каждый шаг — это баланс между жаждой возвращения и страхом потерять контроль.",0
819,"Бывший пожарный, разгадывая загадки прошлого, сталкивается с неожиданными вызовами на тропическом острове. Его путь к раскрытию опасной схемы осложняется приближающимся конфликтом и внутренним противоречием с близким человеком. Каждый шаг превращается в бой за выживание и истину.",0
820,"В условиях переполненной мегаполиса журналист, скрывая свою идентичность, пытается вернуть украденные документы, сталкиваясь с предательством внутри команды и борясь с собственными сомнениями, вызванными прошлыми ошибками. Каждый шаг превращается в гонку с тенями, где доверие — редкая валюта, а страх заставляет пересматривать свои приоритеты.",0
821,"Спасатель в горах получает задание спасти ученого, захваченного вооруженными милиционерами в подземных тоннелях. Его путь к спасению осложняется страхом неудачи и необходимостью преодолеть опасные ловушки. Каждый шаг — битва с собственными сомнениями и неизбежными взрывами.",0
822,"Молодой музыкант, борющийся за признание, вынужден вступить в ложную связь, чтобы выжить в конкурентной среде. Его неожиданно вовлекает завистливый сосед, который начинает мешать ему в офисе, где каждый день наполнен хаосом и непредсказуемыми поворотами. Пока он пытается сохранить лицо, его жизнь распадается на смешные и трогательные моменты, где искренность теряет значение, а смех становится единственным способом выжить.",1
823,"Молодой музыкант, теряющий надежду, попадает в странное соревнование, где успех зависит от неожиданных поворотов. В переполненном офисе он сталкивается с излишне амбициозным соперником, чья гонка за вниманием превращает рабочее пространство в хаотичную битву идей. Несмотря на абсурдность обстоятельств, в каждом кадре скрывается искра надежды, которую он пытается сохранить.",1
824,"В тени пустынного города на границе скрывается журналист, который проник в тайны власти, чтобы раскрыть скандал, разрушающий доверие. Его путь прокладывается среди тенистых улиц и тихих улиц, где каждый шаг угрожает раскрыть его истинную миссию. Внутри него бушует борьба между верой в правду и страхом потерять всё, что осталось.",0
825,"После лет загубленных в шуме производства, рабочий возвращается на университетский кампус, где его ждут неожиданные встречи. В тишине лекционных аудиторий и молчании коридоров он сталкивается с тем, что забыл не только слова, но и облик родных. В каждой детали окружения — от старых парт и пыльных книг — просыпается боль прошлого, которую теперь приходится смотреть в лицо.",2
826,"Бывший офицер разведки, изгнанный из службы, возвращается в хаотичную мегасити, чтобы отыскать украденные документы. Его путь пересекается с опасным картелем, чьи тени охватывают каждый уголок города. Внутренний конфликт между долгом и страхом превращает каждую минуту в битву за выживание.",0
827,"На борту судна, плывущего по океану, лидер отрядов сталкивается с грозящей крахом миссией — вернуть украденные документы, не имея достаточных ресурсов. Внутреннее напряжение растет, когда доверие в команде начинает распадаться, а каждый шаг превращается в битву за выживание.",0
828,"Мечтатель, стремящийся стать знаменитостью, случайно вовлекается в странный локальный фестиваль, где реальность и вымышленная жизнь переплетаются. В процессе он обнаруживает, что его двойная жизнь — часть сложной игры, которая заставляет пересмотреть понятия успеха и идентичности. Абсурдные ситуации и неожиданные повороты делают каждый момент наполненным хаосом и искренним смехом.",1
829,"Старый врач, борющийся за выживание умирающего завода, сталкивается с тайным предательством, разрушающим его последние надежды. В тоскливом пространстве заброшенного промышленного города каждая встреча напоминает о прошлом, а каждый выбор — о будущем, которое кажется уже утраченным.",2
830,"Секретный охранник ввязывается в ловушку, чтобы найти пропавшую экспедицию, которая исчезла в тумане мегаполиса. Каждый шаг превращается в битву с опасным картелем, где доверие рушится, а тени улиц становятся союзниками и врагами одновременно.",0
831,"Уверенный в себе студент, решивший развлечься, попадает в запутанную ситуацию, когда вынужден выдать себя за влюбленного в соседку. Его попытки удержать маску разрушаются в присутствии завистливого соседа, который не только мешает, но и раскрывает правду. В луксусном отеле смех и неловкость становятся основой для неожиданного союза.",1
832,"Он потерял доверие коллег и теперь бродит по разрушенным улицам, ища следы исчезнувшей экспедиции. В хаосе гигантского города каждая встреча становится ловушкой, а каждый шаг — битвой за выживание. Надежда на правду тонет в тени, где предательство и страх превращают его в охотника за правдой, даже если она уже не ведёт к спасению.",0
833,"Одинокий бывший специалист возвращается в таинственный горный район, где снег затянул следы пропавшей экспедиции. Его мотивы не только в поисках, но и в попытке искупить прошлое, оставшееся в памяти как тень. Каждый шаг ведет к тайнам, скрытым за ледяными стенами, где правда обернется лицом, которое он когда-то отверг.",0
834,"Во время подготовки к свадьбе в переполненном офисе незнакомец устраивает хаос, пытаясь выкрутить ситуацию. Его неожиданная связь с клиентом превращает рабочий день в цирк из нелепых происшествий. Вместо уютного планирования бракосочетания возникает хаотичная история, где каждый шаг — это шанс на смех и непредсказуемость.",1
835,"После трагедии, оставившей глубокий след, вдова-учитель возвращается на работу в университете, где сталкивается с нерешённым горем и попытками восстановить связь с семьёй. Её путь к примирению осложняется не только прошлым, но и непониманием близких, что заставляет её пересмотреть свои приоритеты и найти силы двигаться дальше.",2
836,"В отдалённом горном регионе, затопленном снегом, бывший спецназовец возвращается к прошлому, чтобы спасти мир от утечки секретов. Его путь преследуют не только враги, но и собственные сомнения, которые мешают найти искупление. Напряжённые схватки и технические угрозы заставляют его пересмотреть смысл жизни, когда каждая минута становится вопросом выживания.",0
837,"В тесных лабиринтах подземки он бежит, оставаясь на грани жизни и смерти, с каждым шагом вспоминая тень предательства, которое разрушило его прошлое. Армия профессионалов преследует его, но в хаосе подземки он пытается найти не только выживание, но и правду, утраченную в тумане прошлого.",0
838,"Он возвращается на остров, где всё началось, чтобы исправить прошлое. Скрытый убийца, разрушающий границы, заставляет его пересмотреть свои действия, а каждый шаг становится битвой между желанием искупить вину и страхом потерять контроль. В тропической гуще ждут не только враги, но и тени прошлого, которые не хотят уходить.",0
839,"В тихом субурбанном районе библиотекарь, привязанный к книгам и традициям, сталкивается с угрозой исчезновения любимого дела. Его усилия спасти бизнес осложняются тайной предательства, которая разрушает доверие и вынуждает идти на жестокие выборы. В каждой странице — тень утраты и слабая надежда на искупление.",2
840,"Бывший заключенный, освободившийся из тюрьмы, ведет тайную миссию — спасти ученого, которого похитили на тропическом острове. Его путь осложняется разрывом связи с внешним миром и тенью неисправленной предательства, которая таит в себе тайну, связанную с его прошлым. В одиночку он сражается с врагами, но каждый шаг пронизан болью несправедливости и жаждой возмездия.",0
841,"Фабричный рабочий сталкивается с тяжелым выбором — заботиться о больном отце или бороться за собственное будущее. В тишине горного городка накаляется тихая борьба между поколениями, где каждый шаг наполнен болью и неопределенностью. Семейные узы и неразрешенные обиды становятся основой для непростого пути к примирению.",2
842,"В центре, где секреты угрожают разрушить всё, он бежит, преследуемый непримиримыми охотниками. С каждым шагом вспыхивает мучительная память — разрыв между ним и тем, кто остался дома. В бой вплетается не только страх, но и тень прошлого, которую невозможно оставить позади.",0
843,"Он стоит на границе, где каждая секунда может изменить судьбу миллионов. Нужно проникнуть в секретную лабораторию, где технологии превращают страх в оружие, но без связи с командой и сомнения в себе он рискует потерять контроль. В его прошлом тени скрывают обман, который теперь возвращает его к лжи и опасности.",0
844,"Марк, неуклюжий курьер, врывается в шумную квартирку, где каждый день превращается в хаос. Его неловкость только усиливается, когда секрет о прошлом вдруг выходит из-под контроля — он случайно становится участником местного театрального проекта. Вместе с соседями он пытается сохранить лицо, но комедия превращается в непредсказуемый танец с собственными ошибками.",1
845,"Мэр маленького городка борется с хаосом, неожиданно оказавшись в центре семейного скандала, который выходит из-под контроля. Его скрытая жизнь в тени официальных обязанностей начинает раскрываться, когда репутация и личные тайны сталкиваются с непредсказуемостью собраний. В переполненном офисе смех и напряжение переплетаются, превращая ситуацию в сложную игру, где каждый жест может стать поворотом судьбы.",1
846,"Она приехала в тихий прибрежный поселок, чтобы начать новую жизнь, но старые обиды и разочарования всплывают в самый неподходящий момент. Напряжение между прошлым и настоящим захлестывает её каждый день, когда тишина моря становится зеркалом её неуверенности. В поисках смысла она сталкивается с тем, что даже в спокойном окружении невозможно убежать от собственных теней.",2
847,"Молодой музыкант, уставший от безысходности, возвращается в родной горный поселок, где надежда на примирение с семьёй тает под тяжестью скрытой обиды. В тишине улиц и холодных окон он обнаруживает, что истинная боль — не в прошлом, а в том, каким стал.",2
848,"Международный курьер вынужден защитить ключевого свидетеля, угрожаемого вооруженными меценатами на тропическом острове. Пока он борется с врагами, внутренние сомнения и потеря доверия подрывают его уверенность, превращая каждую минуту в битву за выживание и честь.",0
849,"Вдова-учитель, столкнувшись с тяжелым заболеванием, пытается восстановить связь с семьей в условиях переполненного жилого комплекса. Внутренние конфликты и эмоциональные переживания усиливают меланхолию, превращая каждый день в испытание. Личные утраты и страх потерять остаток жизни заставляют её пересмотреть ценности, но путь к примирению омрачен тишиной и непониманием.",2
850,"Он бежит по скользким тропам, где каждый шаг — битва за жизнь. Снег скрывает следы, а дроны не дают передышки, преследуя его в тумане. Внутри гниет уверенность, разрушая связь с тем, кто когда-то верил в него.",0
851,"Она возвращается к жизни после потери супруга, но финансовые трудности и тяжесть горя заставляют её пересмотреть свои приоритеты. В реабилитационном центре, где обретают силы, она сталкивается с новыми вызовами, которые заставляют её пересмотреть свои убеждения и найти в себе силы двигаться дальше.",2
852,"Молодой музыкант, терзаемый неудачами и сомнениями, втягивается в ловушку непростого обмана. В попытке выжить в мире, где успех кажется недостижимым, он соглашается на поддельную связь, которая раскрывает неожиданные слои его собственной жизни. В хаотичном пространстве торгового центра абсурдные ситуации переплетаются с реальными переживаниями, поднимая вопросы о честности, идентичности и цене компромиссов.",1
853,"Одинокий курьер, привыкший к хаосу доставок, случайно попадает в неловкую ситуацию, когда его вынуждают притворяться парнем в романтическом сериале. Постоянные недоразумения и нелепые ситуации на фоне шумного пляжного курорта заставляют его пересмотреть понятия любви и профессионализма. В итоге он обнаруживает, что даже в самых нелепых обстоятельствах можно найти смех и немного смысла.",1
854,"В тесной квартире, где шум соседей и запахи готовых кушаньи переплетаются с тоской, подросток борется с тяжестью ответственности. Каждый день — лекарства, молчаливые разговоры и страх, что однажды его не станет. В глазах усталости и непонимания скрывается боль, которую никто не видит, но каждый чувствует.",2
855,"В пустынном городе на границе ждут ответа, но связь прервана, а время истекает. Бывший контрабандист, преследуя тени прошлого, возвращается к месту, где исчезла экспедиция, оставив пустые следы и разрушив доверие. Каждый шаг — битва с собственными сомнениями и тенями, которые не дают покоя.",0
856,"Он возвращается к темным делам, чтобы спасти человека, чья правда может разрушить всё. В лабиринтах секретной лаборатории каждая минута — битва за выживание, а прошлое не даёт покоя. Его тенью становится неизвестный убийца, чья цель — уничтожить доказательства, но в сердце остаётся боль за предательство, которое всё ещё жжёт.",0
857,"Молодой музыкант, который не может найти свой путь, случайно вовлекается в странный локальный фестиваль, где традиции выходят из-под контроля. Его родители, не желающие видеть его в творческом хаосе, пытаются вмешаться, создавая неожиданные повороты. В результате он обнаруживает, что баланс между амбициями и реальностью может быть более сложным, чем казалось.",1
858,"На борту грузового судна в открытом море лидер группы ретроградных бойцов борется с хаосом и собственными сомнениями, пытаясь вырвать из тисков преступников ученого, чья работа может изменить мир. Время течет, а давление со стороны властей и таинственная тьма океана подрывают его веру в победу, превращая каждую минуту в битву не только за жизнь, но и за смысл.",0
859,"Международный курьер втягивается в тайный расследовательский проект, который раскрывает скрытые связи между правительственными структурами и преступными кругами. Его путь становится жестоким испытанием, когда доверенные коллеги начинают действовать против него, а каждый шаг угрожает разрушить его личную жизнь. В условиях неизбежного риска он сталкивается с вечным вопросом: стоит ли бороться за правду, если это означает потерять себя.",0
860,"Молодой музыкант, борющийся за признание, попадает в нелепое соревнование в летнем лагере. Его абсурдные попытки выжить в несправедливой игре приводят к неожиданному вирусному успеху, который меняет его жизнь. В смешных ироничных моментах он узнает, что иногда шанс на славу рождается из хаоса.",1
861,"На изолированном тропическом острове инспектор по цифровым преступлениям ввязывается в ловушку, где каждый шаг может стать последним. Секретная сеть заговора угрожает разрушить мир, а нарастающий конфликт между армиями превращает остров в поле боя. Его мотивация — не только остановить хаос, но и искупить прошлое, оставившее шрамы на душе.",0
862,"Учитель, который в реальной жизни не может поддержать разговор, случайно становится звездой интернета, его неловкие видео вирусными. В офисе, где все симулируют идеальную жизнь, он вынужден скрывать тайну, что его популярность — это не шутка, а отражение искренности, которую никто не ожидает.",1
863,"После кризиса карьеры безработный архитектор отправляется в отдалённое село, где надежда на новую жизнь тает под тяжестью тишины и непонимания. Он пытается найти смысл в простоте деревенской жизни, но разрушение старых устоев и отчуждение от прошлого заставляют его пересмотреть свои ценности. В каждом вздохе чувствуется тоска за утраченным порядком и страх перед неизвестностью.",2
864,"Повар, живущий в мире своих рецептов и хаоса, случайно попадает в вирусный тренд, превратившись в интернет-звезду. Его путь к славе осложняется попытками родственников вмешаться в личную жизнь, смешивая драматические моменты с ироничными диалогами. В локальной телестудии он должен найти баланс между амбициями и семейными обязательствами, где каждый кадр становится как бы сценой для смешных и трогательных столкновений.",1
865,"Молодой адвокат приезжает в отдалённый сельский район, чтобы спасти умирающий бизнес. Его миссия осложняется личным страхом, что его оставят в стороне. В напряжённой атмосфере он сталкивается не только с юридическими, но и эмоциональными вызовами, где каждый шаг становится испытанием для души.",2
866,"Он возвращается в мир, где каждая минута — битва за правду. Внутри секретного центра, охваченного тайнами, он сталкивается с опасным картелем, который скрывает коррупцию в правительстве. Желание искупить вину становится движущей силой в его стремлении раскрыть правду, несмотря на риски, которые ждут его на каждом шагу.",0
867,"Учитель, страдающий от неловкости в общении, получает в наследство увядший аттракционный парк, который становится не только испытанием для его нервной системы, но и местом, где случайно оказывается бегущее животное. В условиях коллегиума, где каждый студент — как собственный сериал, он вынужден найти баланс между абсурдом и попыткой спасти проект, не утратив свой уникальный стиль.",1
868,"Пилот вертолета ввязывается в адреналиновую гонку за правду, когда его преследует теневой убийца, преследующий тени подземных тоннелей. Внутренние раны прошлого заставляют его сомневаться в каждом шаге, но только через страх и жестокость он может раскрыть тайны, скрывающиеся в темноте.",0
869,"Молодой детектив впервые ставит на карту свою жизнь, чтобы раскрыть тайны тайного клуба, который угрожает всему миру. В лабиринте секретных лабораторий и подпольных операций он сталкивается с безжалостными врагами, которые не жалеют ни своих, ни чужих. Постепенно он теряет веру в коллег, а в сердце остаётся лишь один вопрос: стоит ли продолжать борьбу, если цена слишком высока.",0
870,"В отдалённом сельском посёлке библиотекарь, долгие годы хранивший книги и молчание, сталкивается с тихим сопротивлением соседей, которые видят в нём угрозу для традиций. Пытаясь найти смысл в изолированной жизни, он обнаруживает, что даже самые старые страницы могут раскрыть новые пути.",2
871,"Студент колледжа возвращается в семейный кафе, где сталкивается с давлением общества и стремлением восстановить связь с родными. Внутренние конфликты и несоответствие ожиданий приводят к напряженным моментам, но в сердце остаётся искренность и надежда на примирение.",2
872,"После ухода из цирка бывший колдун решает открыть собственную компанию, несмотря на отсутствие опыта. Вместе с ним в офисе появляется завистливый сосед, который не оставляет шансов на успех. Смешные приключения и неожиданные повороты делают из этого хаоса увлекательную историю о смелости и человеческой глупости.",1
873,"Молодой музыкант, потерявший веру в себя после провала карьеры, возвращается на университетский кампус, где надеется восстановить разрушенные отношения с бывшей возлюбленной. В тишине лекционных аудиторий и среди студентов он ищет смысл, но каждый шаг наполнен неуверенностью и болью прошлого. Несмотря на тяжесть потерь, в его глазах появляется искра надежды, что душа может исцелиться, даже если сердце не готово к искуплению.",2
874,"Он бежит от прошлого, преслуженный тьмой и сомнениями, но в руках — ключ к разгадке, которую не может оставить без внимания. На борту грузовика, где волны бьют в бок, он сталкивается с выбором: спасти себя или спасти то, что осталось от веры. Море и вспышки оружия — его последние шансы на искупление.",0
875,"Безработный архитектор, теряя связь с реальностью из-за неизгладившейся боли, решает защитить девушку, чья жизнь напоминает ему о том, что он упустил. На фоне университетского кампуса, где время течёт медленнее, он сталкивается с собственными обидами и пытается найти в хаосе смысл, который может спасти не только её, но и себя.",2
876,"После неожиданного наследования закатывающегося аттракционного парка в сердце подросткового центра, бывший курьер с неуверенными движениями пытается спасти проект от банкротства. Его путь пересекается с амбициозным конкурентом, который не собирается уступать, даже если это означает вмешательство в личную жизнь. В итоге преобразовав унылый комплекс в место, где смех и восторг переплетаются, он обнаруживает, что настоящий успех — это не просто победа, а возможность найти радость в хаосе.",1
877,"После побега из тюрьмы бывший заключенный преследует тенистые тропы тропического острова, чтобы найти пропавшую экспедицию. Каждый шаг преследован сомнениями, когда местные власти, вовлеченные в скандал, мешают разгадке. В борьбе с природой и манипуляциями он сталкивается с разрушением доверия, которое превращает его вдруг в врага самого себя.",0
878,"Стареющий врач приезжает в тихий горный город, чтобы начать новую жизнь, но тень прошлого не даёт покоя. Пытаясь найти смысл в повседневности, он сталкивается с нерешённой болью утраты, которая проникает даже в самые уютные закоулки этого места. В холодных утренних ветрах и тихих улицах он ищет способ искупить вину, но каждый шаг напоминает о том, что некоторые раны не заживают.",2
879,"Молодой студент, столкнувшись с кризисом в семейном бизнесе, принимает решение вернуться в место, где всё начиналось — реабилитационный центр. Его борьба с собственными страхами и искренними чувствами к женщине, которая помогает ему, становится драмой в тонком балансе между прошлым и настоящим. В каждой молчаливой встрече и нерешённой тайне чувствуется тяжесть утрат и надежда на исцеление.",2
880,"Он потерял веру в себя, но не в победу. Снежные вершины, где пропала экспедиция, становятся как зеркалом его собственных страхов — и не только. Каждый шаг в тумане преслуживает тень брата, чьи слова звучат как предательство, а дроны, охраняющие тайну, — как символы его собственной разрушившейся морали.",0
881,"Бывший спортсмен, разочарованный в прошлом, сталкивается с тяжелым заболеванием, которое заставляет его пересмотреть отношения с близкими. В тишине подросткового квартала он ищет способ искупить ошибки, но каждый шаг наполнен болью и неопределенностью. Внутренние конфликты и страх смерти превращают его путь в глубокое погружение в свои чувства и искренность.",2
882,"Он бежит, но не от прошлого — от будущего, которое вдруг стало слишком близко. В руках — ключ к свободе, в сердце — страх, что он не успеет. В тени лабиринта секретных лабораторий и гонки с тенями, которые не дают ему дышать, он узнаёт, что свобода стоит не только крови, но и веры в себя.",0
883,"В унылых переулках разрушающегося промышленного города безработный архитектор возвращается к родным, чтобы исправить разорванные связей. Его усилия сталкиваются с сопротивлением соседей, которые борются за будущее родного места, но в каждом споре просыпается надежда на общий выход.",2
884,"Он стоит на краю разрушений, сражаясь с бурей, которая захлестывает лабораторию. Внутри него бушует борьба — вина за прошлые ошибки и страх потерять всё. Каждый шаг в темноту становится испытанием, где только он может определить, что действительно важно.",0
885,"После травмы, изменившей его жизнь, бывший спортсмен попадает в реабилитационный центр, где сталкивается с прошлым и ищет новое предназначение. Внутренние переживания и меланхоличная атмосфера подчеркивают его борьбу с потерей цели и стремлением к исцелению.",2
886,"Мэр маленького городка, привыкший к порядку, вдруг оказывается в запутанной истории, где его скромная жизнь пересекается с секретными делами, скрываемыми за стенами старого телевизионного студия. Каждый день приносит новые неприятности: нервозные соседи, непонятные звуки из стен и тайные встречи, которые заставляют пересмотреть понятие приватности.",1
887,"Международный курьер получает задачу вернуть украденные документы, но в тени заброшенной военной базы его ждут неожиданные испытания. С каждым шагом он сталкивается с тенью загадочного убийцы, чьи действия подрывают его доверие к властям, которые настойчиво требуют выполнить задание, несмотря на риски.",0
888,"Молодой детектив, впервые столкнувшись с критической ситуацией, бросается в бой за раскрытие тайной, которая угрожает всему городу. В условиях разрушающейся платформы и бушующего шторма он должен преодолеть не только врагов, но и собственное сомнение, когда доверие между командой рушится.",0
889,"В роскошном отеле, где каждый деталь подчинен идеалам идеального свадебного торжества, хаотичный организатор свадьбы борется с катастрофой, которую он сам же спровоцировал. Его враг — амбициозный конкурент, который не только пытается испортить праздник, но и разоблачить его секрет. Сатирический взгляд на безумие, которое случается, когда мечты о счастье сталкиваются с реальностью.",1
890,"Учитель, который долго чувствовал себя чужаком в мире, находит неожиданную связь с людьми, когда наследует рухающий аттракционный парк. Его попытки спасти проект превращаются в цепь смешных казусов, вплетая в историю съёмки местного телевидения. Весёлые нюансы и искренние моменты помогают ему обрести уверенность, превращая хаос в возможность стать частью чего-то большего.",1
891,"После трагедии, разрушившей его жизнь, бывший охранник возвращается в подземные тоннели, где скрывается преступная сеть. Его путь к раскрытию правды сталкивается с оружем и тьмой, а каждая минута — битва между прошлым и настоящим.",0
892,"Аспирант инфлюенсер пытается привлечь внимание через креативные идеи, но случайно ввязывается в поддельную романтику с местным бизнесменом. Водный пиршество на пляже превращается в хаос, когда его планы рушатся, а искренность вынуждает пересмотреть цели. В смешных ситуациях рождается неожиданная связь, смешивая иллюзии и реальность.",1
893,"Мэр маленького города случайно становится интернет-звездой после неожиданного поступка, который вызывает смех и недоумение. Его неловкое положение осложняется завистливым соседом, который пытается уничтожить его репутацию, но в итоге попадает в ещё более нелепую ситуацию.",1
894,"После спасательной операции в горах молодой спасатель возвращается в город, где случайно сталкивается с тайной, связывающейся с высшими чиновниками. Его попытки выяснить правду останавливает отсутствие связи, а страх провала заставляет сомневаться в собственных силах. В условиях замерзшего промышленного порта каждое действие становится шагом к разоблачению скрытой системы.",0
895,"Бывший спортсмен возвращается в небольшой горный город, чтобы восстановить отношения с семьей, но сталкивается с скрытым предательством, которое разрушает его надежды. Во время путешествия он сталкивается с лицом прошлого, где каждая встреча и разговор раскрывает сложные эмоции, но в сердце остаётся надежда на примирение и искупление.",2
896,"Страдающий музыкант, борющийся за признание, возвращается в знакомое пространство, где его прошлое вновь обрушивается на него. Каждая нота его музыки сталкивается с тенями прошлого, и лишь искренность может раскрыть путь к прощению. В переполненном жилом комплексе тишина звучит громче, чем шум, и каждый момент наполнен незабываемыми эмоциями.",2
897,"В отдаленном пустынном городе на границе международный курьер вовлечен в опасную миссию. Его расследование коррупции в правительстве сталкивается с сопротивлением опасного картеля и давлением со стороны властей. Каждый шаг приносит новые риски, но он не отступает, ища правду в тени тьмы.",0
898,"Одна из жертв войны, оставшись вдовой, борется с одиночеством в шумном подъезде, где каждый день напоминает о прошлом. Тяжелая болезнь заставляет её пересмотреть ценности, но в хаосе соседей и собственных страхов рождается тихая надежда на связь. В тени мрачных стен она ищет смысл, пока не понимает, что даже в безысходности можно найти свет.",2
899,"Журналист, скрывавшийся в тени, пытается покинуть секретную лабораторию, окружённую оружейными отрядами. Его путь к свободе преслутает прошлое — тяжесть ошибок, которые он пытается искупить. В каждой схватке он ищет не только выживание, но и шанс вернуть себе достоинство.",0
900,"Он ухаживает за тяжелобольной матерью, но каждый день приносит новые тревоги — работа уходит, а дом наполняется шумом соседей и тишиной, которая не снимает боль. В переполненном жилом комплексе он пытается сохранить равновесие между заботой о родителе и собственными мечтами, но каждый шаг кажется потерянным в хаосе будней.",2
901,"Пилот вертолета в одиночку борется за выживание, когда его преследуют силы, в которых он сам когда-то верил. Снег, ломающий видимость, и предательство внутри команды заставляют его пересмотреть свои убеждения. В каждой поворотной ледяной тропе он сталкивается с собственными страхами, пытаясь искупить прошлое, которое теперь преследует его с новой силой.",0
902,"Молодой музыкант, потерявший веру в себя, берётся организовать семейную встречу, надеясь восстановить отношения. Но хаос, неловкие ситуации и провальная церемония на пляже заставляют его пересмотреть свои приоритеты. В итоге он понимает, что настоящие связи не строятся на идеальных планах.",1
903,"В условиях грозящего катастрофой морского платформы, где стены трещат, а ветер грохочет, одинокий расследователь киберпреступлений борется с собственным страхом провала. Его путь — проникнуть в хаос, где каждый шаг может стать последним, и спасти мир от взрыва, который угрожает разрушить всё на пути.",0
904,"После увольнения с работы учителя с неловким видом переезжает в шумное жилище, где каждый день становится более непредсказуемым. Его сосед, амбициозный коллега, превращает пространство в поле битвы, где каждая мелочь становится источником напряжения. В переполненном офисе смешения и неловкости превращаются в хаотичные ситуации, где даже неловкость приносит утешение.",1
905,"Мэр маленького городка решает открыть кафе на берегу, несмотря на отсутствие опыта. Его планы осложняет завистливый сосед, который пытается уничтожить начинания, но каждый провал лишь усиливает уверенность героя. Вместе с шумом и смехом туристов вьется лёгкая драма, где каждый день становится поводом для новых приключений.",1
906,"Одинокий писатель прибывает в реабилитационный центр, чтобы найти ответы на вопросы, которые давно остались без решений. Внутри себя он ищет правду, которая скрывается за лицемерием, и каждый день становится драматичным испытанием для его разума и сердца. В тишине обрываются нити прошлого, а в каждом вздохе — тень несбывшихся надежд.",2
907,"Он выжил, но не выбрался из тюрьмы. В холодном порту, где лед кричит о прошлом, он пытается спасти свидетеля, чьи слова могут разрушить всё. Каждый шаг — битва с собственными тенями, а связь с ним прерывается, как лед под ногами. Внутри — гнев, боль и тень несправедливости, которая не отпускает.",0
908,"После успешной спасательной операции в ледяном порту, где промышленные мачты выступают из моря как острые кости, герой обнаруживает скрытый скандал, связанный с коррупцией. Но изоляция и отсутствие связи с внешним миром заставляют его бороться не только с врагами, но и с собственным страхом потерять контроль над ситуацией.",0
909,"В унылых стенах заброшенной военной базы подводный инженер борется за выживание, преслуженный коррупцией и тенью прошлого. Его путь к свободе омрачен не только угрозами, но и тяжестью нерешенной предательства, которая душит каждую мысль. В тишине разрушенных коридоров он ищет выход, но не знает, стоит ли верить себе или оставаться в плену собственной тьмы.",0
910,"Воспоминания о прошлом возвращаются к бывшему контрабандисту, который пытается уйти из закрытого региона, окружённого дронами. Его путь через подземные тоннели становится трагическим испытанием, разрывая связь с близким человеком. Каждая секунда — битва за выживание и прощение, где страх и надежда переплетаются в тени метрополитена.",0
911,"Подросток, прибывший из другой страны, сталкивается с трудностями в новой среде, но находит в себе силы искать смысл жизни. В условиях нехватки денег и переполненного жилья он пытается прорваться к лучшему будущему, несмотря на все препятствия. Его путь — это борьба за надежду, которая таится даже в самых тесных и тяжелых условиях.",2
912,"В тревожной атмосфере океана, где каждый волна может стать смертельным ударом, спасательный вертолетчик сталкивается с невероятной задачей — защитить ключевого свидетеля, который находится на борту грузовика. Недостаток ресурсов и постоянная угроза извне заставляют его бороться не только с внешними врагами, но и с собственным страхом провала, который может привести к катастрофе.",0
913,"Самовлюбленный студент наследует руины разваливающегося аттракциона, который должен стать его путеводителем к успеху. Его планы превращаются в хаос, когда вместо восторженных детей — паника и смешные катастрофы, а летний лагерь превращается в цирк изобретений. В каждой сценической сцене — баланс между безумием и неожиданной искренностью, которая заставляет смеяться, даже если сердце болит от провала.",1
914,"Молодой иммигрант, переживающий отчуждение и тревогу из-за страха быть брошенным, пытается найти связь с семьёй в тихом прибрежном поселке. Сквозь унылые пейзажи и тихие улицы он ищет ответы, но каждая встреча напоминает о прошлом, оставляя в душе незабвенные следы.",2
915,"Стремительный ритм жизни захлестывает музыканта, который вдруг оказывается в запутанной квартире на окраине магазинного центра. Его путь пересекается с агрессивным конкурентом, который превращает каждый момент в битву за внимание. Абсурдные ситуации и неожиданные повороты делают этот путь к успеху каким-то странным, но вдохновляющим.",1
916,"Телохранитель возвращается с морского рейса, где исчезла экспедиция, и теперь сталкивается с загадочными следами и молчаливыми местными властями, утаивающими правду. Внутренний конфликт с братом, который уехал в тот самый рейс, заставляет его пересмотреть свои убеждения и рискнуть жизнью, чтобы раскрыть тайну.",0
917,"На тропическом острове, где бескрайние леса прячут тени, телохранитель в одиночку ищет пропавшую экспедицию, теряя связь с миром за пределами острова. Каждый шаг превращается в битву с собой, когда сомнения и разочарование глотают надежды, а шепот ветра становится голосом, который не отпускает.",0
918,"Неудачливый бухгалтер решает открыть бизнес в окружении магазинов и киосков, не зная, как управлять им. Серия нелепых совпадений превращает его мечты в хаос, где каждый шаг кажется неловким, а планы — слишком смелыми. В попытке выжить в этом мире он сталкивается с абсурдом, который заставляет пересмотреть свои приоритеты.",1
919,"Бывший пожарный возвращается к работе, чтобы спасти жизни на разрушающейся платформе, но его путь омрачает внутренние сомнения и личный конфликт с братом. В условиях хаоса он сталкивается с предательством внутри команды, где каждый шаг становится рискованным, а верность вызывает сомнения.",0
920,"В тесных лабиринтах подземных тоннелей он ищет правду, не зная, кто из тех, кто верит ему, может предать. С каждым шагом в темноту растет давление со стороны тех, кто хочет увидеть его сброшенным с доски, но он не отступает — даже если это означает разрушить всё, что когда-то было важно.",0
921,"Среди шума и суеты нового города, писатель, потерявший веру в свою карьеру, пытается найти в себе силы, чтобы начать заново. В узком подъезде, где каждый шаг эхом отражает его внутренние сомнения, он сталкивается с тишиной, которая не дает ему уйти от прошлого. Каждый день становится испытанием, но в этом хаосе он ищет маленький свет, который может вернуть ему надежду.",2
922,"Алексей, несчастливый курьер, пытается организовать семейное собрание, но его неловкость и непредсказуемые события превращают вечер в хаос. Животная ревность соседа и неожиданные сцены в коммунальном театре добавляют напряжения, но с юмором. В итоге все сходится к неожиданному финалу, где смех и слезы становятся частью семейного наследия.",1
923,"В узком пространстве переполненного дома он чувствует, как одиночество сжимает грудь, но не может уйти от мысли о том, что оставил семью позади. Каждый шаг к родным прерывается страхом быть брошенным, и в тишине шумных коридоров он ищет способ вернуть то, что утерял — не только связь, но и веру в себя.",2
924,"Молодой иммигрант, прибывший в тихое прибрежное село, борется с отчуждением и разочарованием в своей новой жизни. Его попытки найти место в обществе сталкиваются с неудачами, которые разрушают надежду на будущее. Фильм исследует непростую дорогу к принятию себя и других, где тишина моря контрастирует с внутренними бурями.",2
925,"Молодой музыкант, потерявший связь с близкими, приезжает в заброшенную деревню, где пытается искупить вину, но его страх быть брошенным мешает найти искупление. В тишине сельской глубинки он сталкивается с собственными демонами, искренность и боль становятся ключом к прощению.",2
926,"В тесных подземных тоннелях, где каждый шаг уносит жизни, он бежит от тени, что сковывает его душу. Мир, который когда-то был его домом, теперь — плен, а сердце трепещет между надеждой и страхом потери. В переплетении лазерных лучей и шума рвущихся стальных дверей он пытается сохранить веру, но даже тень не прощает его ошибок.",0
927,"Он возвращается на тропический остров, где его ждут новые испытания, но связь с командой прервана. В одиночку он должен преодолеть ловушки и сомнения, чтобы спасти ученого, чья судьба висит на волоске. Прошлое не осталось позади — каждый шаг напоминает о выборах, которые он не смог изменить.",0
928,"Оверконфидентный студент, уверенный в своей безупречности, случайно втягивается в странный местный фестиваль, где его секретная двойная жизнь начинает раскрываться в условиях переполненного офиса. В попытке справиться с абсурдом он сталкивается с неожиданными поворотами, которые заставляют пересмотреть свои убеждения.",1
929,"Молодой студент, уверенный в себе до предела, случайно попадает в нелепую соревновательную игру в центре торгового центра. Его смешные попытки выжить превращаются в хаос, когда скрытый секрет — позор из школьных лет — начинает разоблачать его в глазах всех. В смешных ситуациях и непредсказуемых поворотах он учится смеяться над собой.",1
930,"В отдалённом пустынном городе на границе герой, бежавший из тюрьмы, ищет правду о скрытых связях власти. Его путь пересекается с штормом, разрушающим всё на пути, и тенью прошлого — неизвестным, кто когда-то предал его. Каждый шаг ведёт к разоблачению, но страх и сомнения мешают увидеть конец.",0
931,"В условиях хаоса, вызванного мощным ураганом, инспектор по расследованию киберпреступлений в одиночку бьется за раскрытие тайного мира, скрывающегося в подземных тоннелях. Но каждая минута становится битвой против времени и собственного разума, когда давление со стороны властей заставляет его пересмотреть свои убеждения и ценности.",0
932,"Он должен преодолеть собственную вину и предательство внутри команды, чтобы спасти ученого на обрушивающейся платформе. Каждый шаг — битва с собой и тем, что могло бы изменить судьбу. Вихрь воды и осколки металла становятся зеркалом его сомнений, где прошлое и настоящее переплетаются в молчаливой борьбе.",0
933,"После провала на съемках он вдруг оказывается в центре непрерывной цепочки абсурдных случайностей, которые превращают семейную встречу в хаос. Вместо уютного дома — ламповый свет студии, где каждый гость становится участником нелепого спектакля. Его душа, раздавленная неудачами, находит в этом неожиданную иронию, будто жизнь сама шутит над ним.",1
934,"Молодой амбициозный инфлюенсер решает открыть собственный бизнес, не имея опыта. Его попытки управлять люксовым отелем превращаются в хаотичную историю, где семья вмешивается, создавая неожиданные повороты. В смешных ситуациях он сталкивается с собственными мечтами и реальностью, пытаясь сохранить лицо.",1
935,"В центре исследований, защищённого сложными системами, лидер банды сталкивается с собственными переживаниями, оставшиеся после потери. Его погоня за выживанием превращается в тест на пределы, где каждая секунда становится битвой с собой и технологиями, которые поглощают тени прошлого.",0
936,"Молодой детектив в одиночку проникает в снежные пределы, где туман и ветер прячут тайны коррупции. Каждый шаг — битва с элементами, а доверие к коллегам рушится под давлением лжи. В холоде и тьме он ищет правду, но страх потерять контроль над собой становится самым страшным врагом.",0
937,"Он бросает все, чтобы спасти человека, чья жизнь висит на волоске. В хаотичной борьбе за выживание он сталкивается с предательством, которое разрушает доверие и подрывает его собственную решимость. На краю обрушивающейся платформы каждая секунда становится испытанием, а страх провала превращает его в жертву собственных сомнений.",0
938,"Мэр маленького городка решает открыть бизнес, не имея опыта, и вдруг его убеждает убежать домашнее животное. Вместе с ним он оказывается на кампусе, где смешные ситуации и неожиданные повороты делают его жизнь ярче. Смешные приключения и искренние моменты превращают этот путь в путь самопознания.",1
939,"Взрывы и шум разрушающейся платформы затихают, но сомнения не исчезают. Главный герой, привыкший к хаосу, теперь сталкивается с давлением властей, которые требуют срочной отчетности. Его выбор между спасением ученого и соблюдением неприкосновенности границ становится внутренним противоречием, осложняющим каждое движение в тумане угроз и неопределенности.",0
940,"Вдова-учитель возвращается в родной город, чтобы восстановить связь с семьей, но обнаруживает, что скрытые обиды и тайны разрушают доверие. В семейном кафе, где каждая чашка кофе хранит воспоминания, она сталкивается с неожиданным предательством, которое заставляет пересмотреть свои убеждения. Напряженность и боль сменяются тихим пониманием — как вспомогательные детали, так и эмоции, оставляющие след.",2
941,"Молодой учитель, терпевший неудачи в общении с учениками, случайно наследует унылый аттракционный парк в центре подросткового торгового центра. Чтобы спасти бизнес, он начинает вести двойную жизнь: дневник — строгий педагог, а ночью — агент секретной службы. Его попытки привлечь посетителей превращаются в хаос, где смешение реальности и фантазии заставляет пересмотреть понятия успеха и принадлежности.",1
942,"Он бросил пламя, но не оставил огонь внутри. В одиночку разыскивая правду, где тени укрывают преступников, его путь пересекается с лицом, которое когда-то было для него как родной. В заброшенном лагере, где каждая стена хранит секреты, он сталкивается с выбором: верить в то, что осталось в прошлом, или рискнуть всем, чтобы раскрыть лицо теней.",0
943,"В прошлом контрабандист, теперь брошенный в тени мегасити, возвращается к привычным делам, чтобы раскрыть преступную сеть, которая угрожает всему городу. Его путь пересекается с вооруженными меценатами, которые не намерены оставить следы. Каждый шаг превращается в битву между личной моралью и давлением властей, что превращает его в жертву собственной праведности.",0
944,"Молодой организатор свадьбы попадает в нелепое соревнование, где его наветренные планы сталкиваются с хаосом местных жителей. В маленьком туристическом городке каждая минута превращается в квест, где смешение культур и недопонимание рождает неожиданные эмоции. Пока неясно, кто победит — планировщик или случайность, но смех и драма в воздухе делают каждую сцену теплой и живой.",1
945,"Мужчина, бегущий от прошлого, оказывается в центре погони за террористами, которые готовят атаку на тропическом острове. Его путь к разгадке тайны осложняется дронами, которые следят за каждым шагом. Внутренний конфликт и вина за прошлые ошибки заставляют его сомневаться в каждом решении, но только он может остановить катастрофу.",0
946,"Молодой студент, уверенный в себе до предела, попадает в нелепую ситуацию: его вынуждают участвовать в ложной паре, чтобы завоевать внимание местных красоток. Вместе с ним в этом хаосе появляется амбициозный соперник, который не собирается уступать ни на шаг. В роскошном курортном комплексе смех, нелепые ситуации и непредсказуемые повороты делают каждую минуту яркой и душераздирающей.",1
947,"В центре внимания — лидер отряда, бегущий от собственного прошлого, в котором таятся тени убийств и разрушений. Снежные хребты, отрезанные от мира, становятся как тюрьмой, так и последним шансом на свободу. Каждый шаг превращается в битву с памятью и врагом, который не прощает ни одного промаха.",0
948,"Он возвращается в узкий мир, где каждый звук и взгляд напоминают о прошлом. В тесном подъезде, где живут его дети, он сталкивается с их непониманием. Пытаясь восстановить связь, он сталкивается с глубоким разрывом поколений, где искренность становится единственным путем к примирению.",2
949,"Он возвращается в подземные тоннели, где однажды допустил ошибку, которая привела к трагедии. Теперь его мотивацией становится не просто расследование, а исправление прошлого — в условиях, где связь с командой прерывается, а каждая секунда становится смертельной гонкой. В тени подземки он сталкивается с собственными страхами, но не сдается, ведь в его руках — шанс спасти жизни.",0
950,"В хаотичном ритме кулинарного безумия главный герой пытается собрать семью на университетском дворе, где каждый момент превращается в комичную ситуацию. Попутно ищут убежавшего кота, который словно волшебный проводник, ведет к скрытым эмоциям и нерешенным вопросам. В смешении суеты и искренности рождается неожиданная связь, которая переписывает правила семейного единства.",1
951,"Он бежит по темному коридору, каждый шаг превращается в бой за выживание. Приближающийся конфликт превращает подземные тоннели в ловушку, где прошлые травмы сталкиваются с настоящей угрозой. В тени разрушенных станций он ищет выход, но страх и память о потере заставляют его сомневаться, стоит ли бежать или остаться.",0
952,"Мэр маленького городка в бешеном темпе пытается скрыть ужасную ошибку, которая превратила его речь на городском собрании в нечто непонятное и нелепое. Он убежден, что все проходит незаметно, но его тайна — вовсе не шутка, а настоящая катастрофа, которая может разрушить его репутацию. В центре событий — местный торговый центр, где каждый шаг становится причиной новых неприятностей, а смех звучит как спасение.",1
953,"В увядающем промышленном городе бывший архитектор, потерявший работу, сталкивается с внутренним кризисом. Он пытается защитить близкого человека, но разрушающаяся экономика и собственное разочарование тянут его в пропасть. Каждый шаг становится борьбой с собственными страхами и утратой веры в будущее.",2
954,"После провального дебюта в театре он случайно попадает в вирусный тренд, превратившись в интернет-звезду. Пока пытается справиться с неожиданной славой, последовательность нелепых совпадений превращает его рабочий кабинет в хаотичный цирк. Вместо привычного рутины — шутки, провалы и дыхание на грани абсурда, где каждый день становится новой историей.",1
955,"После разрушительного провала в карьере спортсмен возвращается в маленькую горную деревню, где пытается найти покой, но прошлое не отпускает его. Тени прошлых ошибок и тяжесть собственной вины заставляют его пересмотреть смысл жизни, пока он не обнаруживает, что исцеление начинается с принятия, а не бегства.",2
956,"Она возвращается в знакомое место, чтобы найти силы, но каждый шаг напоминает о прошлом. В тишине кухни и запахах кофе она пытается справиться с болью, оставляя в сердце надежду на будущее. Старые кружки и тихие разговоры становятся путеводной звездой в поисках новых смыслов.",2
957,"Молодой детектив, только что прибывший в хаотичную мегаполис, сталкивается с непростой миссией — найти украденные документы, которые могут изменить ход событий. Его путь пересекается с загадочным убийцей, чья тень преследует его каждую ночь, заставляя пересмотреть свои выборы и лицезреть собственную вину за прошлые ошибки.",0
958,"Он прибыл в тихую деревню, оставив позади разрушенные мечты о спорте. Сквозь туман и одиночество пытается найти смысл в новой жизни, но прошлое не оставляет покоя. Каждый шаг вперёд сопровождается тоской, а будущее кажется слишком далёким, чтобы дотянуться.",2
959,"Молодой стартапер наследует умирающий аттракционный парк в уютном прибрежном поселке. В попытке спасти его он раскрывает скрытую двойную жизнь, которая добавляет непредсказуемости каждому дню. Смешные приключения и неожиданные союзники помогают ему найти баланс между мечтой и реальностью.",1
960,"Стивен, неуклюжий курьер, переехал в шумную квартиру, где каждый день превращается в цирк из непонимания и случайностей. В офисе он пытается совмещать работу с хаосом дома, где даже дверь может закрыться сама по себе. Все попытки устроить порядок превращаются в комичные провалы, а его доброта становится источником неожиданных курьезов.",1
961,"В тихом городке, где каждая книга хранит воспоминания, библиотекарь сталкивается с разрушением старых связей. Его путь к искуплению ведет к университетскому кампусу, где прошлые обиды и страх одиночества сталкиваются с возможностью начать заново. В тени старых зданий и среди шума студентов он ищет не только прощение, но и веру в то, что некоторые отношения могут восстановить, даже если время казалось окончательным.",2
962,"Неуклюжий курьер оказывается в центре абсурдного конкурса, где каждая ошибка превращается в катастрофу. Постоянные недопонимания и сложности с навигацией в роскошном отеле делают его путь к победе не только смешным, но и напряженным. С каждым шагом он сталкивается с новыми препятствиями, которые заставляют его пересмотреть свои убеждения и найти баланс между хаосом и порядком.",1
963,"Он бежал из тюрьмы, но теперь его преследует другая тюрьма — безысходность, в которой он застрял, пытаясь раскрыть тайну исчезнувшей экспедиции. На тропическом острове, где жара и джунгли прячут улики, его ждут не только враги, но и собственные сомнения, разрушающие связь с теми, кто остался верен.",0
964,"В условиях хаоса разрушающейся платформы он должен спасти свидетеля, но давление со стороны властей и угроза войны заставляют его выбирать между верностью и выживанием. Стремительные действия и тени угрозы окружены молчанием, а его внутренний конфликт осложняет каждый шаг.",0
965,"Бывший спортсмен, разочарованный в себе, возвращается в родной горный город, чтобы защитить родную дочь от угроз, исходящих из местного сообщества. В борьбе между личными чувствами и коллективными интересами он сталкивается с разрушительной силой прошлого и неуверенностью в будущем.",2
966,"Учитель, который вечно теряет слова в присутствии учеников, случайно выливает на себя купленный в магазине коктейль, а его нелепая попытка скрыть происшествие превращается в неожиданный хит интернета. Вместо осуждения он получает непредсказуемую поддержку, которая заставляет его пересмотреть свои представления о принятии и ошибке.",1
967,"Он возвращается в подземные тоннели, где тени прячут прошлое и будущее, чтобы исправить ошибку, которая разрушила его жизнь. Каждый шаг — битва с собственными страхами и тайной, которую документы скрывают, но которую он не может забыть.",0
968,"В тихом прибрежном поселке молодой музыкант ищет смысл жизни, но его одиночество усугубляется конфликтом с местным сообществом. Его путь к исцелению ведет через тонкие нити человеческих связей, где каждая мелодия становится не только отражением боли, но и шагом к пониманию. В тишине волн скрывается истина, которая может изменить судьбы тех, кто когда-то оставил её позади.",2
969,"В условиях ледяного порта, где каждый шаг — в бой, бывший пожарный должен пройти через собственное прошлое, чтобы остановить катастрофу. Несмотря на предательство в команде, он ищет правду, зная, что время — его главный враг. Эмоции и опасность переплетаются в каждой сцене, где каждый выбор может изменить судьбу всех.",0
970,"В новом городе он ищет убежище в уютном кафе, где каждый чашка кофе — это шаг к принятию жизни. Секретная болезнь тянет его к прошлому, а в глазах близких он видит не только страх, но и надежду. Мир раскалывается между болью и молчанием, где каждый момент — как последний шанс на счастье.",2
971,"Стареющий врач возвращается в тихое прибрежное село, чтобы ухаживать за тяжело больным родителем, с которым давно потерял связь. Пока борется с собственными страхами и непримиримой реальностью, он обнаруживает, что возвращение к прошлому может стать путем к исцелению и пониманию.",2
972,"Подводный инженер должен спасти ученого, украденного местными властями, превратившими подземные тоннели в ловушку. Война между верой в справедливость и разочарованием в человеческих моральных границах становится главным вызовом, когда каждый шаг превращается в битву за выживание и правду.",0
973,"Владелец небольшого ресторана в тихом районе сталкивается с угрозой, когда его близкий человек становится центром скандала между соседями. Напряженность растет, но в сердце героя осталась надежда на примирение. Каждый шаг превращается в битву за сохранение человечности в мире, где доверие разрушается.",2
974,"Когда ветер с горных вершин несёт запах дыма, и в ущелье вспыхивает огонь, бывший спасатель возвращается в прошлое, где его ждут не только ледяные ветра, но и тени прошлых ошибок. Заброшенная военная база, затерянная среди гор, становится ловушкой, в которую попали его попытки спасти тех, кто остался без помощи. Но коррупция местных властей и мрак прошлого затягивают его в бездну, где каждый шаг — это битва за чистую совесть.",0
975,"В тихом реабилитационном центре умирает старая боль, а в сердце бывшей медсестры — не прощенье, а тень прошлых ошибок. Ее руки, привычные к утешению, теперь сталкиваются с собственной несправедливостью, и каждый день становится испытанием для души. Вместе с пациентами она ищет путь к искуплению, но память не дает покоя, словно тень, которую невозможно отстранить.",2
976,"Непорядочный повар, вдруг оказавшийся владельцем обветшалого аттракционного парка, пытается спасти его, но его планы осложняются бегущим питомцем, которое превращает кампус в хаос. Паника, неловкие ситуации и попытки удержать контроль над происходящим делают каждый день новой трагедией, полной непредвиденных поворотов.",1
977,"В тихом, заброшенном селе, где время течет медленно, владелец заброшенного ресторана борется с неизбежной утратой. Его руки, привыкшие к теплу кухни, теперь сталкиваются с холодом долгов и безысходности. В каждой тишине он ищет прощение, но лишь эхо возвращается в ответ.",2
978,"В тихом прибрежном городке неприметная библиотекарь чувствует, как дыхание жизни ускользает сквозь трещины привычки. Каждый день стал напоминанием о том, что её существование — лишь тень от ожиданий, которые не дают расправиться с собственными мечтами. В одиночестве она ищет пробуждение, но даже самые смелые шаги тянут за собой тень сомнений и тревоги, оставляя в сердце не только остатки надежды, но и тяжесть несбыточных желаний.",2
979,"В ледяном порту, где тени тают в морской пыли, беглый заключенный ведет тайный расследование, преследуемый тенями прошлого. Его путь пересекается с родственником, чьи мотивы скрываются за ледяной маской, а каждый шаг приближает к развязке, где выбор между правдой и выживанием становится смертельным.",0
980,"Иммигрантский подросток, разочарованный в собственном пути, пытается спасти умирающий бизнес, в то время как в реабилитационном центре он сталкивается с собственными демонами. Меж тем, между надеждой на восстановление и тоской по утраченным возможностям его история становится напоминанием о том, как иногда борьба за себя и других может быть единственным способом найти смысл в хаосе.",2
981,"Он бежит по тропическим тропам, где каждый шаг уносит его дальше от преследователей и ближе к тайнам прошлого. Вина за прошлые ошибки преследует его, как волны, накрывая мысли, но в панике он находит силы прорваться сквозь ловушку. Время течет медленно, а страх сливается с надеждой, что он еще не потерял шанс.",0
982,"Студент, окончивший университет, возвращается в тихую прибрежную деревню, где его ждет одиночество и финансовые трудности. В поисках поддержки он сталкивается с неожиданными испытаниями, которые заставляют его пересмотреть свои ценности и найти силы в самой себе. Каждый день наполнен холодом и тишиной, но в сердце остаётся надежда на лучшее.",2
983,"Парень, уверенный в себе до неприличия, наследует погорелый аттракционный парк, который не может найти покупателей. В попытке спасти бизнес он втягивается в нелепые повороты судьбы, где каждый шаг превращается в хаос. В переполненном офисе он сталкивается с людьми, которые видят в его идеях только смехоту, но неожиданно обнаруживает, что абсурд — лучший способ найти выход.",1
984,"Одинокий спасатель в горах втягивается в тайну, которая может разрушить его жизнь. В заброшенной военной базе он сталкивается с опасным картелем, где каждая минута — битва за выживание и верность. Потеря доверия превращает его миссию в личную войну с собственными страхами и тайнами.",0
985,"Он бежит, но пустыня и тени прошлого не дают покоя. В отдалённом городе на границе ждут не только преследователи, но и те, кто когда-то был его товарищем. Каждый шаг — битва с собой, страхом провала и обрывом последней надежды.",0
986,"В центре истории — владелец кафе, который в одиночестве пытается найти смысл в повседневности. Когда конфликт между студентами и администрацией университета угрожает разрушить его уютное пространство, он начинает видеть в этом шанс для связи с людьми. В процессе он обнаруживает, что даже в самых сложных ситуациях можно найти свет в конце туннеля.",2
987,"Журналист, вернувшийся в опасное место, сталкивается с тьмой прошлых ошибок, которые теперь угрожают его жизни. В отдалённом пустынном городе, где тени тянутся к горизонту, он борется с вооружёнными группами, пытаясь раскрыть заговор, который может превратить мир в хаос. Его шаги превращаются в гонку против времени, где каждый момент наполнен страхом и надеждой на спасение.",0
988,"После смерти дяди бухгалтер получает унылый аттракционный парк на берегу моря, где каждый день превращается в хаос из непонимания и неожиданных поворотов. Пытаясь спасти бизнес, он сталкивается с идиотскими правилами, дурацкими клиентами и собственными ошибками, которые делают его жизнь похожей на сериал с отрицательным сюжетом.",1
989,"На острове, где тропические леса прячут тайны, лидер отрядов сталкивается с моральными дилеммами. Его миссия — раскрыть сеть преступников, но давление со стороны властей и угрозы со стороны вооруженных конкурентов вынуждают идти по тонкой грани. В каждой сцене чувствуется напряжение, смешанное с отчаянием и стремлением к правде.",0
990,"В тихой горной деревне, где время застыло в середине прошлого века, библиотекарь сталкивается с угрозой закрытия заветного учреждения. Скрывая тень прошлого, он пытается спасти место, которое стало для него и для жителей связью с тем, что когда-то потеряли. Каждая страница книги и каждый шаг по улице напоминают о том, что некоторые раны не исчезают, даже если мир вокруг меняется.",2
991,"Молодой детектив прибывает на тропический остров, где его ждет тяжелая миссия — остановить угрозу, скрывшуюся в тени плотины. Время течет, а каждая минута становится битвой между верой в себя и давлением со стороны властей, которые требуют жестких решений. Внутри него бушует борьба: страх за жизни людей против собственной нерешительности, превращающейся в грозную угрозу.",0
992,"Среднего возраста писатель, прибывший в новую городскую квартиру, погружается в хаотичную жизнь многоквартирного дома, где каждая стена и сосед напоминают о его изоляции. В поисках принадлежности к жизни он сталкивается с давлением общества, которое не даёт ему почувствовать себя дома. В тишине улиц и шуме подъезда скрывается тонкая грань между принятием и потерей себя.",2
993,"В переполненном мегаполисе, где улицы шумят и толкуются, одинокий офицер погружается в тайну украденных документов, которые могут разрушить всё. Его личный трауматизм и разрушительное доверие к команде превращают миссию в ловушку, где каждый шаг — это битва между верой и страхом.",0
994,"В условиях неизбежной войны журналист, скрывая свою личность, проникает в подземные тоннели, чтобы вернуть украденные документы. Его миссия осложняется не только угрозой конфликта, но и разрывом с близким человеком, чья вера в него теперь под сомнением. Каждый шаг в тенистых коридорах становится испытанием не только физическим, но и душевным.",0
995,"Самый опасный вор в цифровом пространстве сталкивается с невидимым врагом, который преследует его за украденные секреты. На изолированном острове, где каждый шаг — в бой, он должен преодолеть собственное сомнение, чтобы не потерять контроль над судьбой. В тени тропических пейзажей таится тайна, которая может разрушить всё, что он считал важным.",0
996,"Молодой музыкант, разочарованный в карьере, случайно становится центром внимания благодаря поддельному анонсу. Его сосед, завидуя слухам, пытается разрушить его репутацию, но смешные ситуации в театре превращают неловкость в дружбу. В итоге он находит вдохновение в неожиданном месте.",1
997,"Подводный инженер, разбившийся в прошлом, возвращается в горы, где снежные хребты скрывают тайну исчезнувшей экспедиции. Его путь пересекается с опасным картелем, который не желает, чтобы правда о прошлом вышла наружу. В тишине снежного леса он сталкивается с собственными страхами, и каждый шаг становится битвой не только с врагом, но и с тем, что когда-то оставил позади.",0
998,"Молодой основатель стартапа, застрявший между обязанностями и семейными обязательствами, решает устроить семейную встречу на кампусе университета. Вместо уютного общения начинается цепочка непредвиденных ситуаций, которая превращает обычный вечер в хаотичный спектакль. Случайная попытка снять момент на видео превращается в вирусный хит, заставляя персонажа пересмотреть свои приоритеты и найти баланс между личной жизнью и профессиональными амбициями.",1
999,"Неуклюжий курьер попадает в абсурдное соревнование, где его единственная надежда на победу — не уронить пакеты. Но когда в игре появляется бегущее животное, он начинает задумываться, что его неловкость может стать неожиданной сильной стороной. Вместо ужаса, в его глазах появляется озорная улыбка, потому что именно это может привести к неожиданному триумфу.",1
1000,"Он приезжает в новый город, чтобы открыть ресторан, но тени прошлого мешают адаптироваться. На университетском кампусе он сталкивается с незнакомой обстановкой и напряженностью, которые вынуждают его пересмотреть свои убеждения. В каждом повороте пути — тихая борьба с собой и ожидание, что мост к новому будущему будет построен из остатков прошлого.",2
1001,"Вертолетчик, привыкший к шуму и хаосу, получает необычную миссию — спасти свидетеля, чья информация может изменить ход событий. Но в тесных улицах мегаполиса каждая секунда становится смертельной, а тени надежды тают под огнем дронов. Внутренний конфликт его души — борьба с прошлым, который не даёт покоя, — превращает каждую стрельбу в шаг к искуплению.",0
1002,"Он, потеряв доверие, теперь должен спасти ученого, но коррупция и конфликт с родственником усложняют путь. В океане на грузовом судне он сталкивается с неожиданными трудностями, где каждая минута важна. Поверхность маскирует хаос, а личные тени преследуют его в бой.",0
1003,"Молодой амбициозный студент, уверенный в себе, наследует увядший аттракционный парк. В хаосе дел и неприятных сюрпризов он обнаруживает скрытый секрет, который может разрушить его планы. В переполненном офисе каждый день становится драматичным, но с юмором.",1
1004,"Повар, вечно теряющий ножи и забывая рецепты, случайно выходит на видео в интернете, где его неуклюжие штампы и хаотичный подход к кулинарии вирутизируются. Теперь его ждут приглашения в престижные рестораны, но настоящая беда — он скрывает, что работает в отеле официантом по ночам, а в дневное время подает блюда, которые никто не заказывает. В роскошном пространстве, где каждая деталь устроена по четкому плану, его неуместная энергия и двойная жизнь превращают службу в драматическую комедию, полную неожиданных поворотов.",1
1005,"В одиночку борясь с угасающим бизнесом, безработный архитектор возвращается в тихое прибрежное село, где его прошлое и страх брошенности тянут за собой. Каждый шаг — это битва между долгом и собственной неуверенностью, а молчаливые волны моря словно отражают его внутренний хаос. В тишине улиц и пустых складов он ищет смысл, который ускользает, как песок между пальцами.",2
1006,"Пенсионерка, привыкшая к уюту и порядку, сталкивается с неожиданным вызовом: тяжелое заболевание заставляет её пересмотреть привычный ритм жизни. В переполненном жилом комплексе, где каждый звук и запах напоминают о прошлом, она пытается найти силы, чтобы не только выжить, но и сохранить остатки тепла в сердце.",2
1007,"Молодой студент, уверенный в себе до неприличия, решает открыть бизнес в летнем лагере, не имея опыта. Его смелые идеи и непредсказуемые решения вызывают раздражение у соседа, который не готов мириться с его успехом. Вместе с абсурдными ситуациями и неожиданными поворотами история становится настоящим хаосом, где каждый день приносит новые смешные испытания.",1
1008,"Студент колледжа, сталкиваясь с тяжелым заболеванием, пытается справиться с личной потерей, живя в переполненном общежитии. В тишине шумного дома он находит силы, чтобы не сдаваться, но каждый день напоминает о неизбежности. Сквозь боль и отчуждение он пытается сохранить остатки тепла, которое осталось после ухода близкого человека.",2
1009,"Проклятый актер, потерявший веру в себя, попадает в безумную соревновательную программу на местном телестудии, где каждый эпизод превращается в хаотичный спектакль из непонятных правил и неожиданных поворотов. После серии нелепых совпадений он обнаруживает, что его путь к победе — это не просто конкурс, а громадный квест, где каждый шаг наполнен смехом, разочарованием и неожиданными открытиями.",1
1010,"В маленьком промышленном городе, где заводы закрылись, ресторан собственник пытается восстановить связь с семьёй, сталкиваясь с сопротивлением соседей. Его усилия превращаются в путь к пониманию, когда общий упадок превращает врагов в союзников. В конце надежда оживает в старых отношениях и новых возможностях.",2
1011,"В тишине шумного подъезда старшая медсестра вспоминает незабываемые воспоминания, которые застыли в сердце. Каждый день, превращаясь в ритуал, она борется с пустотой, оставшейся после ухода близкого человека. В глазах, отражающих одиночество, скрывается слабый свет надежды, который постепенно пробуждает в ней желание жить.",2
1012,"В тени подземных тоннелей одинокий охранник разгадывает загадку, скрывающуюся за масками. Его путь превращается в гонку с смертью, когда он сталкивается с вооруженными врагами, чья жестокость напоминает его собственные трагические воспоминания. Каждый шаг — это битва между прошлым и настоящим, где вера в правду становится единственным оружием.",0
1013,"В тихой провинциальной библиотеке каждая книга хранит историю, которую Линда пытается сохранить и для себя, и для отца, лежащего в постели. В семейном кафе, где соседи обсуждают новости, она сталкивается с непониманием: кто станет опорой, если она не справляется и с книгами, и с болью. Мир здесь не шумит, но в каждом вздохе — тень упущенных возможностей.",2
1014,"Журналист, скрывшийся в подполье, врывается в тенистые лабиринты подземки, чтобы раскрыть масштабную сеть преступников. Каждый шаг превращается в гонку с оружием и сомнениями, которые не дают покоя. В тесном пространстве тоннелей он сталкивается с тем, что доверие разрушает даже в самых темных уголках.",0
1015,"Импульсивный студент, уверенный в собственных способностях, наследует руины разрушающегося аттракционного парка, который не может привлечь ни одного посетителя. Его тайный дуэт с телевизионным продюсером ведет к хаотичным сценариям, где реальность и вымышленная драма переплетаются в вихрь абсурда. В попытке спасти парк он сталкивается с курьезными кризисами, которые заставляют пересмотреть свои убеждения и найти баланс между амбициями и реальностью.",1
1016,"В роскошном отеле, где каждая деталь должна быть идеальной, невероятно нервный организатор свадьбы борется с катастрофой, которую не смог скрыть. Его скрытая двойная жизнь и невероятная путаница в планах превращают торжество в хаос, где смех и слёзы смешиваются, а сердце сопереживает за каждого.",1
1017,"Она остается в тени урока, где голоса учеников замолкают, а в доме тишина сжимает сердце. Вечерами в семейном кафе она пытается спасти бизнес, но каждый выстрел в кассу становится ударом в надежду. В глазах клиентов — вопросы, а в душе — тишина, которая не отпускает.",2
1018,"Новый сосед устраивает кулинарный фурор в подъезде, где каждый этаж — это отдельная вселенная. Его попытки приготовить ужин превращаются в хаос, когда соседи вдруг начинают жаловаться на запахи, а магазины рядом вдруг закрываются на ремонт. В итоге он учится приспосабливаться, даже если это означает готовить на кухне в пустом зале.",1
1019,"В маленьком городке мэр решает переехать в роскошный отель, но вместо уюта сталкивается с хаосом, который оживляет старые квартиры. Недоброжелатель сосед, завидующий его статусу, превращает каждый день в непредсказуемый спектакль, где даже чистота теряет смысл. В смешении претензий и случайностей герою предстоит переосмыслить понятие порядка, пока не поймет, что истинная комедия — в умении смеяться над собственными ошибками.",1
1020,"Молодой иммигрант, переживающий одиночество в подъездах города, сталкивается с тайной предательством, которое разрушает его уверенность. В тишине улиц и холодных стен он ищет связь, но каждая встреча приносит новые боли. Постепенно он понимает, что истинная связь — в способности прощать и видеть в людях не только тень прошлого.",2
1021,"Молодой музыкант, потерявший связь с семьей, возвращается в родной пригород, чтобы исправить прошлое. Его путь к примирению осложняется нерешенными обидами и тяжестью прошлых потерь. В каждой ноте и слове скрывается не только музыка, но и непростой путь к пониманию.",2
1022,"После провала карьеры бывший спортсмен возвращается в узкий мир семейного уюта, где каждый уголок напоминает о потерянных связях. В тесном подъезде, где шум и запахи соседей переплетаются с воспоминаниями, он пытается восстановить то, что потерял, но каждый шаг напоминает о неизбежности прошлого.",2
1023,"В умирающем промышленном городе одинокий рабочий борется с собственными винами и ожиданием прощения от тех, кто остался. Его путь — не только восстановить доверие, но и найти смысл в разрушающемся мире, где каждый шаг тянет за собой тень прошлого.",2
1024,"Молодой блогер, мечтающий стать звездой интернета, неожиданно выходит на первый план после странного вирусного ролика. Его тайная жизнь в лагере под давлением соцсетей и неловких ситуаций раскрывается в смешных и непредсказуемых моментах. Вместе с ним в хаос вляпываются друзья, и каждый день становится новой прыжком между реальностью и виртуальным успехом.",1
1025,"Молодой адвокат приезжает в увядающий промышленный город, чтобы начать новую жизнь, но сталкивается с холодом социального неприятия и тяжестью прошлого. В каждой улице чувствуется напряжение между остатками былой мощи и бессилием перед переменами. Его усилия превращаются в тихую борьбу за место в мире, где прошлое не отпускает, а будущее кажется недостижимым.",2
1026,"Молодой музыкант, бьющийся за признание, случайно попадает в вирусный тренд, превратившись в интернет-звезду. Его неожиданная слава начинает рушить привычную жизнь, когда скрытый секрет выходит из-под контроля. На фоне абсурдных ситуаций на кампусе он сталкивается с тем, что честность и слава могут быть несовместимыми.",1
1027,"Он стоит на границе, где каждый шаг может изменить судьбу. Вместо привычного боя с незаконными мигрантами, его ждет нечто более тяжелое — раскрытие тайны, которая угрожает всей системе. Но внутри его команды скрывается предатель, и каждый момент приближает к краху, особенно на борту грузовика, плывущего по океану.",0
1028,"Молодой музыкант, терзаемый сомнениями и неудачами, неожиданно выходит из ниоткуда, когда его видео вирусным хитом становится. Теперь его жизнь превращается в хаос: родители требуют контроль, а коллеги на кампусе ведут себя как в сценарии из мемов. Смешные дилеммы и абсурдные ситуации вынуждают его пересмотреть смысл успеха и семейных обязательств.",1
1029,"Провалившийся актер, разочарованный в себе и мире, получает наследство умирающего амusement-парка на берегу моря. Его планы спасти бизнес разрушаются неприятным секретом, связанным с прошлым владельца, который теперь ждёт раскрытия. В хаотичной схватке между желанием вернуться к сцене и страхом перед позором он обнаруживает, что настоящая драма — в его собственной способности изменить судьбу.",1
1030,"Пока он пытается раскрыть тайные эксперименты, на горизонте надвигается война. Его прошлое возвращается, превращая каждый шаг в битву между правдой и собственной виной. В высокозащищённом центре исследований правда стоит в балансе с катастрофой, а его выбор — между спасением и сожалением.",0
1031,"Он бежал из тюрьмы, но теперь его преследуют не только враги, но и собственные сомнения. В бескрайних водах грузового судна, где связь прерывается, он пытается найти потерянную экспедицию, зная, что каждый шаг может стать последним. Давление со стороны властей и страх за тех, кого он обязан спасти, заставляют его выбирать между ложью и правдой, между выживанием и честью.",0
1032,"Молодой блогер, стремящийся к славе, вынужден притворяться влюбленным в амбициозную конкурентку, чтобы завоевать внимание поклонников. В хаотичном пространстве торгового центра их лживая драма перерастает в непредсказуемую сагу, где каждый жест — это битва за влияние. Попытки скрыть правду превращаются в комический калейдоскоп, где искренность теряет значение, а смех становится единственным способом выжить.",1
1033,"Молодой основатель стартапа вдруг оказывается в центре странных событий, связанных с местным фестивалем, где традиции переплетаются с абсурдом. Когда его питомец сбегает, а в лагере начинается цепочка непредвиденных обстоятельств, он вынужден пересмотреть свои приоритеты. В смешении хаоса и искренности рождается неожиданная связь, которая переворачивает его взгляд на жизнь.",1
1034,"Офицер границы ввязывается в критическую ситуацию, спасая ученого, украденного на рушащейся платформе. Приближающийся конфликт и разрушающаяся инфраструктура добавляют напряжения. Потеря доверия между героями и жертвами осложняет путь к спасению.",0
1035,"Бывший контрабандист возвращается в переполненный мегаполис, чтобы разоблачить скрытую коррупцию в правительстве. Он сталкивается с вооруженными милиционерами, которые защищают свои интересы, и каждый шаг превращается в сражение. Его личный трауматический опыт заставляет сомневаться в праведности своей борьбы.",0
1036,"Пилот вертолета врывается в подземные тоннели, где тени прячут угрозы и тайны. Связь прервана, а время тает, пока он борется с врагами, защищая секреты, которые могут изменить мир. Внутри него бушует борьба — между долгом и чувством, которое связывает его с близким, чья судьба теперь висит в балансе.",0
1037,"В тени подземных тоннелей он бежит, преслуженный огнём и тьмой, пытаясь спасти того, кто знает правду. Его руки дрожат не от страха, а от воспоминаний — тех, что заставили его стать тем, кем он сейчас. В каждой секунде — бой за выживание, но и за возможность снова поверить в свет.",0
1038,"Неуклюжий курьер, который случайно попадает в нелепую соревновательную программу на местном телевидении, должен выжить, несмотря на свой неловкий секрет. Его смешные попытки справиться с заданиями и неожиданные повороты событий делают это путешествие по-настоящему весёлым, даже если он не уверен, что всё ещё хочет быть на виду.",1
1039,"Он бродит по узким коридорам, где каждый звук эхом отражается от стен, словно напоминая о том, что утерянное невозможно вернуть. Воспоминания о прошлом — как тяжелые камни, давящие на грудь, но в глазах появляется искра надежды, когда он сталкивается с тем, кто тоже учится жить после потерь. В тесноте жилого комплекса эмоции кипят, а сострадание становится путем к исцелению.",2
1040,"Новый детектив, только что вышедший из академии, ввязывается в непростую ситуацию, защищая свидетеля, который может свернуть дела опасной картелью. В заброшенной военной базе каждая минута становится игрой на волосок, а давление со стороны властей заставляет его пересмотреть свои приоритеты. Внутренний конфликт между долгом и страхом превращает его в настоящую битву с самим собой.",0
1041,"Повар, живущий в хаосе, переехал в старый дом, где каждый уголок напоминает о прошлом. Его сосед, завистливый бывший коллега, начинает вмешиваться в его жизнь, создавая непредсказуемые ситуации. В переполненном офисном здании абсурдные события превращают повседневность в цирк, где смех и напряжение переплетаются до неожиданного кульминационного взрыва.",1
1042,"В мегаполисе, где каждый уголок охвачен хаосом, бывший контрабандист возвращается к прошлому, чтобы спасти свидетеля, который может изменить ход войны. Его путь пересекается с разрушительной силой, которая угрожает разрушить всё, что осталось от его души. В тени улиц и под звуки грохота он ищет искупление, но цена каждой победы — кровь и разрушения.",0
1043,"Лидер непризнанной группы сталкивается с невероятными испытаниями, пытаясь спасти ученого, украденного опасным картелем на изолированном острове. Время течет, а давление со стороны властей и собственные сомнения заставляют пересмотреть ценность жизни, ради которой рискуешь. Каждый шаг — битва между верой в себя и страхом потерять всё.",0
1044,"Новый детектив, еще не уверенный в себе, впервые сталкивается с тьмой, которая не просто скрывает преступление, но охватывает всю жизнь города. Его путь к раскрытию тайны превращается в битву против тех, кто готов уничтожить всё на пути, чтобы сохранить свои секреты.",0
1045,"Одинокий отец пытается справиться с личной болью, оставаясь в тени прошлого, где каждый день напоминает о утраченном. В умирающем промышленном городе он сталкивается с конфликтом между старыми устоями и стремлением к новому, что заставляет пересмотреть смысл семейных связей и собственного прошлого.",2
1046,"Он вернулся в прошлое, чтобы исправить ошибки, но теперь сталкивается с тьмой, которую не мог увидеть раньше. В заброшенном комплексе, где тени прячут убийц, его путь пересекается с тайной, которая разрушает всё, что он считал правильным. Доверие рушится, а каждый шаг становится выбором между прошлым и тем, что может изменить будущее.",0
1047,"В отдалённом горном регионе, окружённом снежными хребтами, отставной спецназовец сталкивается с неизбежной реальностью: его единственная возможность раскрыть тайную сеть преступников — это не только вернуться в прошлое, но и сражаться с самим собой. Каждый шаг вперёд угрожает погрузить его в бездну неуверенности, где страх провала становится сильнее, чем любой враг. В условиях изоляции и недостатка ресурсов он должен найти силы, чтобы не потерять контроль над своей судьбой.",0
1048,"Подводный инженер, разбившийся на острове после трагедии, должен раскрыть преступную сеть, угрожающую его жизни, несмотря на наступающий военный конфликт. Его прошлое, омраченное личной траумой, сталкивается с настоящим, где каждый шаг — битва за выживание и правду.",0
1049,"Молодой детектив прибывает на тропический остров, чтобы разобраться с исчезновением экспедиции, чья судьба висит в балансе между опасностью и тайнами. Внутри команды скрывается предательство, которое разрывает связь, заставляя его сомневаться в каждом шаге и каждом слове. В поисках правды он сталкивается с ловушками, где доверие становится редкой валютой, а каждый выбор — риск потерять не только жизнь, но и себя.",0
1050,"Студент колледжа возвращается в тихое прибрежное село, чтобы исправить разрушенные отношения, но страх брошенности мешает ему сделать первый шаг. В тишине волн и улиц, покрытых мхом, он сталкивается с собственными страхами, пытаясь найти ответы в прошлом, которое не отпускает.",2
1051,"После травмы, из которой не видно выхода, бывший спортсмен вынужден смириться с потерей прежней жизни. Его единственная цель — спасти девушку, чья судьба теперь связана с ним, несмотря на разрушение карьеры и отчуждение. На фоне тихих улиц университета и тенистых аллей скрывается трагедия, где страх и надежда переплетаются, как нервы перед решающим ударом.",2
1052,"Спецагент, разбирающийся с цифровыми преступлениями, возвращается к прошлому, чтобы раскрыть заговор, связанный с украденными секретными документами. Его путь ведет к затерянному грузовому судну в открытом море, где ожидает опасный картель, готовый уничтожить все доказательства. Внутренние переживания героя, связанные с личным трауматическим опытом, добавляют напряженность каждому шагу в этой теневой войне.",0
1053,"Педагог, страдающий от социальной неловкости, случайно попадает в странный местный фестиваль, который превращается в хаотичное шоу. Его непреклонный конкурент, мечтающий о славе, заставляет ситуацию выйти из-под контроля, когда они соревнуются за внимание зрителей в студии, где каждый кадр становится источником неожиданных смеха и эмоциональных взрывов.",1
1054,"Вдова, которая в прошлом была учителем, сталкивается с трудностями после потери мужа и пытается спасти умирающий бизнес, который оставил ему. Ее усилия осложняются конфликтом в сообществе, где жители не готовы принимать новаторские идеи, а реабилитационный центр становится местом, где она сталкивается с внутренними переживаниями и поиском нового смысла.",2
1055,"Мэр маленького городка наследует унылый аттракционный парк, который погружает в хаос. Вместе с ним приходит убегающий питомец, который превращает роскошный отель в центр неожиданных приключений. Смесь смеха и тревоги заставляет пересмотреть ценности, когда непредсказуемость животного сталкивается с жестокой реальностью увядания.",1
1056,"Он возвращается в родной район, где тишина и пыль напоминают о прошлом, чтобы исправить то, что не смог сделать раньше. Семья ждёт, но в сердце остаётся боль, которую трудно описать, и каждый шаг к прошлому становится испытанием.",2
1057,"Амбициозный студент, полный самоуверенности, решает запустить собственный бизнес, несмотря на отсутствие опыта. Его планы рушатся, когда домашнее животное сбегает, запутывая его смелые мечты в коллегиальном лабиринте. Смешные приключения и неожиданные повороты делают каждый день на кампусе наполненным хаосом и искренними эмоциями.",1
1058,"Молодой организатор свадьб, полный идей и без опыта, решает открыть бизнес в тихом туристическом поселке, где каждый день превращается в хаос. Его непредсказуемые решения и неожиданные идеи привлекают внимание, превращая его в местную легенду, хотя и не без драматических поворотов. В городе, где каждый житель знает каждого, его амбиции сталкиваются с реальностью, но с юмором и вдохновением.",1
1059,"Она приезжает в университетский город, где каждый шаг наполнен неопределенностью, но в глазах студентов и профессоров читает надежду. Страх брошенности заставляет её скрывать свою болезненную прошлость, пока не находит в себе силы верить, что даже в чужом месте можно найти место, где сердце не чувствует одиночества.",2
1060,"Молодой амбициозный блогер решает открыть в торговом центре непонятный магазин, не зная, как управлять бизнесом. Его планы рушатся из-за непредсказуемых происшествий: сломанные приборы, неправильные товары и случайные встречи, которые ведут к абсурдным ситуациям. В хаосе он учится не только подстраивать себя под обстоятельства, но и находить смех в безумии.",1
1061,"Мэр маленького городка, вдруг поняв, что его семейная встреча превратилась в хаос, пытается справиться с криками, визгом и убегающим котом, который устроил настоящий беспорядок. В переполненном офисе каждый момент становится поводом для смеха и непредсказуемых поворотов, где даже самая обычная встреча превращается в сказку о том, как любовь и непредвиденные обстоятельства могут создать настоящую кутерьму.",1
1062,"Он вернулся к тем, кто когда-то помог ему выжить, чтобы разоблачить тайные схемы власти, но теперь его ждет не только враги, а искренняя боль за предательство, которое оставило шрамы в душе. На краю обрушивающейся платформы каждая минута — битва между правдой и страхом, где истинные враги скрываются за масками доверия.",0
1063,"Он возвращается из опасной миссии, но теперь его ждет новая битва — спасти ученого, захваченного силами, которые ведут себя как враги и союзники одновременно. В тени обрушивающейся платформы каждая секунда становится драмой, где личная травма прошлого сталкивается с предательством настоящего, а выбор между спасением и жестокостью превращает его в жертву собственных страхов.",0
1064,"Он пытается исправить прошлое, но каждый шаг приводит к новым разногласиям с сыном, чья жизнь полна противоречий и непонимания. На фоне университетского кампуса, где идеи сталкиваются с реальностью, их отношения напряжены, но в них скрывается искренняя попытка взглянуть друг на друга глазами, которые не ждут прощения.",2
1065,"Все идет не по плану, когда безответственный повару приходится организовать семейную встречу в переполненном офисе, где каждая минута превращается в хаос. Смешение нелепых ситуаций, непонимания и неожиданных поворотов делает этот путь к катастрофе каким-то почти драматичным, но с юмором, который не даёт сойти с ума.",1
1066,"Он возвращается к месту, где всё начиналось, чтобы разобраться в тайне, которая угрожает всему миру. Стorm разрывает небо, а разрушенные здания хранят секреты, которые могут изменить ход истории. Внутри него борется страх провала и желание справедливости, каждый шаг — это битва не только с врагом, но и с собственным страхом.",0
1067,"Молодой основатель стартапа приезжает на береговой курорт, чтобы заключить важную сделку, но вместо деловой встречи его ждёт абсурдный фестиваль с танцующими коктейлями и конкурсами на выносливость. Его соперник — харизматичный местный предприниматель — не намерен уступать, превращая каждую минуту в спектакль из непредсказуемых поворотов. В хаосе уместно смеяться, но в сердце остаётся неприятное чувство, что всё это — часть большого, непонятного плана.",1
1068,"Ретированный маг, унаследовавший увядший аттракционный парк, пытается спасти его, сталкиваясь с непониманием сотрудников и клиентов. В условиях переполненного офиса он обнаруживает, что свои магические навыки можно применить не только на сцене, но и в повседневных ситуациях. Смешные моменты и искренние намерения делают этот путь к успеху не только забавным, но и трогательным.",1
1069,"После многолетних преступлений он возвращается в прошлое, чтобы спасти ученого, захваченного опасным картелем. В замерзшем промышленном порту каждый шаг превращается в битву за спасение и искупление. Его душа борется между прошлым и возможностью начать заново.",0
1070,"Пилот вертолета в одиночку борется с метелью и дронами, чтобы спасти экспедицию, застрявшую в горах. Каждый шаг превращается в битву с собой, страхом провала и неизбежным риском. В тишине снежного пустыни звучит тихий крик о помощи, который невозможно игнорировать.",0
1071,"Юноша, уверенный в своей безупречности, попадает в нелепую соревновательную игру на берегу океана. Его самоуверенность столкнётся с хаосом, когда массовое мероприятие выходит из-под контроля, оставляя его в пучине абсурда и непредсказуемых ситуаций. В смешных и непростых моментах он поймёт, что даже самая твёрдая уверенность может рассыпаться под шквалом случайностей.",1
1072,"Музыкант, потерявший связь с прошлым, возвращается в родной промышленный город, где тени старых обид и разочарований тянутся за ним по улицам. В попытке исправить разрушительные последствия прошлых лет он сталкивается с отчужденностью близких и неизбежной болью, которая не исчезает, даже когда время начинает заживать.",2
1073,"Студент колледжа, живущий в шумном доме, ищет связь в хаосе соседей и собственной одиночке. Разрыв между его мечтами и ожиданиями родителей превращает каждый разговор в битву идей, где истина теряет очертания. В тишине ночей он пытается найти ответ, но путь к себе скрывается в неожиданных уголках жизни.",2
1074,"Он стоит на краю танкера, где море и тишина смыкаются в один сплошной страх. В руках — шанс спасти множество жизней, но связь с командой прервана, а время тает с каждым волной. Внутри него борется желание исправить прошлое и страх потерять всё, что осталось.",0
1075,"Он потерял работу, но нашел в старом кафе убежище, где тени прошлого и будущего переплетаются. Молчаливые взгляды и несказанные слова между ним и бывшей женой напоминают о разрушенных связях, которые он пытается восстановить. В тишине кружки кофе и грустные мысли становятся единственной связью между ними.",2
1076,"Подросток, приехавший в новую страну, борется с давлением обстоятельств: между учебой, мигрантской изоляцией и необходимостью заботиться о больной матери. Его карьера в новом месте рушится, а каждый день становится битвой за выживание и понимание собственного места в этом мире. В тишине субурбанского района скрывается глубокая боль, которую он пытается преодолеть, не теряя надежду.",2
1077,"Бывший пожарный возвращается к действию, чтобы спасти ученого, похищенного таинственным убийцей. В переполненном мегаполисе каждая минута — битва за выживание, а его страх провала превращает каждую победу в новый вызов.",0
1078,"Новый детектив, впервые ступивший на путь правды, сталкивается с тьмой коррупции в заброшенном военном комплексе. Его путь осложняется предательством, которое оставило шрам в его душе. Каждый шаг — это битва не только за справедливость, но и против собственных тайн.",0
1079,"В тишине удалённого сельского поселения владелец кафе сталкивается с одиночеством, пытаясь найти связь с молодыми жителями, которые не разделяют его ценности. Постепенно он понимает, что истинное единство рождается не в согласии, а в уважении к разным путям.",2
1080,"Один из самых непростых героев, потерявший доверие и статус, возвращается в мир, где его прошлое становится оружием. Он должен спасти ученого, захваченного на корабле в открытом море, где коррупция и хаос угрожают всем. Внутренний конфликт с братом, который не верит в его способности, добавляет тяжелую эмоциональную нагрузку, превращая миссию в испытание не только физической выносливостью, но и верой в себя.",0
1081,"Он бежит, чтобы спасти свою жизнь, но каждый шаг преследуют тени прошлого и тайны, которые не позволяют ему уйти. В заброшенной военной базе, где время остановилось, он сталкивается с неизвестным убийцей, чьи действия заставляют его пересмотреть свои собственные мотивы и выбор.",0
1082,"Молодой амбициозный блогер, мечтающий стать звездой, решает переехать в старый дом, где каждый день превращается в хаос. Его попытки устроить порядок в соседях и кухне приводят к неожиданному вирусному успеху, когда случайное видео с театральной постановкой в соседнем подъезде становится хитом. В хаотичном мире общения и мимолетных связей он находит неожиданный путь к себе.",1
1083,"После ухода с сцен волшебства старик-маг вынужден вернуться к жизни, организуя скучный семейный ужин в заброшенном курортном поселке. Его планы рушатся из-за амбициозного конкурента, который не жалеет усилий, чтобы вытеснить его из центра внимания. В хаотичной суете и непредсказуемых поворотах события раскрывают скрытые мотивы и ненадежность близких.",1
1084,"Студент колледжа возвращается в умирающий промышленный город, чтобы исправить разрыв с семьей, но страх брошенности мешает ему шагнуть в неизвестное. В атмосфере увядания старых заводов он сталкивается с прошлым, который не хочет уступать настоящему, но в каждом вздохе — надежда на то, что связь может пережить время и забвение.",2
1085,"Специалист по цифровым преступлениям должен вернуть украденные данные, сталкиваясь с дронами на корабле в океане. Его личный трауматизм добавляет напряжения, заставляя бороться не только с врагами, но и с собственными страхами. В каждой сцене — баланс между техническим вызовом и глубокой эмоциональной нагрузкой.",0
1086,"В увядающей промышленной деревне, где каждый день напоминает о прошлом, молодая учительница, потерявшая мужа, борется с одиночеством. Социальное давление заставляет её скрывать боль, но в тишине старых улиц и молчании соседей она ищет смысл жизни. Каждый шаг — битва с воспоминаниями и ожиданием, что когда-нибудь снова найдётся место для надежды.",2
1087,"Он не был звездой, но вдруг оказался в центре внимания — когда случайно превратился в мем. В школьном театре, где каждый ждал чуда, его неправильные аплодисменты и пыльные костюмы стали причиной непредсказуемого вируса. Пока он пытался сохранить лицо, хаос превратился в неожиданную историю о том, как неудачник может стать героем.",1
1088,"Писатель, потерявший связь с реальностью, возвращается в родной сельский район, чтобы спасти от угрозы близкого человека. В тишине изолированных улиц и тяжёлых традиций он сталкивается с разрушительной силой коллективного неприятия, где каждая реплика звенит как угроза, а каждое молчание — как приговор.",2
1089,"Бывшая сестра милосердия возвращается на университетский кампус, где её ждёт умирающая бизнес-идея и тени прошлого, которые не позволяют ей отпустить то, что уже потеряно. В тени старых зданий и среди студентов, которые не знают её, она пытается найти силы, чтобы не стать частью забвения.",2
1090,"После неудачного театрального сезона актёр решает снять с себя маску и переехать в шумное подъездное здание, где каждый сосед — живой пример непредсказуемости. Его жизнь рушится, когда случайные встречи и громкие скандалы в магазинах превращают его в центр абсурдного квеста. В хаосе он обнаруживает, что смешные ситуации могут стать самым странным способом найти себя.",1
1091,"Мэр маленького городка случайно втягивается в поддельную связь, чтобы спасти репутацию, но непредвиденные обстоятельства вынуждают его раскрыть стыдливое прошлое. В роскошном отеле он сталкивается с комичными дилеммами, где каждый жест — это шаг между смехом и драмой.",1
1092,"В тесной каюте грузового судна, где волны бьют о борт, подводный инженер разгадывает тайны, скрытые в коррупции власти. Его поиск правды превращается в ловушку, когда доверие в команде рушится, а каждая минута становится битвой между верой и страхом. В глубине океана он сталкивается с тем, что некоторые секреты лучше оставить под водой.",0
1093,"Учитель, страдающий от социальной неловкости, берет на себя ответственность за организацию семейного ужина, который обещает стать настоящим хаосом. Его сосед, завидуя его успеху, неистово мешает, создавая дополнительные проблемы. В локальном телевизионном студии все идет наперекор, и даже самые нелепые ситуации получают телевизионное освещение.",1
1094,"После ошибок, которые оставили след на его совести, молодой детектив отправляется на тропический остров, где его ждет опасная миссия. Спасая ученого, захваченного врагами, он сталкивается с разрушительной бурей, которая заставляет его пересмотреть свои убеждения и найти силы справиться с прошлым.",0
1095,"Он приезжает в незнакомый город, чтобы начать новую жизнь, но сталкивается с трудностями в воспитании сына и сохранении семейных традиций. В семейном кафе, где каждая чашка кофе хранит воспоминания, он ищет путь к пониманию, чтобы не потерять связь с детьми и найти силы вдвоём строить будущее.",2
1096,"Студент, уверенный в себе, пытается скрыть огромную ошибку, связанную с подготовкой к школьному спектаклю. В процессе его усилий вмешивается бегущее животное, которое добавляет хаоса и непредсказуемости. В итоге он вынужден справляться с неожиданными обстоятельствами, что приводит к непредвиденным последствиям.",1
1097,"Стареющий врач возвращается в знакомый пригород, чтобы исправить прошлые ошибки. Воспоминания о разрушенной семье и несправедливых решениях сталкиваются с реальностью, где дети выросли без его участия. В меланхоличной атмосфере он пытается искупить вину, но каждый шаг напоминает о нерешенных обидах и потерянных возможностях.",2
1098,"Мэр маленького городка пытается скрыть катастрофический промах в подготовке спектакля, но его усилия осложняются амбициозным конкурентом, который не жалеет ни сил, ни достоинства. В тесных стенах коммунального театра смешение личных амбиций и неловких ситуаций превращает каждую сцену в хаос, где даже ошибки становятся поводом для новых скандалов.",1
1099,"В тени тумана над океаном журналист, скрывая свою идентичность, разгадывает тайну, которая может изменить мир. Его путь к правде пересекается с техникой, превращающей каждый шаг в рискованную игру. Внутренние раны, оставшиеся от прошлого, превращаются в тяжелый груз, который он несёт, пытаясь спасти тех, кто остался без защиты.",0
1100,"В условиях ледяного промышленного порта спасатель вынужден противостоять таинственному врагу, чьи дроны угрожают разрушить город. Его страхи и сомнения становятся серьезным препятствием на пути к спасению. Каждый шаг — битва с самим собой и неизвестностью.",0
1101,"Студент, уверенный в себе, втягивается в абсурдный конкурс, который вынуждает его раскрыть секретную двойную жизнь. В переполненном офисе он сталкивается с ироничными ситуациями, где каждый шаг становится вызовом для его уверенности. Сатирический взгляд на повседневные стрессы и неожиданные повороты судьбы раскрывает глубину человеческих слабостей и маниакальную жажду контроля.",1
1102,"Он возвращается домой, чтобы ухаживать за больной матерью, но каждый день напоминает о прошлом, о тех словах, которые остались непрощёнными. В тишине пригородного утра тоска проникает в каждую щель, смешивая боль утраты с тяжестью несказанных правды.",2
1103,"В тихом городке, где каждый знает друг друга, библиотекарь, привыкшая к рутине, чувствует пустоту после увольнения. В узком подъезде, окружённой шумом и запахом жареного картофеля, она находит неожиданную связь — старую книгу, которая ведёт к забытой мечте. Сквозь мрак улицы и сомнения, она пытается переосмыслить свою жизнь, но каждый шаг звенит от прошлого.",2
1104,"Он знает, что его выбор может изменить всё. Но каждая минута в тени опасности тянет его к тайнам, которые могут разрушить всё, что он ценит. В бой вступает не только тело, но и совесть, когда давление со стороны властей ставит его на грань между правдой и выживанием.",0
1105,"Алексей, неутомимый организатор свадьбы, вдруг оказывается в центре скандала, когда его ошибочно признают знаменитостью. В локальном телестудии он пытается разобраться в путанице, но каждая попытка сохранить достоинство превращается в хаос. Его паника и непредсказуемость делают ситуацию не только смешной, но и трогательной.",1
1106,"Инспектор по киберпреступления сталкивается с невероятной задачей — предотвратить теракт на грузовике в океане, где бушует смертоносный шторм. Под давлением властей и собственных сомнений он борется за каждую минуту, чтобы спасти жизни и разоблачить тайну, скрывающуюся под облаками бури.",0
1107,"После ухода из спецназа ветеран возвращается в пустынный город на границе, где его втягивают в тайный поиски преступной сети. Взрывы и огневые стычки заставляют его пересмотреть свои выборы, а каждый шаг становится битвой за прошлое и будущее.",0
1108,"Молодой основатель стартапа случайно вляпался в ловушку фальшивого романа, который превратился в катастрофу для его карьеры и личной жизни. В попытке спасти ситуацию он вынужден участвовать в спектакле местного драматического кружка, где каждая сцена становится еще более нелепой, чем предыдущая.",1
1109,"Бывший спортсмен, потерявший свою карьеру, сталкивается с внутренним кризисом, когда вынужден оставить спорт и заботиться о тяжелобольном родителе. В реабилитационном центре он сталкивается с воспоминаниями о прошлом и мучительной реальностью настоящего, где каждый день наполнен тишиной и безысходностью.",2
1110,"Молодой повар с неуправляемым распорядком дня переселяется в шумный подъезд, где каждый житель живёт по собственным правилам. Его соперник — жёсткий повар из соседней лавки — не преминёт вмешаться в его жизнь, заставляя соревноваться за клиентов в сердце торгового центра. Игра в прятки между ними превращается в хаотичную пытку, где вкус и нервы теряют счет.",1
1111,"Резервный пилот вертолета получает задачу спасти ученого, захваченного на тропическом острове, но сталкивается с неожиданными препятствиями. С каждым шагом он сталкивается с давлением со стороны властей и загадочным убийцей, чьи намерения скрываются за туманом острова, что заставляет его пересмотреть свои приоритеты и вернуться к истине.",0
1112,"Молодой блогер, мечтающий о славе, случайно попадает в странное местное празднество, где его неожиданная вирусная популярность заставляет пересмотреть свои приоритеты. В роскошном отеле, где каждый уголок превращён в хаос, он обнаруживает, что настоящая слава — это не кэшбэк, а смех и неожиданные связи.",1
1113,"Пилот спасательного вертолета оказывается в центре смертельной гонки за пределами привычного маршрута. Он должен выжить, не зная, кто из своих доверяет, а кто готов предать на тропическом острове, где каждая минута — битва за жизнь. Потеря доверия превращает его в изолированную фигуру, где только ум и решимость могут спасти от хаоса.",0
1114,"Сердце бьется в унисон с рвущимися стальными структурами, где каждый шаг — это битва за выживание. Он знает, что провал означает не только потерю доверия, но и угрозу для тысяч незнакомцев, чьи судьбы связаны с этим безумием. В бой идёт не только за победу, но за то, чтобы не стать частью того, что разрушает всё на своём пути.",0
1115,"Неуклюжий повар, потерявший контроль над кухней, попадает в странный локальный фестиваль на кампусе, где его попытки устроить ужин превращаются в цепочку непонимания и смешных ситуаций, оставляя его в тумане между хаосом и неожиданным комфортом. В каждой нелепой диалектной трактовке и случайной ссоре скрывается тонкая игра слов, которая постепенно раскрывает глубину его внутреннего беспокойства.",1
1116,"Парень с неловким даром доставки пытается скрыть катастрофическую ошибку, которая превратила его жизнь в хаос. Его попытки утихомирить ситуацию только усугубляют непонимание, а родственники, вовлеченные в происшествие, добавляют абсурдные повороты. В промышленном торговом центре смешение реальности и нелепых обстоятельств превращает каждый момент в непредсказуемый взрыв эмоций.",1
1117,"Он бежит по разваливающейся платформе, где каждый шаг — это бой за жизнь. Смешение страха и обиды за предательство, которое оставило его один на один с врагами. Проклятие прошлого преследует его, но только сейчас он понимает, что выживание — это не просто победа, а искупление.",0
1118,"Алексей, несгибаемый организатор свадьб, вдруг обнаруживает, что его новая квартира в жилом комплексе с буйной жизнью становится не менее сложной задачей, чем сама свадьба. Когда у него вдруг появляется беглец — бродячая собака, которая случайно попадает в локальную телестудию, Алексей должен найти баланс между своей работой и неожиданным приключением. В процессе он обнаруживает, что хаос может быть не только проблемой, но и источником неожиданной радости и новых возможностей.",1
1119,"В тихом городке живет библиотекарь, которая впервые за годы решает вернуться к родным, чтобы искупить прошлое. Сложный путь к примирению прерывается тяжелым заболеванием, вынуждающим ее пройти реабилитацию в центре, где каждый день становится испытанием. В отчаянии и надежде она ищет смысл в каждом вздохе, пытаясь не только выжить, но и сохранить связь с тем, что действительно важно.",2
1120,"После непростого дня на работе, когда всё пошло не так, главный герой пытается скрыть катастрофическую ошибку, но его планы рушатся из-за соседа, который не терпит несправедливости. В центре субурбанского торгового центра, где каждый киоск кажется местом для новых скандалов, он сталкивается с неожиданными последствиями, которые превращают его жизнь в хаос, полный смеха и неожиданных поворотов.",1
1121,"В центре внимания — хаотичный повар, который случайно попадает в странный фестиваль в сердце торгового центра. Его попытки устроить порядок превращаются в цепь нелепых ситуаций, где каждый жест вызывает недоумение. В смешанных эмоциях смеха и отчаяния рождается неожиданная связь между непохожими людьми.",1
1122,"Она живёт в уединённом сельском посёлке, где каждый день наполнен тишиной и незыблемыми рутинными обрядами. Но в её сердце бушует буря — страх того, что близкий человек оставит её, когда наступит время уйти. В отдалённом районе, где дороги редко проезжают, она борется с собственными сомнениями, пытаясь сохранить связь, которая может рухнуть в любой момент.",2
1123,"Молодой основатель стартапа пытается скрыть огромную ошибку, которая превратила его вдруг в центр внимания гостей роскошного отеля. Его нелепые попытки уладить ситуацию только усиливают раздражение соседа, который давно ждал повода выразить свою зависть. В хаосе смешных диалогов и непредсказуемых поворотах каждая минута становится сражением за достоинство.",1
1124,"В горах, где каждый шаг — битва за выживание, спасатель возвращается к месту, где его прошлые ошибки превращены в ловушку. Он должен вернуть украденные секреты, но враги не ждут жалости, а власти требуют жертв. В тени высокозащищенного комплекса он сталкивается с выбором: спасти честь или спасти жизнь.",0
1125,"Он стоит на палубе, сжатый от напряжения, глядя, как волны бьют по корпусу. За спиной — тени, оружие и неизбежная встреча с тем, кто когда-то был союзником. Внутри — огонь старых обид, которые не дают спокойно уйти. Каждый шаг к свободе превращается в битву с собой, где победа — не в силе, а в способности простить.",0
1126,"После ухода из спецназа он возвращается в мир, где тени власти скрывают правду. Его расследование ведёт к секретному центру, где каждая стена хранит тайны, а каждый шаг — риск. Личная боль прошлых потерь превращает его в жертву и героя, втянутого в битву, где правда стоит больше, чем жизнь.",0
1127,"Он возвращается в город, где однажды оставил свою жизнь, чтобы разоблачить тайную сеть, которая угрожает всем. В тени гигантских зданий и безысходной толчеи он сталкивается с оружием, которое не дает ему спать. Власть требует подчинения, а он борется за правду, даже если это означает потерять себя.",0
1128,"Молодой основатель стартапа приезжает в летний лагерь, чтобы отдохнуть, но быстро вовлекается в странный фестиваль, где каждый участник пытается превзойти других. Его мешает амбициозный конкурент, который не готов сдаваться, даже если это выходит из-под контроля. В хаотичной сцене смешение идей и амбиций превращает простой отдых в непредсказуемую борьбу за внимание.",1
1129,"Молодой основатель стартапа, влюбленный в технологии, решает запустить бизнес в летнем лагере, но его идеи, основанные на непонимании реальности, приводят к хаосу и смехотворным ситуациям, где каждый день становится сюрреалистичным экспериментом в смешении цифрового мира с традиционной жизнью.",1
1130,"Молодой детектив, впервые ступивший на поле боя, борется с собственными сомнениями, оставшись в тени преступного мира, где каждая минута — это битва за выживание. В хаотичном мегаполисе, где улицы переполнены и тени скрывают тайны, он должен вернуть украденные документы, чтобы не повторить ошибки прошлого, которые привели к трагедии. В его погоне за правдой появляется теневой враг, чьи действия заставляют его пересмотреть свои убеждения и найти силы пройти через боль, чтобы исправить прошлое.",0
1131,"Студент, уверенный в своих силах, наследует разрушающийся аттракционный парк, но быстро понимает, что управление им — это не то, что он думал. Вместе с неприятным соседом, который завидует его успехам, и неожиданными сложностями на пути к спасению бизнеса он сталкивается с непредсказуемыми поворотами. Эмоциональный путь от самоуверенности к осознанию реальности превращает его в неожиданных героев.",1
1132,"Молодой иммигрант, переживающий тяжелую трансформацию, сталкивается с неизбежностью взрослой ответственности. В тени семейного кафе, где запахи кофе и тишина скрывают боль, он пытается сохранить жизнь родителя, но старые раны не дают покоя. Каждый день становится битвой между долгом и забвением, где даже маленькие радости теряют смысл.",2
1133,"В тесном подъезде старого дома писатель, привыкший к одиночеству, возвращается к жизни, полной неожиданностей. Старые обиды и страх мешают ему наладить связь, но в каждом вздохе — шанс начать заново.",2
1134,"В пыльном мегаполисе, где толпы сгрудились под небом, бывший заключенный возвращается в мир, чтобы остановить хаос. Его путь пересекается с лицами, которые когда-то подвели его, теперь же становятся заложниками собственной коррупции. Внутри него борется чувство вины за прошлое с жаждой исправить ошибки, превращая каждый шаг в битву между прошлым и будущим.",0
1135,"В тихом промышленном городе, где тоска и тишина сжимают сердце, владелец старого ресторана борется с болью утраты, пытаясь сохранить уцелевшее тепло. Каждый день — битва с непониманием соседей, которые не видят в нём больше чем устаревшую тенистую лавочку. В глазах улицы, словно зеркало, отражают его одиночество и молчаливую обиду на мир, который не остановился.",2
1136,"Бывший спортсмен, разочарованный в себе, возвращается в родной город, где его ждет не только прошлое, но и непростые отношения с местными жителями. В условиях упадка промышленного города он сталкивается с напряженными отношениями в сообществе, где каждый жестокий шаг кажется шагом к спасению или разрушению. Его путь к искуплению становится не только личной борьбой, но и испытанием для всех, кто остался в этом затерянном месте.",2
1137,"Молодой музыкант, бьющийся за кусок хлеба, решает открыть бизнес, не зная, с чего начать. Его неловкий секрет — непрофессиональная игра на гитаре — начинает вылезать наружу, когда он пытается убедить коллег в своей компетентности. В хаотичном офисе каждый день становится драматичнее, а смех сливается с нервными вздохами, создавая неожиданно теплую атмосферу.",1
1138,"В тихом семейном кафе, где воздух наполнен запахом свежесваренного кофе и тихими разговорами, одинокий музыкант пытается восстановить разрушенные отношения, несмотря на крах карьеры. Каждая нота его игры — это попытка смягчить боль прошлого, но в тени уютного угла скрывается тоска, которая не даёт ему покоя.",2
1139,"В ледяном порту, где тени танцуют с северным ветром, спасатель ввязывается в миссию, которая может изменить его жизнь. Каждый шаг преследует тень дронов, а его сердце бьется от страха провала, но в его глазах горит огонь, который не сдается.",0
1140,"После ухода из цирка волшебник возвращается на университетский кампус, чтобы отдохнуть, но его случайно принимают за знаменитость. Семья, не желающая отпускать его из виду, вмешивается в его жизнь, создавая хаос, который заставляет пересмотреть свои приоритеты. В смешении реальности и иллюзий он находит неожиданный смысл в простых моментах.",1
1141,"Молодой музыкант, теряющий надежду, случайно попадает в необычный фестиваль, где творится что-то нелепое и вдохновляющее. Его путь пересекается с амбициозным конкурентом, который не готов терпеть поражение, и вместе они ввязываются в хаотичные соревнования, где границы между реальностью и абсурдом стираются. В итоге победа оказывается не в том, что казалось бы важно, а в способности смеяться над собой и не сдаваться.",1
1142,"В холодном промышленном порту, где лед скрывает тени прошлого, беглец вынужден остановить катастрофу, защищая свидетеля, чья правда может перевернуть всё. Напряжение растет, когда он сталкивается с бывшим близким, чьи мотивы таятся под обломками прошлых обещаний. Каждый шаг — в бой за выживание и истину, где доверие становится самым ценным оружием.",0
1143,"Новый детектив, столкнувшись с неизбежной угрозой, должен преодолеть собственные сомнения, чтобы спасти жизни. В заброшенной военной базе, где тени скрывают ловушки, он борется не только с вооруженными врагами, но и с разрушением доверия, которое раздирает его внутри.",0
1144,"В отдалённой деревне, где время тянется медленно, молодой рабочий завода чувствует себя пленником своей судьбы. Он мечтает вырваться из рутины, но каждый шаг к новому смыслу сталкивается с сопротивлением близких, которые видят в его стремлении лишь бунт. В тишине тёплых вечеров и холодных улиц он ищет ответ на вопрос, что значит жить, когда мир вокруг ожидает, что ты останешься в своём месте.",2
1145,"Спасательный вертолетчик сталкивается с сильным штормом, пытаясь достичь высокозащищенного научного центра и предотвратить теракт. Его руки трясутся, а сердце бьется в такт с грозой, но он знает, что каждый момент может стать последним. В борьбе с природой и врагом он сталкивается с собственным страхом провала, который может разрушить всё.",0
1146,"После ухода с сцен волшебник попадает в неприятную ситуацию: его вынуждают сыграть роль мужа в чужой любовной истории. Семья, не желающая видеть его бездомным, вмешивается с неожиданной жестокостью, превращая роскошный отель в хаотичное поле битвы. В каждой сценической арке и нелепом диалоге скрывается искренняя боль, которую трудно скрыть за маской смеха.",1
1147,"На острове, затерянном среди тропических лесов, лидер отряда бывших солдат ввязывается в ловушку, когда его миссия — спасти ученого, похищенного опасным картелем — сталкивается с давлением со стороны властей. Каждый шаг превращается в гонку против времени, где личные убеждения и профессиональная честь сталкиваются с жестокостью, которая может разрушить всё.",0
1148,"Проваленный актер, привыкший к неудачам, случайно завоевывает внимание интернета неожиданным срывом на съемках. Его безумная попытка спасти ситуацию приводит к хаотичному взрыву популярности, но в тени успеха прячется ревнивый конкурент, готовый разрушить всё с помощью коварных манипуляций. В телестудии, где каждый кадр становится драмой, герои сталкиваются с реальностью, где иллюзии и амбиции переплетаются с непредсказуемостью.",1
1149,"Амбициозный инфлюенсер, мечтающий о славе, вдруг оказывается в тесном, шумном отеле, где каждый день становится драматичнее. Его неловкие попытки привлечь внимание к себе сталкиваются с саркастичными замечаниями соседа, который не скрывает зависти. Смешные ситуации и неожиданные повороты делают его путь к успеху по-настоящему запутанным.",1
1150,"Молодой адвокат приезжает в тихий горный поселок, чтобы разобраться с непростым спором между жителями и местными властями. В поисках справедливости он сталкивается с собственными сомнениями, а простые истории соседей заставляют пересмотреть смысл профессии. Вечерние закаты над горами и тихие разговоры в уютных кафе добавляют атмосфере трагичной теплоты.",2
1151,"После тяжелого случая на пожаре он остался без семьи и теперь вынужден действовать в тени, чтобы выжить. На обрушивающейся платформе он сталкивается с коррупцией, которая затягивает его в тюрьму, а личный трауматизм заставляет сомневаться в каждом шаге. Каждый удар — это битва не только за выживание, но и за правду.",0
1152,"Средневековый писатель, потерявший связь с семьей, возвращается в переполненное жилье, где каждая стена напоминает о прошлом. Попытки восстановить отношения затягиваются в борьбу с давлением общества и собственными сомнениями, оставляя его в тени неустроенного прошлого и неясного будущего.",2
1153,"Он балансирует между заботой о больной матери и воспитанием сына в тишине подъезда, где каждый день становится тяжелее. Скрытая тревога и нерешенные вопросы пронзают тихие улицы, разрывая границы между долгом и личной жизнью. В глазах усталости и нежности скрывается борьба, которая не исчезает, даже когда свет гаснет в окнах.",2
1154,"Новый детектив ввязывается в смертельно опасную гонку через ледяной промышленный порт, где каждый шаг превращается в битву за выживание. Пока он пытается раскрыть заговор, его доверие к местным властям рушится, оставляя его один на один с тьмой и собственными сомнениями.",0
1155,"Мэр маленького городка втягивается в странный локальный фестиваль, который быстро выходит из-под контроля. Неожиданная вирусная популярность превращает его в символ абсурда, смешения и неожиданных связей. Вместо привычных ритуалов возникает хаос, где каждый участник находит в себе смелость и искренность, о которых забывал.",1
1156,"В отдалённом пустынном городке, где законы теряют смысл, бывший контрабандист ввязывается в тяжёлую игру с коррупцией, которая уходит корнями в саму систему власти. Его усилия осложняются не только отсутствием поддержки, но и разрывом с близким человеком, чьё доверие он вынужден разрушить, чтобы выжить.",0
1157,"Молодой адвокат возвращается в родной кафе, где каждая деталь напоминает о прошлом. Пытаясь защитить близкого человека, он сталкивается с тяжестью неисправленных обид и тихой болью, оставшейся после ухода. В тени старых столиков и звуках чашек кофе скрывается битва между прошлым и надеждой, где каждый шаг — это попытка не потеряться в молчании.",2
1158,"В тени гигантского города, где каждая улица дышит преступлением, молодой детектив впервые сталкивается с тем, что его мечты о справедливости могут разрушить больше, чем он думал. Следуя сложным уликам, он пытается раскрыть тайну, которая затрагивает его самого, но каждый шаг приносит новые потери и неожиданные сдвиги в его собственной истории.",0
1159,"Он бежит от прошлого, но на тропическом острове его преследует тень, которую невозможно остановить. Страх перед властями и жестокость незнакомца заставляют его снова оказаться в ловушке, где каждый шаг — это битва за выживание. В тишине джунглей и под грозовыми тучами он должен выбрать: сбежать или превратиться в часть этой тьмы.",0
1160,"После ухода с сцен выступлений волшебник возвращается на коллегию, где его ошибочно принимают за знаменитость. Постоянные недорумы заставляют его пересмотреть свои взгляды на славу и человеческие мотивы. В юмористическом стиле показано, как иллюзии и реальность переплетаются, создавая смешные и трогательные моменты в повседневной жизни.",1
1161,"Журналист ведет расследование, которое приводит его к заброшенной военной базе, где его ждут опасные испытания. Спасая ученого, он сталкивается с разрушительным штормом, который заставляет пересмотреть свои приоритеты и разгадывать тайны, скрытые в прошлом. Доверие между ним и союзниками трескается, оставляя шанс на ошибку — и на спасение.",0
1162,"Подводный инженер возвращается в горы, где снежные хребты скрывают тайну украденных документов. Его путь к раскрытию правды пересекается с дронами, которые не позволяют ему уйти. Внутренние переживания прошлого превращают каждую минуту в битву за выживание.",0
1163,"Разжалованный разведчик, разгадывая тайны, скрытые в руинах заброшенной военной базы, сталкивается с тяжестью собственного прошлого и угрозой, исходящей от тех, кто пытается скрыть правду. Его путь преслуживает давление со стороны властей, которые хотят оставить дело в прошлом, но он не готов отказываться от истины, даже если это означает борьбу с собственными демонами.",0
1164,"После провала в演艺生涯, актёр решает переехать в уютный туристический городок, где ждёт его неожиданная жизнь в шумном доме. Вместе с хаосом соседей и случайными встречами он обнаруживает, что скрывает тайну, которая переплетается с его мечтами о славе. Ирония судьбы и доброта жителей помогают ему найти баланс между реальностью и мечтами.",1
1165,"Сердце врача, разбитое личной трагедией, возвращается в родной кафе, где его ждет столкновение с новым поколением. В напряженных диалогах и тихих разговорах проявляется разрыв между прошлым и настоящим, где каждый жест скрывает боль и надежду на примирение.",2
1166,"Ничего не получается: актёр, потерявший веру в себя, наследует разваливающийся аттракционный парк. Вместе с ним приходит тайна, которую он скрывал — двойная жизнь, о которой даже не подозревал. Летний лагерь становится местом, где смешные провалы и неожиданные повороты превращаются в квест, где каждый день — шанс перезапустить свою историю.",1
1167,"Студент колледжа втягивается в сложную ситуацию, когда должен защитить близкого человека, но его прошлое травмировало доверие и уверенность. В тесном жилом комплексе каждый день становится испытанием, где страх и желание спасти сближаются с памятью о потере. Эмоции тонут в тишине, а каждый шаг — битва между прошлым и настоящим.",2
1168,"Он бежит по улицам, где каждый поворот угрожает сокрушить остатки его рассудка. Прошлое — пожар, который он не смог спасти, теперь преследует его в виде тени, оставляя на душе нестерпимую боль. В хаосе мегаполиса, где сигналы теряются в шуме, он должен найти способ выжить, несмотря на то, что каждый шаг превращается в битву с собой самим.",0
1169,"Он привык к риску, но теперь сталкивается с чем-то, что выходит за рамки его опыта. В отдалённом горном регионе, затопленном снегом и угрозой шторма, его погоня за правдой разрывает старые обиды и ведёт к тайнам, которые могли бы изменить всё.",0
1170,"Неуклюжий курьер случайно вовлекает студентов в нелепую историю, пытаясь скрыть промах с доставкой. Его неловкое прошлое и непреднамеренные приключения на лекционных аудиториях превращают утро в хаос, где каждый поворот дает повод для смеха и неожиданных открытий.",1
1171,"В тесном подъезде старого дома, где каждый уголок дышит историей, библиотекарь из маленького городка сталкивается с выбором между прошлым и будущим. Его усилия защитить близкого человека втягивают в спор поколений, где ценности и страхи переплетаются, а каждая встреча становится шагом к разрыву или примирению.",2
1172,"После ухода с сцены маг из прошлого возвращается в повседневность, но случайное участие в странных фестивалях в торговых центрах раскрывает скрытую жизнь, которую он давно скрывал. В игре между иллюзией и реальностью он обнаруживает, что смех — лучший способ справиться с хаосом.",1
1173,"После побега из тюрьмы он возвращается на опасную платформу, где должен защитить ключевого свидетеля, но сталкивается с угрозой из неба — дронами, преследующими его каждый шаг. Внутренний конфликт с братом, который не верит в его честность, добавляет тяжелую ношу, заставляя выбирать между личной моралью и выживанием.",0
1174,"Офицер границ оказывается в центре неистового преследования, где каждый шаг приводит к новым угрозам. В условиях разрушительного шторма и тайны заброшенной военной базы он сталкивается с собственными обидами, которые могут стать худшей врагом.",0
1175,"Молодой амбициозный блогер, стремящийся к славе, вынужден притворяться влюбленным в коллегу, чтобы завернуть визитку конкурента. В переполненном офисе неловкие диалоги и натянутые улыбки создают атмосферу напряженного юмора, где каждый жест может стать неожиданной сценой. Попытки сохранить лицо и устоять в борьбе за внимание превращаются в хаотичный спектакль, где искренность теряет смысл, а смех становится единственным спасением.",1
1176,"Студент возвращается в маленький горный город, чтобы исправить разрушенные отношения, сталкиваясь с тяжелой болезнью близкого человека. В напряженной атмосфере сострадания он пытается найти смысл в разрушениях и восстановить связь, которая казалась безнадежной. В каждой встрече скрывается не только боль, но и тихая надежда на исцеление.",2
1177,"В тени гигантского мегаполиса, где границы между правом и преступлением стираются, одинокий офицер борется с тьмой, которая захватывает города. Его путь превращается в ловушку — каждый шаг приводит к новым рискам, а страх провала становится сильнее, чем враг. В битве за правду он сталкивается с собственными страхами, которые могут разрушить всё, что он пытался защитить.",0
1178,"Молодой музыкант, разочарованный в своей карьере, случайно попадает в странный фестиваль на кампусе, где каждое действие превращается в театральную пьесу. Его жизнь осложняется убегающим котом, который начинает вести себя как главный герой сюжета. В хаосе неожиданных ситуаций он обнаруживает, что даже в абсурде можно найти немного смысла.",1
1179,"Бывший контрабандист возвращается в мегаполис, где его заставляют пересмотреть старые привычки. В поисках украденных документов он сталкивается с предательством внутри своей команды, что разрушает доверие и поднимает риски. Давление со стороны властей заставляет его балансировать между личными моральными убеждениями и выживанием, создавая тяжелый выбор, который определит его судьбу.",0
1180,"Он бежит из тюрьмы, не зная, куда идти, но знает, что должен найти пропавших. Страх неудачи заставляет его сражаться с элементами природы и своими собственными демонами, пока не оказывается на территории заброшенной военной базы, где каждый шаг превращается в битву за выживание. В бурю, разрывающей небо, он сталкивается с тем, что даже победа может быть пустой, если не вернуть утраченное.",0
1181,"Сергей, неудачливый бухгалтер, случайно попадает в летний лагерь, где его ждёт неожиданная соревновательная игра. В попытке выжить в абсурдных правилах он раскрывает секретную двойную жизнь, которая вынуждает его пересмотреть свои приоритеты. Путешествие становится не только испытанием, но и шансом найти баланс между реальностью и фантазией.",1
1182,"Он бежит по горячей тропе, где каждый шаг превращается в битву за выживание. На фоне грозящего всплеска насилия и разрухи острова его страх неудачи становится сильнее, чем враг. В погоне за пропавшим коллегой он сталкивается с тем, что даже победа не гарантирует спасения.",0
1183,"В условиях хаоса мегаполиса молодой детектив сталкивается с неизбежным выбором. Спасая ученого, он должен противостоять вооруженным врагам и давлению властей, которые не готовы ждать. Каждый шаг — битва между верой в себя и страхом потерять всё.",0
1184,"Международный курьер втягивается в тайную миссию, чтобы остановить заговор, который угрожает мировой стабильности. В заброшенной военной базе он сталкивается с вооруженными противниками, разрушая ложные убеждения и борясь с внутренними сомнениями. Доверие между ним и союзниками рушится, превращая каждую минуту в бой за выживание и правду.",0
1185,"В отдалённом регионе океана на контейнеровозе ведётся напряжённая борьба за выживание. Главный герой, расследовавший киберпреступления, сталкивается с критической задачей — предотвратить теракт, несмотря на сбой связи. Его внутренний конфликт между желанием искупить прошлое и необходимостью действовать в условиях хаоса добавляет драматизма каждому шагу.",0
1186,"Повар, живущий по принципу «все в хаосе», случайно вляпался в поддельную романтику, чтобы спасти карьеру. Его нелепая ложь обернулась катастрофой, когда секрет о прошлом всплыл на телевидении. В хаотичном мире, где каждый мгновение становится драматичным, он должен найти выход, не теряя самоуважения.",1
1187,"Писатель, потерявший связь с прошлым, приезжает в тихое сельское село, где старые обиды и тайны ждут своего часа. В одиночестве он сталкивается с лицом, которое когда-то разрушило его жизнь, и пытается искупить вину, но прошлое не отпускает. В тишине природы и густых лесах его душа разбивается на части, каждая из которых требует искупления.",2
1188,"Он возвращается в прошлое, где каждый шаг — это битва с собственными демонами. В высокозащищённом комплексе, где технологии и секреты спрятаны под слои стали, он должен убедиться, что прошлые ошибки не приведут к новой катастрофе. Его руки трясутся не от страха, а от вины, которая превращает каждый момент в гонку против времени и собственной совести.",0
1189,"Он возвращается к темным коридорам прошлого, где каждый шаг уносит вперёд, а каждый выбор — вглубь. В тени высокозащищённого комплекса, где время останавливается, он ищет тех, кто исчез в тумане тайн, но в его сердце ещё гудит боль предательства, которое не даёт покоя.",0
1190,"После провала в演艺生涯, актер наследует руины развлекательного парка, где скрывается неприятный секрет. В попытке спасти проект он привлекает местную театральную группу, но хаос и смешные казусы превращают ситуацию в незабываемое приключение. Вместо спасения парка, он находит новую веру в себя и в смешные приключения.",1
1191,"Воспоминания о прошлом возвращаются, когда отставной спецназовец вновь оказывается в центре опасной игры. Его задача — спасти свидетеля, который может разрушить планы могущественной картели, но страх провала заставляет сомневаться в своих силах. Заброшенная военная база становится ловушкой, где каждый шаг — битва между прошлым и настоящим.",0
1192,"Следователь по цифровым преступлениям борется с тенями подводного мира, пытаясь остановить катастрофу, которая угрожает всему миру. В борьбе с бурей и тайнами судна он сталкивается с давлением властей, которое заставляет его пересмотреть свои убеждения и ценности. С каждым днем в борьбе с бурей и тайнами судна он чувствует, как давление властей разрывает его внутренний баланс, заставляя выбирать между правдой и безопасностью.",0
1193,"В условиях хаоса переполненной мегасити пилот вертолета ввязывается в опасную миссию, чтобы остановить тайный план. Его путь пересекается с коварным картелем, чьи действия подрывают основы общества. Внутренние сомнения и нерешенная предательство добавляют напряжение, превращая каждый шаг в битву за выживание.",0
1194,"Герой, привыкший к хаосу свадеб, оказывается в нелепом конкурсе на летнем лагере, где семья не даёт ему покоя. Он пытается сохранить контроль, но абсурдные правила и вмешательство близких заставляют его пересмотреть свои приоритеты. В итоге он находит баланс между хаосом и порядком, несмотря на все препятствия.",1
1195,"Молодой основатель стартапа случайно вляпался в нелепую ситуацию — теперь ему приходится выкручиваться из фальшивой романтики, чтобы спасти репутацию. В центре хаоса — непредвиденная вечеринка в офисе, где каждый жест превращается в комический катастрофический момент. Попытки сохранить лицо превращаются в цепь непредсказуемых поворотов, где искренность теряет смысл, а смех становится единственным спасением.",1
1196,"Молодой основатель стартапа, полный амбиций и нулевого опыта, пытается запустить бизнес на коллегах, но его нелепый план сталкивается с неожиданным секретом, который разрушает его уверенность. В хаотичной атмосфере вуза смешные провалы и личные неудачи превращаются в пытку, где каждый день становится новым испытанием.",1
1197,"Молодой адвокат, потерявший веру в свою карьеру, возвращается в родной пригород, чтобы исправить прошлые ошибки и восстановить связь с семьей. В поисках ответов он сталкивается с собственными страхами и мечтами, которые могут изменить его жизнь.",2
1198,"В узком пространстве шумного подъезда он борется с тишиной, которую не может заполнить ни блюда, ни звонки клиентов. Каждый день — это битва за выживание, но в сердце остаётся пустота, которую никакие прибыли не могут залить. Его история — о том, как одна лампочка в углу может освещать не только кухню, но и скрытые трещины души.",2
1199,"Всё идёт не так на свадьбе, которую должен организовать хаотичный планировщик, вдруг выяснив, что жених и невеста — бывшие коллеги. В панике он пытается скрыть прорыв в сценарии, но в прямом эфире на локальном ТВ всё раскрывается. Смешные нелепицы и нервные жесты делают момент незабываемым, хотя никто не ожидал такого развязки.",1
1200,"Она возвращается в родной город, где тени промышленного упадка смыкаются с болью разрыва. Пытаясь восстановить связь с тем, кто оставил ее, она сталкивается с тайной, которая разрушает все, что осталось от прошлого. В тишине заброшенных заводов и тусклых улиц скрывается правда, которая заставит ее пересмотреть свои убеждения и принять неизбежное.",2
1201,"Он вернулся на остров, где всё начиналось, чтобы разобраться в тайне, которая угрожает всему. Но между ним и правдой стоит не только враждебный курорт, но и разрыв с братом, чья вера в него рухнула десятилетие назад. В бой с тьмой и пылью от войны он вовлекает не только себя, но и тех, кто доверял ему в прошлом.",0
1202,"В унылых переулках разрушающегося промышленного города отец борется с грузом одиночества, пытаясь защитить сына от угроз, исходящих изнутри самого сообщества. Его борьба защищать любимого становится напряженным диалогом между личной ответственностью и разрушением, что превращает каждый день в тяжелый выбор между прошлым и будущим.",2
1203,"Вдова-учитель, оставшаяся одна после мужа, берет на себя ответственность за умирающий бизнес родного дома в отдаленном сельском районе. Ее усилия сталкиваются с сопротивлением сына, который видит в ее решениях устаревшие методы, но в глубине чувствует одиночество матери. В борьбе за будущее каждого — тихая борьба с забвением и поиск смысла в остатках прошлого.",2
1204,"В центре внимания — тайный охранник, который сталкивается с неожиданными испытаниями. Его миссия раскрыть преступную сеть осложняется современными технологиями, а изолированный горный регион и снежные хребты добавляют напряжения. Внутри него бушует нерешенная предательство, которое осложняет каждый шаг.",0
1205,"Он бежал от прошлого, но теперь его путь пересекся с судьбой человека, чья жизнь зависит от его решимости. В тени разрушенного комплекса, где гул танков оглушает даже мысли, он должен преодолеть собственные страхи, чтобы вырвать из хаоса ученого, чья работа может изменить ход войны.",0
1206,"В тихом горном поселке, где каждый знает друг друга, безработный архитектор сталкивается с трудностями, пытаясь найти смысл в жизни. Его попытки улучшить общие места вызывают споры, но в сердце таится надежда на взаимопонимание. Через трудности и разногласия появляется шанс пересмотреть ценности и найти связь с людьми.",2
1207,"Пожилой врач, разбирающийся с личной болью, приходит в реабилитационный центр, где сталкивается с прошлыми травмами и попытками найти смысл в повседневной жизни. В тишине общения с пациентами и вспышках воспоминаний он пытается исцелить не только тело, но и разбитую душу, осознавая, что исцеление начинается с принятия прошлого.",2
1208,"Он бежал из тюрьмы, чтобы спасти мир — теперь его путь пересекся с тайной, которая может разрушить всё. В условиях растущего хаоса он бросается в бой, где каждая секунда — это битва между страхом провала и желанием вернуться к нормальной жизни.",0
1209,"Среди снежных вершин, где каждый шаг — битва за выживание, вертолетчик ищет правду, скрытую в тени власти. Его миссия превращается в ловушку, когда доверие рушится, а ледяные ветра сносят не только снег, но и последние надежды. Внутри него борется желание искупить прошлое и жажда выжить, когда тьма охватывает даже самые сильные сердца.",0
1210,"Всё начинается с неуклюжего курьера, который случайно вляпался в ловушку, чтобы выжить в мире, где даже нелепые ситуации обретают смысл. Его нелепая история быстро становится хитом, но это приводит к непредсказуемым последствиям, заставляя пересмотреть понятия любви, карьеры и того, что значит быть собой.",1
1211,"Молодой организатор свадьб, привыкший к хаосу, случайно становится центром внимания в торговых центрах, когда его ошибочно принимают за знаменитость. Скрытая двойная жизнь и неловкие ситуации заставляют его пересмотреть приоритеты, пока неясность и смех сменяют друг друга.",1
1212,"В тихом городке, где каждая улица хранит воспоминания, бывший спортсмен находит себя в семейном кафе, где тишина и незабываемые моменты сталкиваются с непрощёнными обидами. Его страх быть заброшенным превращает каждый день в битву с собой, где прошлое и настоящее сливаются в тихую, но болезненную реальность.",2
1213,"На изоляции тропического острова вертолетчик сталкивается с ловушкой, сплетенной из тайн и предательства. Его миссия — раскрыть заговор, но каждый шаг превращается в битву с собственными сомнениями и разрушением связей, которые когда-то были основой его веры.",0
1214,"В уединенном горном городке библиотекарь, сжатый тенью прошлого, пытается спасти умирающую бизнес, но каждый шаг преслует тревожные воспоминания. В тишине леса и тумана его усилия сталкиваются с внутренними бурями, где прошлое и настоящее переплетаются в тяжелом поиске искупления.",2
1215,"Безработный архитектор, потерявший веру в свои силы, сталкивается с внутренним кризисом, когда обязанности по уходу за больной матерью переплетаются с остатками старых мечтаний. В семейном кафе, где он пытается найти новое занятие, каждый день становится наполнен тревогой, отчаянием и тихой борьбой за смысл жизни.",2
1216,"В условиях тесных подземных тоннелей, где каждая секунда становится драгоценной, главный герой, расследуя преступления, сталкивается с опасными технологиями. Его путь к раскрытию скрытых связей правительства превращается в личную борьбу за искупление прошлых ошибок. Напряжение растет, когда технологии, созданные для контроля, становятся орудием для разоблачения правды.",0
1217,"Человек, который когда-то торговал запрещенными товарами, теперь бежит от теней прошлого, пытаясь выбраться из изолированного региона, где каждый шаг преследуют враги, следящие за ним. В подземных тоннелях, засеченные дронами, он сталкивается с собственными страхами и разрывом с близким человеком, чья вера в него разрушена молчанием.",0
1218,"Мэрия маленького туристического поселка оказывается в центре непростого вызова: организовать семейное собрание, которое превращается в хаос. Странные неожиданности и непредвиденные обстоятельства заставляют героя пересматривать понятия ответственности и принадлежности. В итоге смешение смеха и тревоги превращает кризис в неожиданную возможность для единства.",1
1219,"Молодой музыкант, разочарованный в жизни, приезжает в летний лагерь, чтобы найти вдохновение, но быстро оказывается в центре хаоса, вызванного вмешательством своей семьи. Попытки устроить порядок в крохотной квартире и справиться с навязчивым вниманием родственников превращаются в непрерывную цепочку абсурдных ситуаций, где каждый день становится сюрреалистичным эпизодом в его неудачной попытке начать с нуля.",1
1220,"Бывший контрабандист, преследуемый собственными воспоминаниями, врывается в секретный комплекс, где его ждут не только враги, но и испытания, которые могут разрушить его последнюю надежду на искупление. В бой за каждую секунду вступает человек, разрывающийся между страхом перед прошлым и жаждой спасения, пока тени в лабиринтах центра не раскрывают тайну, которую он не смог уберечь.",0
1221,"В хаотичном мире телевизионного шоу молодой организатор свадьб борется с катастрофической ошибкой, которую не может скрыть. Его враждебный конкурент не даёт ему шанса, превращая каждую минуту в спектакль из непредсказуемых поворотов. Вместо уюта и романтики царит баланс между смехом и напряжением, где каждый жест — это битва за уважение.",1
1222,"Он возвращается к прошлому, где тени заброшенной военной базы переплетаются с воспоминаниями о неудачах, которые привели к потере команды. В одиночку, без поддержки и с ограниченными средствами, он погружается в лабиринт разрушений, где каждый шаг приносит новые опасности и ставит под сомнение его собственную ценность. Вина за прошлые ошибки преследует его, но в тишине разрушенных стен он находит шанс исправить судьбу тех, кто оставил след в пыли времени.",0
1223,"Учитель с неловким блестящим умом пытается скрыть катастрофическую ошибку в своем новом проекте, пока амбициозный коллега не превращает ситуацию в жаркую схватку на съемочной площадке. В танце между неловкостью и драматичным напряжением каждая сцена становится не только испытанием, но и возможностью найти связь, которую никто не ожидал.",1
1224,"В удушливом мегаполисе, где каждый шаг превращается в бой, подводный инженер ввязывается в гонку с технологиями, чтобы спасти свидетеля, чья жизнь висит на волоске. Его прошлое — тень, которую не может оставить в прошлом, сталкивается с настоящим, где каждый выбор обернётся кровью.",0
1225,"Инспектор по цифровым преступлениям в одиночку борется с преследователями в изолированном горном регионе, где снег закрывает все пути. Его бегство осложняется нехваткой ресурсов и разрывом с близким человеком, чья поддержка стала ключевой в этой ситуации. В каждой снежной буре и каждом шаге он сталкивается с собственными страхами и неопределенностью будущего.",0
1226,"Молодой детектив сталкивается с грозящей крахом платформой и внутренними интригами, когда пытается вернуть украденные документы. Поверхность, на которой он борется за правду, становится ловушкой, а его связь с родственником превращается в личную войну.",0
1227,"В небольшом туристическом поселке амбициозный инфлюенсер пытается скрыть катастрофическую ошибку, которая угрожает разрушить его карьеру. Его попытки сохранить лицо сталкиваются с абсурдными препятствиями, включая завистливого соседа, который не намерен оставаться в тени. В хаотичном ритме и непредсказуемых поворотах история раскрывает не только смешные моменты, но и глубокие эмоции, связанные с мечтами и страхами.",1
1228,"Стареющий врач, столкнувшись с неизбежностью старения, возвращается в реабилитационный центр, где сталкивается с разрушением связей, которые казались непоколебимыми. Скрываемая предательство, которую он не мог заметить, вынуждает его пересмотреть свои убеждения и найти путь к искуплению в тишине и больших эмоциях.",2
1229,"В бушующем море на грузовом судне одинокий бывший пожарный разгадывает тайны, скрывающиеся в коррупции власти. Его путь пересекается с тенетами загадочного убийцы, чья смертельная игра поднимает старые обиды и разрушает последние остатки доверия. В каждой волне океана звучит эхо несправедливости, а каждый шаг к правде превращается в битву с собственными страхами.",0
1230,"Офицер границы вынужден действовать в условиях ограниченной связи, чтобы вернуть украденные документы, которые могут изменить ход событий. В холодном промышленном порту, где каждый шаг звенит под ледяным ветром, его страх провала становится крепче, чем лед на воде. Время течет, а надежда на помощь тает вместе с остатками тепла.",0
1231,"Вертолетчик, переживший личную трагедию, борется с штормом и обрушивающейся платформой, чтобы спасти членов экспедиции. Его внутренние переживания и внешние опасности создают напряженную атмосферу, где каждый момент становится испытанием. В борьбе за выживание проявляется не только мастерство, но и неизбежная встреча с собственными страхами.",0
1232,"Вертолетчик, борющийся с внутренними переживаниями, ввязывается в опасную миссию, чтобы спасти ученого, исчезнувшего в тумане мегаполиса. В условиях хаоса и ограниченной связи он сталкивается с техническими трудностями и попытками искупить прошлые ошибки. Каждый поворот пути наполнен напряжением и личными переживаниями, которые тянут его к решению — спасти или потерять себя.",0
1233,"Он возвращается в подземные тоннели, где тени прячут страшные секреты, и каждый шаг превращается в битву с собственными страхами. Украденные документы — не просто объект, а символ разрушения, который он не может остановить, пока не разберется с тем, кто оставил его в одиночестве. В тесноте туннелей и тени мести его сердце бьется между верой в правду и болью за то, что потерял.",0
1234,"Юный адвокат, потерявший веру в справедливость, приезжает в тихое прибрежное поселение, где тишина и безмятежность заставляют его пересмотреть свои убеждения. Болезнь, от которой он бежал, превращает его в незнакомца, заставляя искать смысл в простых ритмах жизни и незримых связях, которые он раньше проигнорировал.",2
1235,"Бывший маг, потерявший волшебство, решает открыть бизнес, не имея опыта, и вдруг обнаруживает, что его скрытый секрет о прошлом вдруг становится неприкрытым. В атмосфере курортного курорта, где каждый день превращается в новый спектакль, полный непредвиденных поворотов и искреннего смеха.",1
1236,"Бывший маг, унаследовав умирающий аттракционный парк, пытается спасти его, но его планы осложняются бегущим питомцем. Вместо волшебства он сталкивается с неловкими ситуациями на кампусе, где каждый поворот оказывается ещё более запутанным. Смешные моменты и неожиданные повороты делают его попытки выживания не только неловкими, но и трогательными.",1
1237,"Амбициозный блогер мечтает превратить семейную встречу в шоу, но постоянные недоразумения и хаос на локальной телестудии заставляют его пересматривать приоритеты. В попытках уладить конфликты между родственниками и снять событие в режиме реального времени он сталкивается с непредсказуемыми поворотами, которые делают его мечты о славе не только нереалистичными, но и смешными.",1
1238,"Молодой адвокат, прибывший в тихую горную деревню, пытается найти утешение в работе, но одиночество захлестывает его с каждой новой ночью. Секретная предательство, раскрытая в ходе расследования, разрушает его уверенность, заставляя пересмотреть прошлое и настоящее. В уединении гор он сталкивается с тем, что даже в самой тихой местности не все скрывается за маской доброты.",2
1239,"Молодой музыкант, потерявший связь с близким человеком, возвращается на университетский кампус, чтобы искупить вину и найти исцеление в музыке. В тишине лекционных аудиторий и среди знакомых улиц он сталкивается с воспоминаниями, которые не дают покоя, но в каждом аккорде находит шанс обрести прощение.",2
1240,"Он бежит от прошлого, но прошлое не отпускает. В борьбе за выживание на борту грузовика в океане каждая секунда становится битвой с собственными демонами и жестокими врагами, которые хотят уничтожить его навсегда. Время идет, а он все еще не готов смотреть в лицо тому, что осталось после того, что случилось.",0
1241,"Вдова, оставшаяся без супруга, пытается восстановить отношения с сыном, но тяжелый путь к примирению осложняется давлением соседей и собственными сомнениями. В переполненном жилом комплексе она сталкивается с напряженностью, смутными воспоминаниями и тяжестью прошлого, которая превращает каждый день в испытание.",2
1242,"Новый детектив отправляется в горы, где снежный шторм затрудняет поиски пропавшей экспедиции. В условиях изоляции он сталкивается с внутренними конфликтами и тайной, связывающей его с членом команды. Каждый шаг — битва с природой и собственными страхами, пока не разгадается трагическая правда.",0
1243,"Подводный инженер, оказавшийся в подземных тоннелях, борется за выживание, когда вооруженные группы мешают ему покинуть изолированную зону. В тесном пространстве тоннелей каждое движение становится стратегическим, а доверие к союзникам разбивается на осколки. В бой ввязывается не только за свою жизнь, но и за остатки веры в человечность.",0
1244,"На борту грузового судна в открытом море одинокий лидер отряда борется за жизнь неизвестного свидетеля, чья судьба связана с тайной, которую нельзя оставить без внимания. Ограниченная связь с командой и сомнения в верности союзников превращают каждую минуту в битву между доверием и страхом потери контроля.",0
1245,"Молодой организатор свадьб, привыкший к хаосу, случайно въезжает в таинственное жилье, где каждый сосед имеет свой странный ритуал. Вместе с ним в новое пространство врывается неприятный секрет, который быстро превращает его жизнь в шоу с непредсказуемыми поворотами. В центре внимания — местный торговый центр, где каждая встреча становится возможностью для неловкого признания.",1
1246,"Старый доктор, потерявший веру в свои силы, приезжает в тихую горную деревушку, где каждый день становится напоминанием о том, что время не щадит никого. В уютных улочках он встречает тех, кто не ждёт от него чудес, но в их глазах читает собственную боль — страх быть забытым и бесполезным.",2
1247,"Невероятно хаотичный организатор свадьбы борется с непредвиденными обстоятельствами, пытаясь скрыть гигантскую ошибку, которая вдруг превращается в неожиданный вирусный хит. В уютном курортном месте смешные нюансы и непредсказуемые повороты делают каждую минуту наполненной юмором и неожиданными открытиями. Вместе с ним зрители путешествуют по волнам счастья и непредвиденных событий.",1
1248,"Он возвращается к прошлому, чтобы остановить катастрофу, которая может уничтожить всё. Пока он сражается с таинственным убийцей на обрушивающейся платформе, страх неудачи заставляет его пересмотреть свои моральные устои. В хаосе разрухи и тени скрывается не только враг, но и собственное прошлое, которое не даёт покоя.",0
1249,"Молодой иммигрант, живущий в семейном кафе, сталкивается с одиночеством и разногласиями с родителями, которые не понимают его стремление к новой жизни. В тишине завтрака и шуме вчерашних разговоров он ищет путь к принадлежности, где каждый крик и улыбка становятся шагом к пониманию.",2
1250,"На краю обрушения разрушающейся платформы подводный инженер сталкивается с неизбежной битвой. Его миссия — спасти ключевого свидетеля, чья информация может изменить ход дела. Но страх неудачи и угроза опасного картеля заставляют его пересмотреть свои приоритеты, когда каждый шаг приводит к новой трагедии.",0
1251,"Он погружается в тени заброшенной военной базы, где каждый шаг приносит новые риски, а связь с миром срезана. Старая рана, оставшаяся от прошлого, преследует его, когда он сталкивается с тайнами, которые могут изменить его судьбу. В тишине пыльных коридоров он ищет ответы, но не знает, что сам становится частью ловушки.",0
1252,"Молодой амбициозный блогер решает запустить собственный бизнес, не задумываясь о реальности. Вместо ожидаемого провала его неожиданно обрушивается вирусный успех, заставляя пересмотреть свои мечты и реальность. На фоне летнего лагеря и хаоса он учится справляться с давлением, смешными ситуациями и собственной неуверенностью.",1
1253,"В тихой горной деревне, где каждый знает каждого, студент-первокурсник борется с одиночеством, ощущая давление социальных ожиданий. Его попытки влиться в жизнь окружения приводят к непростым выборам, раскрывая глубину его внутренних конфликтов. Фильм исследует, как одиночество может стать источником силы, когда человек учится видеть в себе нечто большее, чем страх быть не вписанным.",2
1254,"Молодой музыкант, терзаемый сомнениями в собственном таланте, случайно попадает в странный локальный фестиваль, где реальность и абсурд смешиваются в коктейль. Его сосед, завистливый и неуверенный в себе, начинает преследовать его, пытаясь разрушить мечты о славе. В тесном офисе, где каждый день превращается в комедию неудач, он должен найти баланс между хаосом и надеждой.",1
1255,"Он потерял работу, но нашел в себе силы вернуться в родной пригород, где ждут его сестра и сын. Вместе с ними он сталкивается с непростыми разногласиями, которые затягивают в глубь семейных уз, заставляя пересмотреть свои убеждения и найти общий язык. В тишине улиц и звуков дождя раскрываются тайны, которые связывают их всех, даже если они не хотят признавать это.",2
1256,"Сбежавший из тюрьмы бывший военный находит себя в центре заговора, который может привести к катастрофе. На изолированном тропическом острове, где все больше приближается катастрофа, он борется с внутренним кризисом доверия, сталкиваясь с опасностями, которые разрушают его последние надежды.",0
1257,"Студент, уверенный в себе и несгибаемый, случайно становится звездой интернета, но его слава начинает влиять на личную жизнь. В маленьком туристическом городе, где каждый знает каждого, его семья пытается управлять ситуацией, что превращает повседневность в хаос. Смешные моменты и непредсказуемые повороты создают динамику, где искренность сталкивается с давлением ожиданий.",1
1258,"Молодой спасатель, привыкший к штормам и ледяным ветрам, теперь сталкивается с угрозой, которая выходит за рамки его прошлого опыта. Он должен разобраться в тайне, связанной с секретными экспериментами, которые угрожают всему региону, несмотря на угрозы и давление со стороны властей. Замерзший промышленный порт становится фоном для развязки, где каждый шаг может решить судьбу не только героев, но и целого города.",0
1259,"После увольнения из бухгалтерии он переезжает в шикарный отель, где каждый день превращается в цирк. Секрет о его прошлом вдруг выходит из-под контроля, смешивая личные неприятности с безумной жизнью соседей. В хаосе он учится смеяться над собой, хотя не уверен, что это поможет.",1
1260,"Новый детектив, столкнувшись с тяжелым прошлым, пытается исправить ошибки, которые привели к трагедии. В холодном промышленном порту он сталкивается с загадочным убийцей, который мешает ему предотвратить теракт. Вина и страх преследуют его на каждом шагу, но только совместная борьба может спасти жизни.",0
1261,"Мерсериальный лидер, привыкший к хаосу, сталкивается с самыми тяжелыми испытаниями. Его миссия — защитить ключевого свидетеля от опасного картеля, который готов на всё, чтобы уничтожить правду. В заброшенной военной базе, где каждый шаг — в бой, внутри него разгорается борьба за доверие, которое уже было разрушено.",0
1262,"В заброшенном промышленном городе молодой музыкант ищет способ искупить прошлое, но тень утраты и несмоленные обиды тянут его в пропасть. Каждая нота, которую он играет, становится признанием, что прошлое не ушло, а лишь ждёт момента, чтобы вернуться.",2
1263,"Хаотичный повар, вечно теряющий ингредиенты, вынужден выжить в безумной гонке за кулинарным титулом. Его путь осложняет бегущий питомец, который превращает офис в хаотичную трагедию. В смешении кулинарных экспериментов и убегающих животных рождается ироничная история о непредсказуемости жизни.",1
1264,"Вертолетный пилот, разбирающийся в ледниках, несомненно, знает, как бороться с непогодой. Но когда его миссия превращается в ловушку, он сталкивается с тем, что внутри его команды скрывается тайна, которую не может проигнорировать. Снег, который раньше был просто препятствием, теперь становится символом его собственного разума, и каждая минута в горах напоминает ему о прошлых ошибках, которые он не может исправить. Но в этом хаосе он должен найти не только пропавших, но и себя.",0
1265,"Отставной спецназовец, борющийся с страхом провала, должен остановить теракт на грузовике, где тень войны уже тянет к борту. Его руки трясутся не от усталости, а от мысли, что каждый миг может стать последним.",0
1266,"В тихом прибрежном поселке подросток, прибывший из другой страны, борется с одиночеством и финансовой нестабильностью. Его дни наполнены тихими размышлениями и мечтами о том, как найти связь в новом месте, где каждый шаг приводит к новым испытаниям и тонким оттенкам надежды.",2
1267,"Alex, амбициозный основатель стартапа, случайно втягивается в странный фестиваль своего университета, где традиции перерастают в хаос. Когда организованный мероприятие превращается в нелепую катастрофу, он вынужден сражаться с неожиданными препятствиями, объединяя смелость и юмор. Вечер наполнен смешными несчастными случаями и неожиданными союзами, которые заставляют его пересмотреть приоритеты.",1
1268,"Молодой музыкант прибывает в реабилитационный центр, чтобы справиться с личной болью после потери близкого. В напряженной атмосфере конфликта с другими пациентами он ищет исцеление, сталкиваясь с внутренними демонами и неожиданными связями. Каждый шаг к выздоровлению наполнен тяжелыми переживаниями, но в сердце остается надежда на обновление.",2
1269,"В отдалённом сельском районе молодой рабочий, прибывший из города, пытается найти место в новой жизни, сталкиваясь с непониманием и сопротивлением старшего поколения. Его усилия адаптироваться осложняются не только культурными различиями, но и глубоким разрывом в ценностях, который разрывает связь с родными. В тишине поля и безлюдных дорог он ищет путь к принятию, но каждый шаг кажется погружением в бездну одиночества.",2
1270,"Он возвращается в пустынный город на границе, где прошлое преследует каждый шаг. Потеряв доверие и статус, разведчик теперь борется не только с опасным картелем, но и с собственными демонами, которые превращают каждую схватку в испытание. В тени пустыни его прошлое и настоящее сталкиваются, превращая миссию в личную войну.",0
1271,"Бывший пожарный оказывается в ловушке на грузовом судне, где его преследуют неизвестные. Ограниченные возможности связи и бездействие окружающих заставляют его бороться с собственным страхом неудачи. Время течет медленно, а каждое решение становится испытанием, которое может определить его судьбу.",0
1272,"Он бежал от прошлого, но теперь его поймали на корабле, где готовится катастрофа. В одиночку, без поддержки и с тяжестью собственной вины, он пытается остановить теракт, который может уничтожить весь маршрут. Волны океана и молчание палубы отражают его внутренний хаос — каждый шаг приносит боль, но он не может остановиться.",0
1273,"В тумане моря, где обрушивается старая платформа, одинокий спасатель борется за жизнь, преследуемый теневой фигурой, чья цель — уничтожить его. Внутренний конфликт растет, когда власти требуют подчиниться, а каждый шаг превращается в гонку с собственным страхом. В хаосе моря и металла остается только верить в собственную силу, чтобы не стать следующей жертвой.",0
1274,"Она приехала в университетский город, чтобы начать новую жизнь, но старые тени не позволяют ей отпустить прошлое. В библиотеке, где раньше чувствовала себя в безопасности, теперь тихие битвы с воспоминаниями заставляют сомневаться в себе. Каждая страница книги становится напоминанием о том, что прошлое не уходит, а превращается в часть настоящего.",2
1275,"В отдалённой горной местности, затопленной снегом, одинокий следователь, разбирающий цифровые следы преступлений, ввязывается в погоню за пропавшей экспедицией. Его мотивация — не просто найти людей, а исправить собственное прошлое, омрачённое ошибками, которые теперь угрожают жизни чужих. В ледяной тишине каждое движение становится битвой между волей и страхом, где победа — не в силе, а в способности вернуться к истине.",0
1276,"После ухода с должности медсестры Эллен возвращается к жизни, чтобы спасти умирающую гостиницу университета. Внутри стен, где каждый день дышит историями студентов, она сталкивается с тайной предательства, что разрушает её планы. Тонкие нити доверия и непримиримых мотивов ведут к неожиданному раскрытию, где правда становится самым страшным испытанием.",2
1277,"Парень, который борется за место в музыке, решает организовать семейное свидание, но его планы рушатся из-за завистливого соседа. В летнем лагере, где каждый день становится хаосом, он сталкивается с непредсказуемыми поворотами, которые заставляют его пересмотреть свои приоритеты. В смешных ситуациях он находит связь с близкими и понимает, что настоящая гармония — в неожиданных моментах.",1
1278,"Он укрывается на тропическом острове, оставшись без поддержки после гибели команды. Время течет медленно, но тени врага уже приближаются, а его прошлое возвращается в виде неизбежного выбора. Каждый шаг — битва с собой, страхом и тенью прошлого, которая не отпускает.",0
1279,"Мэр маленького городка пытается организовать семейную встречу, которая превращается в хаос из-за непредвиденных обстоятельств. Вместо уютного собрания в коммунальном театре начинается цирковое представление с непроизвольными каверзами и неожиданным вниманием со стороны интернета. В хаосе скрывается искренняя связь с родными, которая вдруг получает неожиданный отклик.",1
1280,"На борту грузового судна в океане телохранитель сталкивается с опасной преступной сетью, которую охраняет коррумпированная система. Его борьба за правду превращается в личную войну с страхом провала и моральными дилеммами, которые разрывают его внутренний мир.",0
1281,"Сердце писателя, застывшего в тени подъезда, тянет к прошлому, где разрушены мосты между ним и дочерью. Каждый шаг по газонам соседнего квартала напоминает о незабвенных воспоминаниях, которые теперь превратились в тоску и тяжесть. Он пытается превратить боль в слова, но даже бумага кажется холодной, когда речь идет о том, что не сказано.",2
1282,"Она проводит дни среди старых книг, но теперь каждая страница напоминает о том, что потеряла. В тихом промышленном городе, где заводы молчат и улицы пустуют, её карьера рушится, а сердце тонет в тишине. В поисках смысла в развалинах прошлого она сталкивается с тем, что даже книги не могут исцелить душу, если нет сил поверить в будущее.",2
1283,"Он вернулся в тени прошлого, чтобы раскрыть тайны, которые убивают доверие. В пустынном городе на границе каждая тень скрывает улики, а каждый шаг — риск. Но внутри него бушует борьба с тем, кто когда-то был близок, и теперь становится преградой на пути правды.",0
1284,"Неустроенный повар пытается скрыть громкую ошибку, которая угрожает его карьере. Семья, не желающая отступать, вмешивается в его хаотичные попытки спасти ситуацию. В небольшом туристическом поселке, где каждая минута становится драматичной, его беда превращается в хаос, который невозможно контролировать.",1
1285,"Социально неуверенный учитель решает открыть собственное дело, не имея опыта, что приводит к абсурдным ситуациям в сердце подросткового торгового центра. В ходе неудачного мероприятия в магазине, расположенном в сердце подросткового торгового центра, его неловкость и непрофессионализм превращаются в комический спектакль, где каждый момент наполнен непредсказуемыми поворотами. Путешествие от смешных провалов к незамысловатому успеху становится неожиданной возможностью для роста и новых отношений.",1
1286,"После разрушения карьеры бывший спортсмен возвращается в реабилитационный центр, где сталкивается с тяжелым испытанием — заботой о больной матери. Внутренний конфликт между обязанностями и мечтами о возрождении прошлого превращает каждый день в напряженную борьбу за смысл жизни.",2
1287,"Бывший маг, привыкший к аплодисментам и волшебству, вдруг оказывается в роли бизнесмена, который не знает, как начать. Его попытки запустить квест в люкс-отеле превращаются в хаос, а скрытая двойная жизнь вынуждает справляться с неловкими ситуациями, где каждый жест кажется неправильным. Вместо волшебства — путаница, но в ней прячется искренняя смесь смеха и отчаянной надежды на успех.",1
1288,"На фоне шумов океана и мерцающего света фар в ночи одинокий следователь ввязывается в смертельную игру с теми, кто скрывает правду за границей законности. Его путь — разобраться в тайне, которая угрожает всем, но страх провала заставляет сомневаться в каждом шаге. В темноте контейнеровоза каждое движение становится смертельно важным, а правда — единственной надеждой на спасение.",0
1289,"После увольнения с работы он решает переехать в старый дом, где каждый день становится хаотичнее. В попытке адаптироваться к новой жизни он случайно вовлекается в организацию роскошного мероприятия, где его неуклюжие действия превращают событие в неловкую катастрофу. Вместо спокойной передышки он оказывается в центре внимания, где каждый шаг становится источником смеха и непредвиденных последствий.",1
1290,"Он стоит на грани хаоса и порядка, где каждая секунда — битва за выживание. В тени высокой безопасности, где шепот тайных разговоров искажает реальность, он пытается разгадать загадку, которая угрожает разрушить всё. Внутри — тень прошлого, где доверие стало хрупким, а выбор между долгом и личной правдой превратился в неизбежную катастрофу.",0
1291,"В бывшем пожарном, разорвавшем связь с прошлым, вспыхивает жгучая потребность спасти свидетеля, чья жизнь висит на волоске. В тесном мегаполисе, где каждый уголок усеян опасностями, он сталкивается с загадочным убийцей, чьи действия заставляют его пересмотреть свои убеждения. Внутренний конфликт между долгом и страхом разрывает его, когда давление властей подталкивает к неизбежному выбору.",0
1292,"В тихом университете, где каждый шаг звучит как отзвук прошлого, библиотекарь, долгие годы скрывающая боль утраты, находит в книгах не только знания, но и отклик души. Её путь к исцелению пролегает между страницами забытых историй и случайными встречами, которые постепенно раскрывают глубину её одиночества. В каждом вздохе — тень прошлого, а в каждом взгляде — надежда на будущее.",2
1293,"В тихом прибрежном поселке библиотекарь сталкивается с тяжелым выбором: между обязанностями по уходу за больной матерью и мечтой о карьере. Время тянется медленно, а каждый день наполнен тихими борьбой и сомнениями. Море за окном кажется спокойным, но внутри — буря, которую невозможно утихомирить.",2
1294,"В уютном кафе, где витает аромат свежесваренного кофе, бывший спортсмен возвращается к месту, где всё началось. Пытаясь спасти семейное дело, он сталкивается с тенями прошлого, которые не позволяют ему двигаться вперёд. Каждый день наполнен молчаливыми встречами и тихими разговорами, где прошлое и настоящее переплетаются в тёплом, но сложном ритме жизни.",2
1295,"Молодой музыкант, терзаемый сомнениями, переезжает в шумную квартиру, где каждый день превращается в хаос. Вскоре он обнаруживает, что его соседи ведут двойную жизнь, а сам он не может разобраться, что важнее: музыка или работа в переполненном офисе. Смешные моменты и ироничные ситуации раскрывают глупость современной жизни.",1
1296,"Повар, живущий в мире собственных правил, случайно попадает в виртуальную сферу, где его непорядочность становится темой обсуждения. Попытки угодить всем превращаются в цирк, а каждый день — это новый спектакль, где смех и непонимание переплетаются в хаотичном танце. Вместе с ним в телестудию врывается неожиданность, которая либо разрушает, либо обретает смысл.",1
1297,"В центре повествования — лидер отряда, который несет ответственность за свою команду, но теперь сталкивается с личной трагедией. Его миссия — спасти ученого, похищенного коррумпированными чиновниками, которые скрывают правду о катастрофе на разрушающейся платформе. В каждой сцене чувствуется напряжение, смешанное с отчаянием и стремлением к искуплению.",0
1298,"В тихом горном регионе молодой спасатель, привыкший к безысходности, вдруг оказывается в центре скандала, связывающего его с тайной, которая угрожает всем. С каждым шагом в глубь заведения, защищенного не только броней, но и ложью, он чувствует, как давление властей разрывает его между долгом и правдой.",0
1299,"Средний-aged писатель, застрявший в творческом кризисе, пытается найти путь к искуплению, но социальное давление окружает его со всех сторон. В переполненном жилом комплексе каждая встреча становится напряженной, а каждый шаг — напоминанием о прошлых ошибках. Он ищет спасение в словах, но страх осуждения мешает ему выйти из тени.",2
1300,"Вечеринки в уютном кафе на территории университета становятся для владельца заведения единственным убежищем от одиночества. Но когда тени прошлого начинают преследовать его вновь, скрытая предательство разрывает иллюзию тепла, заставляя пересмотреть свои убеждения и искать истинную связь в хаотичном ритме академической жизни.",2
1301,"Неловкий учитель вдруг оказывается в центре абсурдного конкурса, где правила меняются каждую минуту, а победа требует не только смекалки, но и непростого взаимодействия с неожиданными участниками. Его неловкость превращается в неожиданную силу, когда случайная вирусная вспышка превращает его нелепые попытки в интернет-феномен. В тесной студии телевидения смех и напряжение переплетаются, как будто каждый момент ждет своей доли драмы.",1
1302,"Учитель, страдающий от социальной неуверенности, пытается скрыть нелепую ошибку в лекции, которая превращается в хаос. Его неловкое объяснение приводит к непредвиденному вирусному хиту, оставляя его в ситуации, где слава и смущение переплетаются. Колледж становится местом безумных сцен, где каждая минута наполнена непредсказуемостью и непринужденной глупостью.",1
1303,"Он приехал в новую городскую жизнь, полный надежды и пустых стен, но каждый квадратный метр узкого подъезда напоминал о его упущенных возможностях. Скрытая предательство разрушает его уверенность, заставляя пересмотреть отношения, которые казались неизбежными. В тесноте и шуме он ищет выход, где каждый шаг становится шагом к пониманию себя и других.",2
1304,"Он бежит от прошлого, но на тропическом острове его путь пересекается с тенями прошлого. Сквозь шум волок и грохот выстрелов, он пытается скрыться от тех, кто хочет уничтожить его и его семью. В каждой сцене — битва не только с врагами, но и с собственными страхами, которые застряли в сердце.",0
1305,"Бывший пожарный оказывается в ловушке, когда снежные лавины закрывают доступ к горному поселку. Он должен выжить, несмотря на отсутствие продовольствия и поддержки, пока власти не подвергают его сомнению. Страх и одиночество становятся его постоянными спутниками, когда каждый шаг приводит к новой угрозе.",0
1306,"Молодой адвокат возвращается в тихое прибрежное село, где его ждет не только руины увядшего бизнеса, но и тяжелая болезнь близкого человека. В борьбе за спасение предприятия он сталкивается с собственными страхами и неопределенностью будущего. Сцены у моря и тихие разговоры подчеркивают тонкую линию между надеждой и отчаянием, оставляя после просмотра ощущение незавершенного, но важного пути.",2
1307,"В тихой библиотеке маленького городка живёт человек, который уже не может найти покой. Чтобы спасти любимого, он втягивается в хаотичную жизнь переполненного жилья, где каждый день сталкивается с воспоминаниями о прошлом. В шуме и суете он ищет способ превратить боль в действие, держа в сердце остатки надежды.",2
1308,"Молодой основатель стартапа вдруг оказывается в центре абсурдного конкурса, где каждая минута превращается в спектакль. Его неловкость растет с каждым днем, когда неожиданная вирусная волна превращает его нелепые попытки выжить в курортном хаосе в глобальный феномен. Смешные ситуации перерастают в трагикомедию, где даже провал кажется счастливым исходом.",1
1309,"В холодном мраке замерзшего промышленного порта одинокий охранник бьется за последний шанс спасти жизни, пока внутри его команды таится предательство. Его руки трясутся не только от холода, но и от тяжелого прошлого, которое ведет к жестокой правде. Каждый шаг — это битва не только с врагом, но и с собой.",0
1310,"В тени высокозащищённого научного центра журналист, скрывая свою личность, борется за выживание в смертельной гонке, где каждая секунда становится битвой. Напряжение растёт с каждым шагом, а гроза, разразившаяся над лабораторией, превращает погоню в хаос, где страх провала переплетается с отчаянием. В бушующей тьме он ищет выход, но не знает, что следующий поворот может изменить всё.",0
1311,"Марк, несчастливый организатор свадьб, попадает в ловушку странных традиций местного фестиваля, где всё сходит с ума. Его семья, не желающая отпускать его в одиночку, вмешивается в каждую деталь, создавая хаос, который даже не снился в его худших кошмарах. В торговых центрах, где время теряет смысл, он пытается сохранить лицо, но смех искрится в каждом взаимодействии.",1
1312,"Он бежит от прошлого, но пустынный город на границе не дает укрытия. Вместе с ним — непростые союзники, чьи секреты становятся смертельными ловушками. Каждый шаг — битва с собственным страхом, а предательство разрывает связь, оставляя его один на один с тьмой и неизбежностью.",0
1313,"Спрятавшись в тени, журналист проникает в разрушенный военный лагерь, чтобы разоблачить тайный заговор. Встречая сопротивление профессиональных вооруженных банд, он сталкивается с собственными демонами, ищая искупление за прошлое.",0
1314,"На тропическом острове, где леса скрывают тайны, одинокий офицер границы ведет расследование, преследуемый тенями прошлого. Его миссия — раскрыть схему, угрожающую безопасности, но внутри его команды таится предательство, которое разрушает доверие и заставляет сомневаться в собственных силах. В борьбе с врагом он сталкивается с личной трагедией, которая не даёт покоя даже в моменты победы.",0
1315,"Учитель, живущий в мире формальностей, случайно попадает в нелепую ситуацию: чтобы избежать скучного урока, он вынужден сыграть влюбленного с соседкой. Его неловкость только усиливается, когда ревнивая соседка начинает вмешиваться в их «взаимную» историю. В роскошном отеле, где каждый уголок пропитан излишней элегантностью, хаос превращает повседневность в абсурдную комедию.",1
1316,"Он бежит по пыльному коридору заброшенного форта, где каждый шаг уносит его дальше от преследователей и ближе к разрушению. Внутри него гремит тяжелая ноша прошлых ошибок — страдания, предательство и собственная вина, которые превращают бегство в пытку. В темноте, где время тает вместе с надеждой, он пытается не только спастись, но и искупить себя.",0
1317,"В тихом прибрежном поселке учитель, потерявший супруга, борется с тяжестью прошлого, пытаясь защитить дочь, чья судьба связана с тайнами моря. Каждый день становится битвой между долгом и болью, а привычная рутина раскалывается на тревожные моменты, где прошлое и настоящее переплетаются в незабываемые, сладко-горькие образы.",2
1318,"Он вернулся к прошлому, чтобы раскрыть преступную сеть, но заброшенная военная база превратилась в ловушку. Каждый шаг — битва с собственным страхом провала, а вооруженные мечтатели не дают ему шанса на ошибку. В тени разрушенных зданий прошлое и настоящее сталкиваются, а его решимость становится единственным оружием.",0
1319,"В тихом умирающем городе женщина, потерявшая мужа, борется с долгами и виной за свою неспособность защитить семью. Ее путь к искуплению скрывается в уроках, где она пытается донести надежду к детям, страдающим от забвения и безысходности. Каждый шаг — это битва с прошлым, но в глазах учеников она видит слабый свет, который может превратиться в будущее.",2
1320,"Планирование свадьбы — это уже не просто работа, а настоящий вызов для неорганизованного специалиста, который случайно оказывается в центре внимания. Когда его принимают за знаменитости, неожиданная вирусная популярность превращает его в героя местного торгового центра. В хаосе превращается не только событие, но и сама жизнь, наполненная смехом, непредсказуемостью и теплом.",1
1321,"Одинокий отец борется с неизбежностью, пытаясь спасти умирающий бизнес, но тень прошлого тянет его обратно в прошлое. В переполненном жилом комплексе каждый день становится напоминанием о том, что потеря не уходит, а только превращается в часть нового пути.",2
1322,"Он возвращается к месту, где всё начиналось, чтобы раскрыть скрытые тайны власти, но пытается уберечь брата от разрушительного прошлого. В тени заброшенного военного городка каждая минута становится битвой между верой и страхом, а личные обиды разрывают связь, которую невозможно восстановить.",0
1323,"Алексей, неутомимый организатор свадьб, попадает в нелепую ситуацию, когда вынужден сыграть роль жениха в уик-энд-лагере. Попытки скрыть связь с девушкой-клиентом приводят к катастрофе на открытом воздухе, где каждый момент становится драматичным. Смешные провалы и непредсказуемые повороты делают этот летний лагерь местом, где даже планы рушатся с юмором.",1
1324,"Он бежал от прошлого, но теперь его путь пересекся с ловушкой, которая когда-то уничтожила его семью. В тени заброшенной военной базы он разгадывает тайны, скрытые в коррупции, которая угрожает всему обществу. Каждый шаг приводит к новым рискам, а старые обиды мешают смотреть в лицо правде.",0
1325,"Новый сосед в соседнем подъезде — амбициозный конкурент, который не терпит неудач. Вместе с ним в офисе появляется хаос, где каждая почта становится соревнованием. Его неловкость и её амбиции создают смесь смеха и напряжения, оставляя надежду на то, что даже в хаосе можно найти место для доброты.",1
1326,"Самоуверенный студент случайно превращается в интернет-звезду, когда его нелепые выступления в школьном театре вирусом обзаводятся. Вместо радости от успеха наступает хаос: родители вмешиваются в его жизнь, требуя устроить карьеру по их плану, а театр превращается в поле битвы между мечтой и реальностью. В смешных ситуациях раскрываются искренние чувства, а смех становится способом противостоять давлению.",1
1327,"Он стоит у входа в темные тоннели, где каждый шаг звенит от опасности. Его миссия — раскрыть сеть, которая угрожает целому городу, но страх провала заставляет сомневаться в собственных силах. В тумане под землёй противник ждёт, и каждый момент становится испытанием не только тела, но и веры в себя.",0
1328,"В узком пространстве жилого комплекса музыкальный мастер пытается найти баланс между заботой о больной матери и болью прошлого. Его строки превращаются в утешение, а каждый звук — напоминание о несбывшихся мечтах. В тишине кухни и шуме соседей он ищет ответы, которые скрываются за стенами, словно в тумане.",2
1329,"Майор спасения в горах врывается в хаос, чтобы спасти ученого, похищенного на борту затопленного корабля. Шторм разрывает небо, а разрушительные волны подрывают последнюю надежду на спасение. В борьбе с природой и врагом раскрывается трагедия разрушенных связей, где каждый шаг становится испытанием не только физической выносливости, но и веры в себя.",0
1330,"После неудачного спортивного сезона, который оставил не только физические повреждения, но и глубокие эмоциональные раны, бывший спортсмен возвращается в университет, где его ждет не только учеба, но и возможность исправить прошлое. В попытке восстановить связь с близким человеком, чья жизнь была разрушена его ошибками, он сталкивается с собственными страхами и неуверенностью, что превращает каждый день в испытание, где прошлое не отпускает.",2
1331,"Он уволен из спецслужб, но не теряет остроты — теперь его миссия в разоблачении скрытых связей власти. В лабиринте секретных лабораторий он сталкивается с теневой силой, которая не дает ему дышать. Каждый шаг превращается в бой за правду, где даже собственные друзья могут стать врагами.",0
1332,"В тихой горной деревне библиотекарь, заботясь о больной матери, сталкивается с трудностями, которые заставляют пересмотреть свои приоритеты. Окруженная молчаливой природой и тяжелым уходом, она ищет силы в книгах и связях, что оставляют надежду в тяжелое время. Несмотря на страх и усталость, в её глазах остаётся искра веры в будущее.",2
1333,"Молодой блогер, мечтающий стать знаменитостью, попадает в неожиданную ситуацию: его втягивают в странный конкурс летнего лагеря, где реальность смешивается с фантазией. Сосед, завидующий его успехом, начинает мешать, создавая непростой путь к самопознанию. В смешении абсурда и искренности герою предстоит найти баланс между желанием прославиться и сохранить человечность.",1
1334,"Герой, участвующий в спасательных операциях на горах, оказывается в ловушке в укрытии, где его волею обстоятельств застряли вместе с другими. Он должен найти способ выбраться, но обрывки информации и постоянное отсутствие связи с внешним миром создают напряжение, которое усиливается давлением со стороны лиц, контролирующих ситуацию. Внутренний конфликт между верностью себе и стремлением выжить превращает каждую минуту в испытание.",0
1335,"Внутри стен секретного учреждения, где время замерло, молодой детектив ищет пропавшую экспедицию, но каждый шаг преслуждён тенями предательства. Его мотив — не просто расследование, а возможность искупить прошлое, которое тянет за собой цепочку ошибок и тьму. В каждой тени скрывается правда, а каждый выбор — риск потерять себя.",0
1336,"После неудачных попыток в演艺, он решает открыть бизнес, но его мечты охватывают неожиданные трудности. Вместе с бегущим питомцем и хаосом на сцене он узнает, что настоящий успех — в смелости, а не в планах.",1
1337,"Лидер отряда получает задание спасти ученого, похищенного на тропическом острове. Но внутри команды скрывается предательство, которое разрушает доверие и превращает миссию в ловушку. Каждый шаг преследует тень подозрений, а эмоции грозят разорвать связь между ними.",0
1338,"В тропической гуще острова журналист ведет скрытую борьбу против преступной организации, чьи действия затрагивают жизнь местных жителей. Он сталкивается с разрушительной бурей, которая не только угрожает его миссии, но и заставляет пересмотреть собственные ошибки, оставившие глубокий след в его душе.",0
1339,"Специалист по киберпреступности врывается в подземные тоннели, где тени скрывают план ужасного акта. Его путь к разгадке омрачается давлением властей, которые требуют жестоких решений. В каждой секунде — баланс между правдой и страхом, а каждый шаг приближает к предстоящей катастрофе.",0
1340,"Он ведет расследование, которое может разрушить всю систему, но каждый шаг преслуждены тенями власти. Страх за семью и верность долгу толкают его в туман, где каждый кадр — это битва между правдой и тишиной, застывшей в ледяном воздухе.",0
1341,"Один из тех, кто потерял доверие, теперь бьется за выживание в безысходной тundra, где каждый шаг — это битва против времени и собственного разума. Скрытая тайна, которую он пытается раскрыть, может изменить ход войны, но страх провала и ледяной ветер в его душе делают каждый момент опасным.",0
1342,"Невероятный кулинарный хаос в летнем лагере начинается с неопытного шефа, который решает открыть бизнес. Его непрофессиональные блюда и неожиданная вирусная популярность превращают лагерь в цирк. Сатирический взгляд на безумие, где кулинарные катастрофы становятся причиной неожиданного успеха.",1
1343,"В мрачном подъезде старого жилого комплекса живет человек, чья жизнь превратилась в бесконечную рутину. После увольнения с завода он теряет смысл существования, но в одиночестве начинает видеть в повседневности скрытые возможности. Его путь к пересмотру собственного предназначения становится трагическим поиском истины в серых стенах, где каждый день — это новый шанс на обретение себя.",2
1344,"После неудачного выступления в театре бывший актёр попадает в странную местную традицию — фестиваль, где гости вынуждены участвовать в абсурдных конкурсах. В попытке спасти ситуацию он теряет контроль над своими действиями, а его пёс, бежавший из виллы, начинает разыгрывать неожиданные сценарии. В итоге хаос превращается в неловкую, но вдохновляющую историю о том, как смешение реальности и фантазии может раскрыть скрытые возможности.",1
1345,"Алексей, не имея опыта, решает открыть бизнес по планированию свадьб, но его первое мероприятие на территории университета выходит из-под контроля. Смешные ситуации и неожиданные повороты делают этот хаос не только непредсказуемым, но и вдохновляющим. В процессе он обнаруживает, что даже в хаосе можно найти смысл и настоящие связи.",1
1346,"Молодой детектив ввязывается в опасную гонку против коррупции, чтобы спасти ключевого свидетеля, но его прошлые ошибки тянут за собой тень. В заброшенной военной базе каждая минута — битва не только с врагами, но и с собственным сожалением. С каждым шагом он сталкивается с выбором: спасти жизнь или смыть навсегда остатки своей морали.",0
1347,"Среди шума и суеты высокого жилого комплекса одинокий писатель борется с пустотой, оставшейся после утраты близкого человека. Его карьера в тупике, но в хаосе повседневности он находит слабые лучи надежды, которые постепенно превращаются в силу, чтобы снова поверить в себя и в будущее.",2
1348,"В умирающем промышленном городе молодой рабочий балансирует между обязанностями на заводе и тяжелым уходом за больной матерью. Его страх быть брошенным превращает каждый день в испытание, но в сером фоне разрухи появляется тихая надежда — в глазах ребенка, который приходит к нему за помощью, и в тихом обещании, что он не оставит их.",2
1349,"Бывший спортсмен, потерявший форму и уверенность, сталкивается с неожиданным вызовом в борьбе за защиту близкого человека. В условиях напряженности в переполненном жилом комплексе он вынужден пересмотреть свои убеждения и найти баланс между прошлым и настоящим. История раскрывает тонкие нити человеческих связей и ценность простых решений в сложных обстоятельствах.",2
1350,"Учитель, который живет в мире собственных мыслей, случайно становится звездой интернета после неожиданного выступления в торговом центре. Его неловкость и искренность превращаются в вирусный хит, но появление амбициозного конкурента заставляет его пересмотреть свои приоритеты. Абсурдные ситуации и взрывные диалоги ведут к неожиданному пониманию: иногда быть собой — это самый смелый выбор.",1
1351,"Амбициозный блогер, мечтающий стать звездой интернета, пытается скрыть грандиозную ошибку, которая разрушила его репутацию. В попытке исправить ситуацию он вляпывается в цепочку нелепых случайностей, превращающих обычный шопинг в хаос. Вместо удачи его ждёт непрерывная цепь смешных провалов, которые заставляют пересмотреть понятия успеха и самоуважения.",1
1352,"Он бежит по тоннелям, где тускло светит светофор, пытаясь выбраться из ловушки, созданной каким-то сбродом. Воздух дрожит от гулких ударов, а в голове не останавливаются воспоминания о том, как в прошлом он не смог спасти кого-то, и теперь это снова угрожает его жизни.",0
1353,"Он сидит в темноте, прятаясь за кустами, слушая шаги врага. Сквозь дождь и густой лес он пытается выбраться с острова, где каждое движение преследуют тени опасной мафии. Внутри него борются страх и решимость — он знает, что возвращение к власти означает потерять всё, что осталось.",0
1354,"В тишине реабилитационного центра бывший музыкант пытается найти смысл в новой жизни, но тени прошлого не дают покоя. Его усилия адаптироваться осложняются тайной предательства, которая разрушает последнюю надежду на примирение с собой. Воспоминания и страх преследуют его, пока он не осознает, что исцеление начинается с принятия собственной слабости.",2
1355,"После трагедии, которая разрушила её жизнь, вдова-учитель пытается найти силы жить в городе, где промышленность умирает вместе с надеждами. Скрытая предательство в прошлом начинает разрушать её попытки восстановиться, заставляя пересмотреть те, кто оставался рядом. В тишине умирающего завода и пустых улиц она сталкивается с тем, что даже боль не может унять боль.",2
1356,"Он возвращается к месту, где всё началось, чтобы спасти человека, который может изменить ход войны. В тени разрушенных зданий и тумана угрозы, он сталкивается с собственными страхами и мечтой о прощении. Каждый шаг — это битва не только с врагами, но и с тем, что осталось внутри.",0
1357,"Молодой адвокат, потерявший веру в правосудие, возвращается в родной пригород, где ждут его старые привычки и ожидания. В тишине улиц и тяжелых взглядах соседей он сталкивается с собственными сомнениями, пытаясь найти смысл за пределами шаблонов. Каждый шаг к новой цели проливает свет на прошлое, но не убирает тени, которые тянутся из прошлого.",2
1358,"Повар, который не может усидеть на месте, случайно втягивается в странный фестиваль местных странных традиций. Его нелепый секрет — прошлый провал на кухне — начинает разрушать его жизнь, когда он вынужден присоединиться к хаотичным ритуалам в переполненном офисе. Вместо уюта царит бардак, а смех звучит как последний шанс спасти лицо.",1
1359,"Он возвращается в прошлое, где каждый шаг промыслом подвергнут опасности, а прошлые ошибки не дают покоя. В ледяном порту, где тени скрывают тайны, его команда раскалывается, а вера в себя тает под грузом вины. Мстительность сталкивается с желанием исправить вчерашние ужасы, но цена каждого выбора — кровь и разрушение.",0
1360,"Спасательный вертолетчик ввязывается в крутую миссию, защищая ключевого свидетеля, который может изменить всё. На тропическом острове он сталкивается с жестоким картелем, но разрушение доверия между ним и командой превращает ситуацию в ловушку, где каждый шаг может обернуться трагедией.",0
1361,"В тесной мегасити, где каждый шаг усеян риском, инженер подводной лодки оказывается в ловушке, откуда нет выхода. Его спасение осложняется предательством среди товарищей, а страх провала заставляет сомневаться в собственных силах. В условиях хаоса он должен выбрать: верить в себя или погрузиться в бездну доверия.",0
1362,"В отдаленном пустынном городке на границе разворачивается гонка за выживание. Главный герой, расследующий киберпреступности, сталкивается с коррупцией местных властей, которые скрывают правду. Его личная трагедия и ненависть к системе превращают погоню в нечто большее, чем просто выживание.",0
1363,"Молодой музыкант, потерявший веру в свои таланты, приезжает в отдалённое село, чтобы начать новую жизнь. В одиночестве и болезни он сталкивается с тем, что его мечты о свободе разбиваются о реальность, где каждый день — это борьба за выживание. В тишине природы и тяжёлой болезни он находит неожиданную силу, чтобы не потерять себя.",2
1364,"Молодой человек, уверенный в своих способностях, наследует унылый аттракционный парк, который тонет в долгах. Его пытка спасти бизнес сталкивается с навязчивым вмешательством родственников, которые считают, что знают лучше. В шумной офисной обстановке смешение амбиций и непредсказуемости превращает каждую встречу в хаос, где ирония и усталость переплетаются с надеждой на чудо.",1
1365,"Стареющий врач, разрываясь между долгом и собственными ограничениями, пытается спасти жизнь родителя, чья болезнь ставит под угрозу не только его семейные узы, но и его собственную совесть. В умирающем промышленном городе, где каждый шаг отражает уходящее прошлое, он сталкивается с тайнами, которые разрушают его уверенность в том, что забота может исцелить даже самого близкого человека.",2
1366,"Повар с хаотичным умом случайно вляпался в ловушку нелепого романтического соглашения, чтобы спасти театральное шоу. В процессе его путь пересекся с беглянцем, который оказался не просто животным, а настоящим вызовом для его нервной системы. В абсурдном мире, где реальность и выдумка переплетаются, каждый момент становится поводом для смеха и неожиданных открытий.",1
1367,"Подпольный журналист в одиночку борется за выживание в пустынном городе на границе, где тени скрывают тайны. Его миссия — остановить атаку, но каждый шаг преслуждён тенью незнакомца, чьи действия разрушают его уверенность. В борьбе за правду и жизнь он сталкивается с тем, что доверие уже не спасёт.",0
1368,"В центре реабилитации, где звучат тихие гитарные аккорды, одинокий музыкант сталкивается с разрушением карьеры и пустотой внутри. Его путь к исцелению пролегает через воспоминания, нерешенные конфликты и молчание, которое превращается в мост к пониманию себя и других.",2
1369,"Марк, неловкий курьер, пытается скрыть катастрофу — он случайно сдал на сцене местного театра пьесу, которую не читал. Каждый шаг его превращается в хаос: актеры играют роли неправильно, а зрители смеются, не понимая сюжет. В итоге он оказывается в центре абсурда, где даже ошибки становятся частью спектакля.",1
1370,"В тени гигантского мегаполиса бодигард, раненный в прошлом, бьется за жизнь ученого, похищенного в хаотичном городе. Его путь пересекается с вспыхивающим конфликтом, который превращает улицы в поле боя, заставляя пересмотреть свои убеждения и жестокость, с которой он сражается за спасение.",0
1371,"Марк, несчастный планировщик свадьб, попадает в запутанную ситуацию, когда его нанимают для странных праздников в местном театре. Секрет, который он скрывал — оскорбительное прошлое, — начинает разрушать его планы, превращая ритуал в хаос. В смешных моментах он обнаруживает, что даже безумие имеет свою логику.",1
1372,"Одинокий бывший спецназовец возвращается в горы, где снежные хребты скрывают угрозу. Его миссия — остановить теракт, но отрыв от мира и тишина ледяного пейзажа усиливают давление. Внутри него бушует борьба: каждый шаг напоминает прошлые провалы, а страх не дает расслабиться. Время тает, а связь с внешним миром прерывается, оставляя его наедине с собственными демонами и неизбежной трагедией.",0
1373,"После побега из тюрьмы бывший заключенный ввязывается в опасную миссию, чтобы раскрыть скандал внутри правительства, но сталкивается с сопротивлением местных чиновников, которые защищают свои интересы. Пока он разгадывает загадки секретной лаборатории, его связь с братом, который теперь работает в системе, становится источником внутреннего конфликта и угрозы для его жизни.",0
1374,"В отдаленном сельском районе студент колледжа возвращается к разрушенному прошлому, пытаясь восстановить отношения, которые были разрушены скрытой предательством. Его путь к искуплению наполнен тишиной, сомнениями и открытием правды, которое меняет его понимание верности и ценности человеческих связей.",2
1375,"Он потерял ребенка, но в реабилитационном центре встречает людей, чьи судьбы переплетаются с его собственной. В тишине общения и непростых выборах он находит не только силы, но и смысл, который раньше казался недостижимым.",2
1376,"Он убеждён, что справедливость возможна, но в глубине чувствует, что система подводит его. Когда в его работу вмешивается тайная операция, он находит доказательства коррупции, которая затрагивает самые высокие слои власти. Опасный картель, контролирующий секретные лаборатории, становится его главным противником. В условиях строгой охраны и подозрительных союзников он должен преодолеть собственное разочарование, чтобы раскрыть правду, которая может изменить всё.",0
1377,"В тихом прибрежном поселке рабочий сталкивается с непростым выбором, чтобы спасти любимого человека от тяжелого недуга. Его усилия ведут к внутренним конфликтам и незабываемым эмоциям, раскрывая сложные стороны человеческой природы. В борьбе с болезнью и страхом рождается глубокая связь, которая переплетает надежду и скорбь.",2
1378,"Молодой иммигрант, ставший частью семейного бизнеса, сталкивается с тяжелым заболеванием, которое угрожает не только его здоровью, но и будущему предприятия. В центре реабилитации он пытается совмещать лечение с поиском решения, чтобы спасти дело, которое стало для него и для семьи смыслом существования. В каждой молчаливой встрече с врачом и каждом шаге к восстановлению — тихая надежда на то, что жизнь найдет путь через боль.",2
1379,"Он потерял работу, но не боится бороться. Старый пожарный теперь в бойнице, где каждый шаг — это риск, а каждый момент — битва за жизнь. В переполненном мегаполисе, где тени скрывают убийц, он пытается спасти свидетеля, но давление со стороны властей заставляет его сомневаться в собственных решениях. Время течет, а тени становятся все ближе.",0
1380,"В пустынном городе на границе, где законы теряют смысл, беглый заключенный ищет украденные документы, которые могли изменить судьбу миллионов. Но каждый шаг преслуждены тени прошлого — доверие рушится, а опасность прячется в каждом повороте улиц. В борьбе за правду герой сталкивается с собственными страхами и тенью прошлых ошибок.",0
1381,"Следователь по цифровым преступлениям в одиночку сражается с тайной, которая угрожает всему миру. На тропическом острове он сталкивается с вооруженными морскими пиратами, чьи действия затягивают его в ловушку. Внутренние сомнения и потеря доверия превращают каждую сцену в битву не только за выживание, но и за верность.",0
1382,"В тихом горном поселке, где время течет медленно, одинокий рабочий сталкивается с крахом карьеры и пустотой внутри. Каждый день приносит новые трудности, но в его глазах скрывается тихая надежда на то, что даже в самых темных моментах можно найти свет.",2
1383,"Международный курьер, возвращающийся из заблокированного снегом горного региона, сталкивается с тайной предательства внутри своей команды. Его миссия — вернуть украденные документы, но каждый шаг превращается в бой за выживание и правду. Внутри него бушует борьба между желанием искупить прошлое и страхом потерять всё, что осталось.",0
1384,"Он бежит от прошлого, но теперь его вина преследует в каждом шаге. На тропическом острове, где дронов превращают в врагов, он должен разобраться в хаосе, чтобы остановить катастрофу, которая может изменить всё. Каждый удар, каждый шаг — это не просто битва за выживание, а попытка искупить свою вину.",0
1385,"В отдалённой горной местности, охваченной снегом, бывший контрабандист борется за выживание, когда его прошлое вдруг становится ключом к предотвращению катастрофы. В условиях приближающейся войны и разрушающего доверие хаоса он вынужден выбрать между собственными ценностями и спасением множества жизней, чувствуя, как каждый шаг уносит его дальше от привычного мира.",0
1386,"Молодой адвокат возвращается на университетский кампус, где разрушилась его близость с бывшей девушкой. Тихая боль прошлого таится в каждом шаге, а скрытая предательство превращает прощение в жестокую игру. В поисках истины он сталкивается с тем, что некоторые раны не заживают, даже если мир вокруг уже изменился.",2
1387,"Стареющий врач, потерявший веру в свою профессию, сталкивается с давлением общества и борется за смысл жизни в шумном жилом комплексе. В поисках нового пути он сталкивается с внутренними сомнениями и моральными дилеммами, которые заставляют его пересмотреть свои ценности и найти ответ в неожиданном месте.",2
1388,"Подводный инженер втягивается в крутой поединок, когда его вынуждают спасти свидетеля, чья жизнь висит на волоске. Повседневная рутина превращается в спектакль с взрывами и тенями, где каждый шаг — это битва с собственным страхом провала. В тревожной атмосфере разрушающейся платформы он сталкивается с предательством и неизбежностью хаоса.",0
1389,"Он возвращается с тайной, которую не мог забыть — прошлые ошибки теперь преследуют его в каждом шаге. В условиях хаоса рушащейся платформы он сталкивается с выбором, который может изменить всё: выяснить правду о коррупции или спасти себя и тех, кто остался. Мрачный фон конфликта и внутренний конфликт делают каждый момент напряженным и тревожным.",0
1390,"Подводный инженер в одиночку разыскивает украденные секретные документы, скрываясь от коррумпированных властей, которые захотели утихомилить опасную информацию. В заброшенной военной базе каждая минута — битва за выживание, а доверие к тем, кто должен помочь, уже разрушено. С каждым шагом в темноте он сталкивается с собственными сомнениями и остатками веры в правое дело.",0
1391,"Среди тихих улиц пригородного района писатель, привыкший к ритму старой жизни, сталкивается с непростым выбором: адаптироваться к новой реальности или уйти в себя. Когда тяжелая болезнь заставляет его пересмотреть приоритеты, в его одиночестве находят поддержку неожиданные связи, которые помогают найти силы жить дальше.",2
1392,"Средневековый писатель приезжает в умирающий промышленный город, где пытается найти новую жизнь, но его ожидает тяжелое заболевание. В одиночестве он сталкивается с упадком города и собственными страхами, пытаясь сохранить надежду в безысходности. Его путь — это борьба с болезнью и забвением, где каждый день становится битвой за смысл существования.",2
1393,"В отчаянной поисковой операции на грузовом судне, затерянном в бескрайних водах, герой, привыкший спасать других, сталкивается с собственными демонами. Его миссия — найти потерянную экспедицию, но внутри команды скрываются тайны, которые разрушают доверие и заставляют пересмотреть свои убеждения. В борьбе с элементами и предательством он вынужден разобраться в прошлом, который всё ещё держит его в плену.",0
1394,"Он преследует опасного преступника по разрушающейся платформе, где каждый шаг угрожает его жизни. С каждым мгновением он сталкивается с внутренним разрушением, когда доверие к своей команде рушится, оставляя его один на один с тьмой и собственными страхами.",0
1395,"Недостаточно уверенный курьер вдруг оказывается в центре странного фестиваля, который превращает офис в хаотичный хаос. Непримиримый конкурент, который не преминет использовать любые методы, чтобы вытеснить его из центра внимания, заставляет его пересмотреть свои приоритеты. Пока он пытается сохранить достоинство, смешные ситуации и непредсказуемые повороты делают из этого хаоса неожиданно душевную историю.",1
1396,"В условиях хаоса гигантского города лидер банды возвращается к прошлому, чтобы исправить ошибки. Его путь к предотвращению теракта осложняется угрозой беспилотников, которые преследуют его на каждом шагу. В каждой сцене чувствуется напряжение, а личная трагедия добавляет глубины безумству войны.",0
1397,"Одинокий бухгалтер случайно становится интернет-звездой, но его успех омрачает скандальное прошлое. В хаотичном офисе он пытается сохранить лицо, пока неизбежная правда не разоблачит его в прямом эфире, оставляя его в тяжелом положении.",1
1398,"Он возвращается в пустынный город на границе, где каждый шаг — битва за выживание. Тяжелый выбор прошлого преследует его, когда предстоит спасти жизни, но цена ошибок в прошлом слишком высока. Враг — не просто террористы, а мощная мафия, которая превращает улицы в поле боя. Нужно устоять перед давлением, чтобы не потерять себя в хаосе.",0
1399,"Студент колледжа прибывает в тихое прибрежное село, чтобы начать новую жизнь, но тень прошлого не позволяет ему отпустить боль утраты. В борьбе с внутренними переживаниями он сталкивается с холодом новой среды и неожиданными связями, которые заставляют его пересмотреть свои убеждения.",2
1400,"Бывший маг, уставший от шоу и обмана, случайно втягивается в безумное соревнование в элитном отеле. Его нелепые трюки и пытка сохранить достоинство превращаются в невероятный фейерверк непредсказуемых поворотов. Когда его провокационные действия начинают вируситься, он понимает, что выживание — это уже не просто игра, а спектакль, который невозможно остановить.",1
1401,"Главный герой, опытный лидер разведки, вынужден предпринять рискованный рейд на тропический остров, чтобы спасти ученого, похищенного опасным картелем. Он сталкивается с внутренним конфликтом, когда властные инстанции оказывают давление, заставляя его выбирать между личной ответственностью и выполнением миссии.",0
1402,"В отрезанном снегом горном регионе беглец, изгнанный из прошлого, ведет враждебную охоту за пропавшими. Его путь пересекается с родственником, чья тень нависает над каждым шагом, заставляя пересмотреть свои мотивы и ценности.",0
1403,"В утлых складах замерзшего порта разгорается смертельная гонка. Лидер отборной группы наемников борется за выживание, когда его отряд преследуют солдаты, готовые уничтожить любой шанс на спасение. Каждый выстрел, каждый шаг — это битва не только за жизнь, но и против собственного сомнения, которое захлестывает его в моменты, когда кажется, что конец уже близко.",0
1404,"Стареющий доктор, разрывая связь с прошлым, сталкивается с тенью прошлого в семейном кафе, где каждая деталь напоминает о потере. В тишине завтрака и тихих разговорах он пытается найти ответ на вопросы, которые давно не позволяют ему спать. Воспоминания и реальность переплетаются, оставляя ощущение, что исцеление — это долгий путь, где каждый шаг — это борьба с собственными тенями.",2
1405,"Молодой студент, уверенный в себе до неприличия, случайно становится звездой интернета после неудачного видео. Его жизнь переворачивает неожиданное мероприятие на летнем лагере, где он пытается спасти ситуацию, но вместо этого втягивает всех в хаос. В смешных моментах скрывается душа, которая учит, что слава может обернуться неожиданными последствиями.",1
1406,"Overconfident student Alex стumbles into a fake relationship to climb social ranks, only to face an overly competitive rival in a local TV studio. The awkward situations escalate as his pride clashes with the absurdity of the charade, revealing hidden vulnerabilities beneath the humorous chaos.",1
1407,"В уединенном сельском поселении библиотекарь, привыкший к тишине, сталкивается с трудностями в восстановлении разрушенных связей. Его попытки примирить разногласия между поколениями приводят к глубоким переживаниям и открытиям, раскрывающим ценность семейных уз.",2
1408,"Погружаясь в тени подземных тоннелей, инвестигатор разгадывает загадки, связанные с коррупцией. Его путь к правде преследуют летающие дроны и собственные сомнения, которые тянут к искуплению. В каждой тени скрывается выбор между мукой прошлого и надеждой на новый старт.",0
1409,"В тишине удалённого сельского посёлка бывший спортсмен возвращается к разрушенной жизни, чтобы исправить ошибки прошлого. Его путь к восстановлению отношений с близким человеком пронизан тихой борьбой с собственными обидами и страхом потерять то, что осталось. Каждый шаг — это битва с незаметными шрамами, которые время не заживает.",2
1410,"Телохранитель оказывается в ловушке, когда его запросы превращаются в угрозу для власти. В условиях вечной холода и тайн промышленного порта он должен преодолеть собственные сомнения и ловушки, чтобы спасти ученого, чьи открытия могут изменить мир.",0
1411,"Новый житель высокого офисного здания с уверенностью в себе быстро обнаруживает, что его идеи и стиль жизни не совпадают с реальностью. Каждый день превращается в цепочку непониманий, где даже простые разговоры превращаются в комические спектакли. В хаосе соседей и непредсказуемых ситуаций он учится смеяться над собой, хотя сердце всё ещё ищет порядок.",1
1412,"Молодая амбициозная блогерка, стремящаяся к славе, ввязывается в нелепую историю, чтобы привлечь внимание. Её попытка создать искусственную парню приводит к непредвиденным последствиям, когда скрытый секрет выходит из-под контроля. В условиях телестудии, где каждый момент подвергается мониторингу, она вынуждена справляться с хаосом, который отражает её внутренние страхи и мечты.",1
1413,"В холодном промышленном порту, затянутом туманом, журналист, скрывший свою идентичность, ввязывается в смертельную игру. Его миссия — вернуть украденные документы, но враги, вооруженные до зубов, готовы уничтожить всё на пути. Внутренний конфликт между мечтой о возмещении прошлых ошибок и страхом потерять контроль делает каждую минуту напряженной, как взрыв на кромке льда.",0
1414,"В северном порту, где лед скрывает прошлое, беглец бежит от тени, которую оставил за собой. Его путь пересекается с волной наступающей войны, разрушающей границы между праведностью и выживанием. В каждой тени — обрывок прошлого, а в каждом шаге — шанс исправить ошибки, которые теперь преследуют его в холоде.",0
1415,"Он стоит на границе, где линия между правом и безумием расплывчата. Защита свидетеля превращается в личную войну, когда опасный картель втягивает его в лабиринт угроз и мести. На тропическом острове каждая минута — битва за выживание, а старые раны возвращаются, чтобы напомнить о прошлом, которое не оставляет покоя.",0
1416,"Молодой стартапер, привыкший к хаосу идей, случайно выходит на первый план после неожиданного вирусного ролика. В попытке справиться с репутацией звезды, он сталкивается с убегающим питомцем, который превращает шикарный отель в хаотичную сцену. В смешении амбиций и непредсказуемости герою приходится искать баланс между славой и простыми человеческими эмоциями.",1
1417,"Стремясь к успеху, молодой музыкант сталкивается с непредвиденными обстоятельствами, которые превращают его личную трагедию в смешную ситуацию. В попытке скрыть недопонимание, он оказывается в центре катастрофического события на местном телевизионном студии, где каждая минута становится источником неожиданных смеха и откровенности.",1
1418,"Амбициозный студент, уверенный в себе, переезжает в шумный дом, где каждый сосед живет по своим правилам. В процессе он находит потерянного кота, который ведет его к неожиданным приключениям в местном театре. Смешные ситуации и непредвиденные повороты делают его жизнь ярче и наполненной сюрпризами.",1
1419,"Молодой блогер, мечтающий стать знаменитостью, случайно становится центром внимания туристического городка, где его ошибочно принимают за звезду. Попав в непредвиденную вирусную ситуацию, он вынужден разыгрывать роль, которую не выбрал, и в процессе обнаруживает, что хаос может привести к неожиданным открытиям.",1
1420,"В одиночку и без поддержки он встает на путь в горы, где снег затянул следы пропавшей экспедиции. Время течет, а каждый шаг становится битвой за выживание, когда природные препятствия и давление со стороны властей тянут его к пределу. В сердце — страх за жизни других, но в глазах — непреклонная решимость.",0
1421,"Невероятно хаотичный повар, который случайно попадает в ловушку телевизионного шоу, начинает жить приключениями, где каждый день превращается в новую историю. Его искренняя страсть к кухне сталкивается с шокирующими мемами и неправдоподобными сценариями, которые заставляют его пересмотреть свои приоритеты. В мире, где реальность смешивается с фантазией, каждый момент — это возможность найти смех и немного тепла.",1
1422,"Он возвращается к прошлому, чтобы исправить ошибки, которые когда-то привели к катастрофе. В тени высокозащищенных стен лаборатории он сталкивается с технологиями, которые когда-то казались невозможными, а теперь угрожают всему, что осталось. В каждой секунде бега по коридорам и боя с дронами — тяжесть прошлых промахов, которые не дают ему спать.",0
1423,"В тихом пригороде, где каждый знает друг друга, старый врач сталкивается с разочарованием в отношениях с сыном, уехавшим в другой город. Когда в районе вспыхивает спор о будущем общего пространства, он пытается восстановить связь, преодолевая собственные страхи и неумение говорить. Надежда вспыхивает, когда оба осознают, что их судьбы переплетены, и что исцеление начинается с первого шага вперед.",2
1424,"В тишине отдаленного сельского поселения одинокий музыкант ищет смысл жизни, сталкиваясь с страхом брошенности. Его путь пролегает через разрушенные мечты и безысходность, где каждая нота становится каким-то образом связью с прошлым. В поисках нового предназначения он сталкивается с самим собой, разрывая границы между одиночеством и надеждой.",2
1425,"Фабрика закрывается, оставляя без работы молодого работника. В тихом прибрежном селе он ищет новое назначение, находит силы в простых делах и надежде на лучшее. С каждым днём он понимает, что вдохновение может родиться не в шуме, а в тишине прибрежных улиц.",2
1426,"В холодном мраке промышленного порта, где лед скрывает тени, международный курьер ввязывается в гонку с тем, кто захвачен своими собственными грехами. Его миссия — раскрыть скрытые улики, но каждый шаг превращается в бой за выживание, где дыхание отрывается от ветра и сердце бьется в ритме опасности. В битве за правду он сталкивается с тем, что искупление не приходит легко, а требует ценой, которую он готов заплатить.",0
1427,"Стареющий доктор балансирует между обязанностями на университетском кампусе и заботой о тяжелобольном родителе, чувствуя давление общества и собственных сомнений. Внутренние противоречия и неизбежность старения тянут его к разрыву между профессиональной ответственностью и личными ценностями.",2
1428,"Он преследует теневой след, ведущий к краю бездны, где рушится нефтегазовая платформа. Время течет медленно, а каждый шаг — это битва с собственными страхами и прошлым, который не отпускает. В погоне за выживанием он сталкивается с тем, что даже самые сильные мысли не спасут от разрушения.",0
1429,"Алексей, несгибаемый организатор свадеб, попадает в нелепую ситуацию, когда его затягивает в странную местную фестиваль в торговом центре. Его сосед, завидуя его успеху, начинает вмешиваться, создавая хаос, который раскрывает скрытые обиды и непонимание. В смешных приключениях каждый момент становится возможностью для искреннего смеха и неожиданных откровений.",1
1430,"В увядшей промышленной деревне, где ржавеют машины и улицы пустеют, одинокий рабочий борется с собственной трагедией. Он пытается спасти близкого человека, чья болезнь заставляет его пересмотреть смысл трудов и связей, которые связывают его с этим местом. Каждый шаг — битва между надеждой и отчаянием, где прошлое и настоящее переплетаются в тихой борьбе за выживание.",2
1431,"Повар с хаотичным уставом случайно завоевывает миллионы подписчиков, делясь непринужденными кулинарными экспериментами. Его незатейливый стиль и неожиданные приключения в торговых центрах превращают его в интернет-звезду, но скрытая двойная жизнь начинает накладывать отпечаток на его повседневность. В смешении провинциального быта и виртуального успеха рождается неожиданная ирония, которая заставляет пересмотреть понятия порядка и хаоса.",1
1432,"Амбициозный блогер, пытаясь организовать семейную встречу на кампусе, сталкивается с хаосом, который случайно привлекает внимание миллионов. Ироничные ситуации и нелепые повороты делают эту историю не только смешной, но и трогательной.",1
1433,"Планировщик свадьбы, привыкший к хаосу, сталкивается с новым вызовом — организовать семейную встречу, которая обещает стать настоящим кошмаром. Вмешательство близких и непредсказуемые повороты делают ситуацию ещё более запутанной. В люксовом отеле каждая деталь становится источником напряжения и неловкости, но именно в этом хаосе рождается искренность и неожиданные связи.",1
1434,"Он убегает из изолированной зоны, но предательство в команде ставит его на волосок от провала. Подземные тоннели становятся лабиринтом, где страх неудачи превращает каждый шаг в битву за выживание.",0
1435,"Она приехала в новый город с надеждой на спокойствие, но столкнулась с холодом, который не исчезает даже в тепле уютного дома. Вечеринки с соседями, шум детей и тишина, что охватывает ее в одиночестве, становятся напоминанием о пропасти между поколениями. В каждой детали окружения чувствуется тень прошлого — и борьба за место в новом мире становится частью ее пути.",2
1436,"Подросток, прибывший в новую страну, сталкивается с трудностями, пытаясь сохранить связь с близким человеком, который сталкивается с собственными проблемами. Его страх брошенности заставляет искать способы защитить того, кого любит, даже если это требует жертв. В тишине пригородного района скрывается глубокая боль, которую он пытается преодолеть, не отпуская надежду на лучшее.",2
1437,"Он вернулся на остров, где всё началось, чтобы исправить прошлую ошибку, но шторм раздирает не только скалы, но и его душу. В борьбе с тьмой, которая прячет террористов в лабиринтах тропического леса, он сталкивается с собственными страхами, которые могут стать хуже врага. В каждой волне ветра и каждом взрыве грома — отражение его разрушенной веры в себя.",0
1438,"Молодой студент, потерявший родную семью, возвращается в родной город, чтобы снова увидеться с родственниками. В семейном кафе, наполненном запахами и тишиной, он сталкивается с болью, которую годы не смогли исцелить. Каждый шаг к прошлому становится испытанием, где тень воспоминаний и надежда на примирение переплетаются в тоскливом поиске истины.",2
1439,"Мэр маленького городка в бешеном ритме офиса сталкивается с непростым наследием — умирающим амusement-парком, который теперь нужно спасти. Семейные претензии и неожиданные повороты дел добавляют хаосу, заставляя его пересмотреть свои приоритеты. В смешении неловкости и абсурда рождается неожиданная связь между прошлым и настоящим.",1
1440,"Пилот вертолета, разбирающийся с последствиями прошлого, врывается в заброшенную военную базу, где скрывается тайна, способная изменить ход войны. Его путь пересекается с вооруженными морскими пиратами, которые не ждут жалости, а его собственные сомнения возвращаются, когда прошлое начинает влиять на настоящее.",0
1441,"В центре повествования — владелец кафе, который пытается восстановить связь с семьёй, но сталкивается с тяжёлым недугом. В уютном пространстве семейного заведения складываются моменты, где тоска по утраченным отношениям переплетается с надеждой на примирение. Каждый день становится испытанием, где прощание и сожаление тают в тишине утреннего кофе.",2
1442,"В холодном промышленном порту, затопленном льдом, одинокий следователь сталкивается с грозой, которая угрожает уничтожить последние следы исчезнувшей экспедиции. Его путь преслужает не только стихия, но и разрыв с родственником, чья тень тянет его в тупик, где правда и ложь переплетаются с огнём и метелью.",0
1443,"Он вернулся в тихое прибрежное село, где время течет медленнее, чем в городе, но внутри всё ещё бушует буря. Писатель, потерявший веру в свою работу, пытается восстановить связь с семьёй, но разочарование и одиночество застревают в каждом вздохе. Ветер, шум моря и тени старых домов напоминают, что некоторые раны не исчезают, даже если ты пытаешься забыть.",2
1444,"Молодой студент, мечтающий стать знаменитостью, случайно выходит на первый план благодаря неожиданному видео. Его жизнь превращается в хаос из непонимания и преследования, когда каждый его шаг становится темой обсуждения. В попытке сохранить себя он обнаруживает, что популярность дала больше неприятностей, чем мечты.",1
1445,"После ухода с сцен отставной маг решает открыть собственное шоу, но вместо волшебства сталкивается с неожиданными трудностями. Его попытки организовать телевизионную программу превращаются в хаос, когда каждый шаг сопровождается странными поворотами судьбы. В итоге он обнаруживает, что даже в мире без магии можно найти место для настоящего чуда.",1
1446,"В тумане мегаполиса, где каждый шаг превращается в бой, лидер отряда возвращается к прошлому, чтобы остановить катастрофу. Его путь пересекается с беспилотниками, которые останавливают каждое движение, но не могут сдержать желание искупить вину. В хаосе высоких зданий и толп людей его выбор становится последним шансом на спасение.",0
1447,"Обрушивающаяся нефтяная платформа становится местом напряженного противостояния. Ведущий отряд профессионалов сталкивается с коварной схемой, которая может привести к катастрофе. Наступающий военный конфликт усложняет ситуацию, заставляя их бороться не только за выживание, но и за смысл своего присутствия.",0
1448,"Под прикрытием анонимного журналиста, проникающего в тени тропического острова, вихрь событий ведет к неизбежной столкновению с технологиями, которые следят за каждым шагом. Внутренний конфликт, вызванный нерешенной предательством, становится главным препятствием на пути к раскрытию заговора.",0
1449,"В условиях хаоса переполненной мега-города журналист, скрывавшийся под личиной простого работника, пытается выбраться из изолированной зоны, но его мечты о свободе разбиваются о тайный заговор внутри своей команды. Каждый шаг превращается в битву с собственными страхами и разочарованием, когда верность и предательство переплетаются в тени улиц, где надежда на спасение тает вместе с остатками доверия.",0
1450,"После неудачного дебюта в театре он арендует уютную, но кишмя кишющую квартиру в старом доме, где каждый сосед — как персонаж из комедии. Секретная работа в тайне от всех превращает его жизнь в хаос, но в центре внимания остается неожиданная связь с амбициозной труппой, которая готова сделать из него звезду.",1
1451,"Молодой иммигрант, прибывший в новую страну, борется за выживание семейного бизнеса, который умирает от устаревших методов. Его усилия сталкиваются с сопротивлением родителей, которые видят в его идеях только разрушение традиций. В тесном пространстве многоквартирного дома, где каждый уголок наполнен шумом и суетой, он ищет путь, который соединит прошлое с будущим, не теряя веру в возможность изменить судьбу.",2
1452,"Бывший спортсмен, потерявший смысл жизни после ухода с арены, приезжает в тихое прибрежное село, где океан шепчет о новых возможностях. В борьбе с ожиданиями соседей и собственными сомнениями он обнаруживает, что настоящая сила — в способности начать заново, несмотря на прошлое.",2
1453,"Она возвращается в круг общения, где каждый слово и взгляд носят вес, и теперь её прошлые ошибки снова в центре внимания. В реабилитационном центре, где каждый день наполнен не только трудом, но и непримиримыми оценками, она пытается найти путь к прощению, но страх осуждения мешает ей двигаться вперёд.",2
1454,"Средневековый писатель, живущий в тихом пригороде, вдруг осознает, что его прошлое возвращается в виде незримой угрозы. Чтобы защитить близкого человека, он должен разобраться в собственных страхах, которые давно ушли в глубь души, но теперь снова требуют внимания. В тишине дома каждая минута становится напряженной, а старые раны начинают кровоточить.",2
1455,"В центре сюжета — владелец кафе, который пытается восстановить отношения с семьёй, оставившись в одиночку после разрыва. С каждым днём растущие расходы и угроза закрытия заведения заставляют его пересмотреть приоритеты, возвращаясь к тем, что действительно важно. В тихом пригороде, где шум улицы затихает, он находит силы вернуться к тем, кто всегда ждал его возвращения.",2
1456,"В тени лабиринта секретных лабораторий, где технологии пересекаются с хаосом, одинокий следователь врывается в бой, чтобы спасти свою жизнь. Его прошлое — тьма, в которой он утонул, теперь преследует его, заставляя бежать от тени, которая охотится за ним с безжалостной точностью. В каждой тени скрывается не только враг, но и отражение его собственных страхов.",0
1457,"Международный курьер ввязывается в квест, чтобы вернуть украденные документы, но сталкивается с неизвестным убийцей, который преследует его на каждом шагу. Заброшенная военная база становится местом напряженной схватки, где давление со стороны властей заставляет его пересмотреть свои моральные устои и выбрать между выполнением задания и сохранением жизни.",0
1458,"В стареющей промышленной деревне молодой рабочий борется за выживание завода, олицетворяющего память о прошлом. Его усилия сталкиваются с сопротивлением родителей, которые видят в будущем только разочарование и потерю традиций. Тоска застывает в глазах, когда надежда на обновление тонет в привычных рутинах и неопределенности.",2
1459,"После неудачного дебюта в театре он сдается в небольшой туристический город, где арендует грязную квартиру в унылой высотке. Вместе с шумом соседей и кулинарными экспериментами всплывает старая история — он случайно стал участником скандальной съемки, которую теперь всем жителям приходится переживать снова. В смешанных эмоциях и неловких ситуациях он пытается найти свой путь, не теряя надежду на новое начало.",1
1460,"Молодой основатель стартапа в бешеном темпе готовит семейную встречу, но его планы рушатся из-за вмешательства родственников, каждый из которых уверен, что знает лучше. В уютной туристической деревне, где время тянется медленно, он пытается сохранить контроль, сталкиваясь с абсурдными претензиями и непредсказуемыми поворотами. В смешных ситуациях скрывается глубокая боль от неудач и желания быть принятым.",1
1461,"Подводный инженер вынужден оставить привычную жизнь, чтобы спасти ключевого свидетеля, угрожаемого опасным картелем. В изолированном горном регионе, охваченном снегом, он сталкивается не только с внешними угрозами, но и с внутренними разногласиями с близким человеком, что добавляет напряжения и глубины его решимости.",0
1462,"Он бежал от прошлого, но теперь его путь ведет к искуплению. В заброшенной военной базе, где тени прячут ужасные секреты, он должен преодолеть собственные страхи и ограниченные возможности связи, чтобы спасти ученого, захваченного в ловушку. Каждый шаг — это битва с самим собой, а не врагом.",0
1463,"Он возвращается в пустынный город на границе, где каждый шаг — это битва за выживание. Сквозь песок и тени прошлого, он пытается вернуть украденные документы, но коррупция захлестывает его с обеих сторон. Внутри — разрушение доверия, а снаружи — непрерывные столкновения, где каждый выстрел может стать последним.",0
1464,"Надменный студент, уверенный в своих силах, решает открыть бизнес на пляжном курорте, не задумываясь о реальных трудностях. Его непредвиденные обстоятельства превращают амбициозный план в хаос, где каждый шаг сопровождается неловкими моментами и смешными провалами. В итоге он учится не только на ошибках, но и на том, как сохранять достоинство в самых нелепых ситуациях.",1
1465,"В отдалённом сельском районе фабричный рабочий, потерявший смысл существования, сталкивается с тайной предательства, которая разрушает его уверенность. По мере раскрытия правды он обнаруживает, что путь к искуплению лежит не в прошлом, а в неожиданной возможности переосмыслить свою жизнь.",2
1466,"Молодой иммигрант, прибывший в тихое прибрежное село, борется с одиночеством и тенью прошлого — травмой, оставшейся после потери близкого. В каждом вздохе морского ветра и тишине улиц он ищет связь, но страх и непонимание тянут его в тартарариху. Время идёт, а он учится видеть в себе силу, чтобы не утонуть в собственных переживаниях.",2
1467,"После увольнения с работы в умирающем промышленном городе молодой архитектор находит в себе силы защитить близкого человека, несмотря на разрушенные мечты. В отчаянии он ищет новые возможности, вдохновляясь простыми, но настоящими связями, которые могут изменить его будущее.",2
1468,"Он — лидер отряда, который теперь бежит, а не сражается. В преследовании его осложняет неизвестный убийца, чьи действия заставляют сомневаться в верности даже самой близкой компании. В условиях секретного лабораторного комплекса каждая секунда становится битвой за выживание, где доверие — редкость, а страх преследует с каждым шагом.",0
1469,"В тишине субурбанного квартала средневековый писатель пытается найти смысл в жизни, но скрытая предательство в его близких разрывает последнюю надежду на связь. Его одиночество обретает форму в старых записях и тихих разговорах с самим собой, где каждый момент наполнен не только болью, но и тихой решимостью выжить.",2
1470,"В бурном море, где каждый волной грозит уничтожить планы, пилот вертолета борется за жизнь не только своего, но и чужого. Недостаток оборудования и неожиданные повороты судьбы заставляют его пересматривать каждый шаг, а страх провала превращает миссию в личную битву. В тишине океана звучит угроза, и каждый момент становится испытанием на прочность.",0
1471,"Вечеринка на пляже превращается в хаос, когда нервный повар с неуправляемым аппетитом попадает в таинственное фестивальное шоу. Его скрытая жизнь как агент разведки смешивается с кулинарными экспериментами, а смех сменяется недоумением. Водка, пыль и непонятные танцы — всё это ведёт к незабываемому восторгу и ненависти к порядку.",1
1472,"Молодой музыкант, теряющий надежду, случайно попадает в необычный фестиваль в летнем лагере. Его неловкие попытки увлечь публику превращаются в хаос, когда организаторы запускают амбициозный проект с непредсказуемыми последствиями. В смешных ситуациях он находит неожиданную связь с аудиторией, превращая провал в момент искреннего восторга.",1
1473,"В отеле на берегу океана одинокий артист, потерявший веру в себя, пытается скрыть глупую ошибку, которая превратила его в жертву безумного конкурента. Каждый день приносит новые смешные провалы, а его стыдливость и неловкость только усугубляют ситуацию, делая каникулы настоящим испытанием.",1
1474,"Секретный охранник сталкивается с внутренним предательством и личным конфликтом, когда пытается разоблачить тайный заговор в высокозащищённом научном центре. Его пути пересекаются с близким человеком, чьи мотивы окутывают тайной, а каждый шаг приводит к новым угрозам и жертвам. В бой идёт не только за правду, но и за собственную жизнь.",0
1475,"В тихом прибрежном селе рабочий завода борется с тяжестью привычки и страхом потерять того, кого любит. Его усилия защищать близкого человека сталкиваются с безжалостным давлением соседей и собственного сообщества, которое не понимает его выбора. В одиночестве он ищет баланс между долгом и чувством, но каждый шаг тянет за собой тень прошлого и неизбежность потери.",2
1476,"Он работает на заводе, но не может обеспечить дочь, которая учится в университете. Каждый день приносит новые трудности, а страх потерять её заставляет его брать на себя больше, чем силы позволяют. В тишине лекционных аудиторий и скрипящих дверях университета скрывается тяжелый выбор, который определяет будущее двух жизней.",2
1477,"Он вернулся в родные места, чтобы разобраться с тем, что скрывается за бетоном и льдом — тайной, которая разрушила его жизнь. В одиночку, без поддержки и с рваными ресурсами, он ввязывается в гонку, где каждый шаг превращается в битву с собственными страхами и ложью. Порт, замерзший и безжизненный, становится зеркалом его прошлого, от которого не убежать.",0
1478,"Под снегом горного региона, где мрак и холод заточили время, подводный инженер ищет пропавшую экспедицию, чья судьба связана с его собственным прошлым. Каждый шаг в ледяной тишине уносит его глубже в ловушку, где опасный картель превращает пространство в зону смертельной борьбы. Его трауматический опыт становится каким-то образом катализатором, заставляющим сражаться не только за выживание, но и за искупление.",0
1479,"На изолированном тропическом острове одинокий лидер отряда сталкивается с гибелью, когда его преследуют бывшие союзники, превратившиеся в вооруженных преследователей. В панике и одиночестве он пытается спастись, но тень прошлых ошибок тянет его обратно в хаос. Каждый шаг — это битва не только с врагами, но и с собственным страхом, который не даёт остановиться.",0
1480,"Он возвращается в заброшенный город на границе, где тени прошлого скрывают тайну, которую не стоит раскрывать. Секретная схема угрожает разрушить всё, что осталось от прежней жизни, а буря песка и сомнения в душе подрывают последние шансы на спасение. В пыли и тени он должен выбрать: верить в себя или сойти с ума вместе с разрушением.",0
1481,"После ухода с работы в больницу, бывшая сестра возвращается в тихий горный город, где старые обиды и давление соседей мешают ей исправить разрушенные отношения. В поисках исцеления она сталкивается с тем, что некоторые раны не заживают, пока не принесет свои собственные компромиссы.",2
1482,"В уютном курортном поселке, где каждый день начинается с шумных пляжных вечеринок, молодой организатор свадьб случайно въезжает в дом, где каждый уголок наполнен непредсказуемостью. Его попытки уладить семейные споры и уберечь торжество от катастрофы превращаются в цепочку абсурдных ситуаций, где даже пляжные коктейли могут стать причиной скандала.",1
1483,"Он был когда-то частью системы, но теперь хочет исправить прошлые ошибки, погрузившись в тенистые лабиринты секретного центра. С каждым шагом в тайне правительства его тянет к правде, хотя враги ждут в тени, готовые уничтожить его возвращение к свету.",0
1484,"Пилот вертолета ввязывается в смертельно опасную миссию, чтобы разоблачить тайную схему, угрожающую городу. В подземных тоннелях, где связь прерывается, он сталкивается с молчанием, которое разрывает не только линии коммуникации, но и веру в союзников. Каждый шаг — это битва не только с врагом, но и с собственной дрожью, когда тени туннелей прячут не только угрозы, но и тайны, которые могут разрушить всё.",0
1485,"Она борется с врагом, который пытается уничтожить платформу, но всплывающая тайна разрушает ее доверие. В бой вступает не только враг, но и собственные сомнения, которые могут привести к катастрофе. Время течет, а каждый шаг становится выбором между спасением и разрушением.",0
1486,"Амбициозный блогер, мечтающий о славе, случайно попадает в нелепое местное фестиваль на береговом курорте. Его мечты о популярности сталкиваются с тайной, которая угрожает разрушить все планы — ироничные ситуации и непредсказуемые повороты делают путь к успеху не только смешным, но и трогательным.",1
1487,"После ухода из цирка маг вынужден собрать семью в уютном театре, где каждый момент превращается в хаос. Неожиданно убежавший кот начинает разрушать планы, заставляя героев пересматривать свои приоритеты. В смешении шуток и непредсказуемых поворотов рождается искренняя связь, которую трудно было бы найти в обычной жизни.",1
1488,"Молодой музыкант, прорабатывающий в узком офисе, пытается найти баланс между творчеством и навязчивыми советами родственников. Его жизнь превращается в хаотичный сериал из непредсказуемых ситуаций и ироничных диалогов, где каждый день — новая возможность для смешных провалов и неожиданных открытий.",1
1489,"Он привык к риску, но теперь снежный шторм и оторванная от мира гора толкают его к пределу. В поисках правды о пропавших туристах он сталкивается с тайнами, которые разрушают его уверенность. Каждый шаг — это битва не только с элементами, но и с собственными страхами, которые возвращают его к той ночи, когда верность рухнула.",0
1490,"Безработный архитектор, застрявший в тесной квартире, неожиданно сталкивается с тем, что его мать скрывает тяжелую болезнь. В узком пространстве жилого комплекса каждая минута становится испытанием, а скрытые обиды превращаются в тяжелый груз. Его внутренний конфликт между долгом и собственными страхами осложняется тем, что доверие уже не просто разрушается — оно исчезает.",2
1491,"Учитель, который страдает от неловкости в общении, решает открыть бизнес, не имея опыта, что приводит к хаосу в его жизни. Его сосед, завидуя его успеху, начинает вмешиваться в дела, создавая дополнительные препятствия в уже сложной обстановке переполненного офиса.",1
1492,"В изолированном горном регионе, охваченном снегом, бывший разведчик сталкивается с новым испытанием — защитить ключевого свидетеля, который может изменить ход войны. Его путь пересекается с вооруженными мертворожденными, чьи действия заставляют его пересмотреть прошлое, где тень предательства всё ещё держит его в цепях.",0
1493,"В тихом, замерзшем порту, где тени скрывают тайны, инженер подводных лодок сталкивается с прошлым, который не отпускает. Его мотив — раскрыть сеть, поглощающую город, но коррупция властей превращает каждое движение в бой с собственными страхами. В холоде и тумане он ищет правду, но цена за каждый шаг — всплывающие образы потери и отчаяния.",0
1494,"Молодой музыкант, борющийся за место в жизни, возвращается в тихую горную деревню, где его ждет не только прошлое, но и тяжелая болезнь, разрушающая связь с близким человеком. В тишине гор он пытается восстановить доверие, но каждый день напоминает о неизбежности утрат, заставляя пересмотреть ценность времени и любви.",2
1495,"Музыкант, теряющийся в хаосе собственных чувств, возвращается в семейный кафе, где тени прошлого переплетаются с настоящим. Воспоминания о погибшем брате тянут его к прощению, но каждый аккорд звучит как вопрос, а не ответ. В тишине кофейной дымки он пытается искупить вину, но тоска застыла в каждом вздохе.",2
1496,"Среди шумных коридоров университета, где каждая лекция и лабораторный стенд напоминают о прошлом, писатель возвращается к старым привычкам, чтобы уберечь от болезни мать. Внутренние конфликты и тяжесть ответственности заставляют его пересмотреть ценности, когда реальность сталкивается с мечтами о творчестве.",2
1497,"В небольшом туристическом городке начинается странный фестиваль, который заставляет нервного стартапера вспомнить свои старые проблемы. Он пытается убедить себя, что всё под контролем, но каждая минута превращается в новую трагедию. В итоге он понимает, что иногда даже неловкость может стать поводом для настоящего смеха.",1
1498,"Курьер, привыкший к рутине, получает задание, которое выходит за рамки его возможностей. В отдалённом горном регионе, окружённом снегом, он сталкивается с предательством внутри своей команды и собственными тенями прошлого. Каждый шаг превращается в битву за правду, где страх и решимость сталкиваются в темноте.",0
1499,"Мэрия маленького городка случайно становится объектом внимания, когда студенты университета ошибочно считают его знаменитостью. Попытки уладить ситуацию приводят к серии нелепых ситуаций, где каждый жест и слово переплетаются с непредсказуемыми последствиями. В итоге, между искренностью и шуткой возникает тонкая линия, которую трудно разгадать, но которая делает каждый момент по-настоящему живым.",1
1500,"В условиях сильного шторма и разрушающейся платформы специалист по киберпреступления сталкивается с невероятными трудностями. Его страх неудачи становится главным препятствием на пути к предотвращению катастрофы. В тумане и грохоте волны он борется не только с техническими сложностями, но и с собственной уверенностью.",0
1501,"Мэр маленького городка, привыкший к порядку, попадает в хаос коллегиата, где каждый житель скрывает свою тайну. Попытки адаптироваться приводят к абсурдным ситуациям, раскрывающим неожиданные стороны его прошлого. В смешных приключениях он учится ценить неожиданность и находить баланс между реальностью и мечтой.",1
1502,"Он приезжает в отдалённое сельское село, чтобы открыть ресторан, но тишина деревни и холодные взгляды соседей напоминают о незажитых ранах прошлого. Каждый день — битва между желанием начать заново и тенью, которая не даёт покоя. В тишине сельской жизни он пытается найти путь к себе, но прошлое не отпускает, а ветер в горах шепчет о том, что некоторые раны не заживают.",2
1503,"Он возвращается к месту, где когда-то спасал жизни, но теперь сталкивается с угрозой, которую не смог предотвратить. Разрушающаяся нефтяная платформа становится ловушкой, а тайна предательства в команде разрывает его связь с близкими. В каждой секунде — выбор между спасением и личным ураганом, где страх и жалость сражаются за контроль над судьбой.",0
1504,"Учитель, который вечно теряет слова в присутствии собеседников, случайно попадает в местный фестиваль, где каждый участник вынужден представить себя через театральную маску. Его неловкость сталкивается с жестоким ривалом, который готов на любые жуки, чтобы выиграть награду. В абсурдном мире, где реальность и вымышленная идентичность смешиваются, он обнаруживает, что смешные ситуации могут превратить его в неожиданного героя.",1
1505,"Она балансирует между уроками и ночными визитами в реабилитационный центр, где её мать борется с болезнью. Поколенческие разногласия осложняют уход: она верит в современные методы, а её родитель — в традиционные обряды. В тишине больничных коридоров складывается тяжелый выбор между прошлым и будущим, где каждая минута становится испытанием.",2
1506,"Возвращаясь в переполненный мега-город, международный курьер втягивается в лabyrinth of пропажи и тайн, где каждая улица скрывает следы прошлого. Его погоня за экспедицией становится не просто делом — это шанс искупить вину, но в условиях растущего хаоса и готовящейся войны каждое решение обретает цену.",0
1507,"В тени подозрительных теней высокой охраняемой лаборатории герой борется за жизнь, преследуемый вооруженными преследователями, чьи цели он не может понять. Внутри него бушует борьба — между долгом, который связывает его с семьей, и жаждой выжить, даже если это означает отвернуться от тех, кто остался дома.",0
1508,"Молодой адвокат приезжает в незнакомый город, чтобы начать новую жизнь, но тени прошлого не позволяют ему отпустить прошлое. На фоне шума университетского кампуса он сталкивается с личными демонами, которые осложняют адаптацию. В напряженной атмосфере появляется шанс искупить вину и найти истинное предназначение, несмотря на боль прошлых ошибок.",2
1509,"В отеле на берегу моря начинающий повар, полный идей и хаоса, пытается запустить собственный ресторан, несмотря на сомнения родственников. Его смешные провалы и нелепые решения превращают утро в хаотичную сцену, где каждый момент наполнен смехом и неожиданными поворотами. Вместе с ним в водовороте жизней впутывается вся семья, которая не может сдержать свои комментарии и советы, но в итоге помогает найти баланс между безумием и теплотой.",1
1510,"В отдалённом сельском районе библиотекарь, привыкший к уединённой жизни, сталкивается с кризисом, когда его карьера под угрозой. Чтобы защитить любимого человека, он должен преодолеть собственные страхи и найти в себе силы, несмотря на изоляцию и угрозы. Сюжет наполнен тихой болью и непростыми решениями, которые меняют его жизнь навсегда.",2
1511,"Мэр маленького городка пытается скрыть серьезную ошибку, которая приводит к непредвиденному публичному скандалу в местной телестудии. Его попытки сохранить лицо обернутся нелепыми ситуациями, которые вынудят его пересмотреть понятие ответственности и человеческие отношения.",1
1512,"Бывший спецназовец, вынужденный скрываться в изолированном пустынном приграничном городке, борется с постоянным риском. Его путь к свободе затруднен дронами, которые не дают ему покоя, а внутренние сомнения в себе добавляют напряжения. Каждый шаг — битва не только с технологией, но и с предательством времени.",0
1513,"Новый детектив сталкивается с невероятными испытаниями, пытаясь предотвратить теракт в тихой подземке, где связь ограничена, а прошлое не дает покоя. Пока он борется с врагом, вспышки старых обид и неуверенность в себе превращают каждую минуту в гонку против времени и собственной совести.",0
1514,"Молодой парень, мечтающий стать инфлюенсером, случайно становится центром внимания в летнем лагере, где его неожиданная популярность разрушает планы и возвращает к реальности. Вирусный успех заставляет его пересмотреть ценности, но смешные ситуации и искренние эмоции делают из этого нечто по-настоящему живое.",1
1515,"Молодой адвокат приезжает в отдаленный сельский район, чтобы начать новую жизнь, но быстро сталкивается с непримиримыми традициями и ожиданиями местных жителей. В борьбе за собственную веру и понимание он сталкивается с тяжестью прошлого, которое не желает уступать. Его путь — это не только адаптация, но и поиск истины в сердце, где каждое слово может изменить судьбу.",2
1516,"Одинокий офицер границы сталкивается с тьмой, которая угрожает его родной земле. Секретная сеть наркоторговцев проникает в город, разрушая всё на своем пути, и он должен разобраться в собственном прошлом, чтобы выжить.",0
1517,"Он возвращается на тропический остров, где должен раскрыть преступную сеть, но вина за прошлые ошибки тяжело давит на него. С каждым шагом к правде на пути стоит смертоносный шторм, который заставляет его пересмотреть свои убеждения и найти силы справиться с собственными страхами.",0
1518,"Неудачливый бухгалтер попадает в запутанную ситуацию, пытаясь скрыть огромную ошибку, которая ведет к неожиданному раскрытию его секретной двойной жизни. В переполненном офисе смешные моменты и непредсказуемые повороты делают его попытки выжить по-настоящему абсурдными и напряженными. Коллеги, вовлеченные в хаос, становятся как судьи, а его внутренние конфликты — как тихий гром, который не даёт покоя.",1
1519,"Мэр маленького городка получает наследство в виде унылого аттракционного парка. Попытка спасти его приводит к катастрофическому мероприятию, которое превращает береговой поселок в хаотичный хаос. В борьбе с кризисом герою приходится справляться с неожиданными вызовами, смешными и драматичными, что делает ситуацию не только смешной, но и трогательной.",1
1520,"В туманном мегаполисе, где толпы сгрудились под небом, герой возвращается к прошлому, чтобы спасти ученого, украденного в темноте. Его путь пересекается с разрушающимися улицами и бомбежкой, которая вспоминает раненую гордость и потерю. Каждый шаг — это битва с собственными страхами, а не только с врагами.",0
1521,"Молодой бухгалтер, привыкший к хаосу на работе, случайно вляпывается в нелепую ситуацию: чтобы избежать неприятностей, он соглашается на поддельную связь с студенткой. Но когда тайна её двойной жизни раскрывается, оба оказываются в ловушке, где искренность и шутки переплетаются с неожиданными открытиями.",1
1522,"Курьер, доставляющий секретные грузы, оказывается в центре заговора, который угрожает мировой стабильности. Сражаясь с беспилотниками и собственным страхом провала, он должен преодолеть границы доверия, чтобы спасти ситуацию. Море становится как зеркало, отражающее его внутренние сомнения и решимость.",0
1523,"Молодой музыкант, борющийся за признание, пытается спасти умирающий бизнес, оказываясь в центре социального давления. В переполненном жилом комплексе его усилия сталкиваются с безразличием окружения, отчуждением и собственными сомнениями. Каждая нота становится борьбой за выживание в мире, где талант часто остается незамеченным.",2
1524,"Когда детектив попадает в секретный центр, его окружает сеть врагов, готовых уничтожить его за каждую секунду. Он должен пробиваться сквозь ловушки и тайные коридоры, но сомнения в своей команде и страх потерять контроль над ситуацией делают каждую минуту жуткой. В тени лабиринта он ищет выход, но уверенность в себе тает, как лед под ногами.",0
1525,"Неуклюжий курьер, случайно наследовав умирающий аттракционный парк, пытается спасти его от банкротства, но его попытки приводят к катастрофическим последствиям. В центре внимания — абсурдные ситуации, возникающие на фоне университетского кампуса, где каждый шаг становится источником хаоса и смеха. Эмоциональный подтекст — борьба с собственной неуверенностью и поиск смысла в безумии.",1
1526,"Он должен преодолеть собственное разочарование и недостаток ресурсов, чтобы спасти ученого, чья жизнь висит в балансе между ловушками и шансами на спасение. В борьбе за выживание он сталкивается с давлением прошлого, которое тянет его в пропасть, но в каждом шаге к цели — шанс исправить ошибки.",0
1527,"Она осталась одна, но не сдалась — в тихом пригороде, где каждый знает каждый, её тоска и сомнения сталкиваются с холодным осуждением. Пытаясь найти простой путь к прощению, она отдаёт всё свои уроки, но даже это не может заглушить шёпот ветра, который несёт слухи о прошлом. В каждом вздохе — надежда, что доброта может переписать судьбу.",2
1528,"Бывший спортсмен возвращается в родной сельский район, где пытается спасти умирающую ферму, но его ждет не только борьба с финансовыми трудностями. Тяжелое заболевание, которое он скрывает, становится неожиданной преградой на пути к цели, заставляя пересмотреть смысл жизни и ценить каждое мгновение.",2
1529,"Мэр маленького городка вдруг оказывается в центре абсурдного конкурса, организованного местными властями, где даже погода и правила меняются каждую минуту. В попытке выжить он теряет контроль над ситуацией, когда его домашний питомец сбегает, превратившись в хаос, который невозможно предсказать. Всё это происходит в сердце торгового центра, где реальность и идиотские правила смешиваются в дурацкий баланс.",1
1530,"В небольшом телевизионном студии битва за признание разыгрывается между неудачливым музыкантом, который пытается скрыть свою неудачную историю, и завистливым соседом, который готов на всё, чтобы уничтожить его мечты. В хаотичном ритме съёмок и непредсказуемых поворотах судьбы каждый момент становится источником смеха и непонятных связей.",1
1531,"В центре реабилитации, где борются с тяжелым недугом, учитель, потерявший жену, пытается искупить вину за прошлое. В одиночестве и молчании он сталкивается с воспоминаниями и страхом смерти, пытаясь найти в себе силы простить себя и других.",2
1532,"Ретирированный маг, борющийся с воспоминаниями о прошлом, пытается организовать семейную встречу на кампусе университета, где скрывается его тайный прошлый образ. Неловкость нарастает, когда секретная двойная жизнь выходит из-под контроля, а хаос превращает встречу в хаотичный спектакль, где каждый момент становится неожиданной сценой.",1
1533,"Мэр маленького городка втягивается в странный местный фестиваль, который превращает его жизнь в хаос. Завистливый сосед не остается в стороне, создавая дополнительные сложности. Во время подготовки к спектаклю в местном театре происходят непредсказуемые повороты, смешные и трогательные одновременно.",1
1534,"Молодой музыкант, уставший от неудач, случайно становится звездой интернета, но его семья, не разбираясь в музыке, пытается управлять его карьерой. В локальном телестудии он сталкивается с смешными ситуациями, где талант и семейные претензии переплетаются. Легкий юмор и искренние моменты делают историю теплой и душевной.",1
1535,"Он бьётся за выживание на борту грузового судна, где каждая минута — битва против коррупции и хаоса. В погоне за правдой он сталкивается с лицом, которое когда-то было для него родным, и теперь становится источником боли. Волны моря и тени на палубе отражают его внутренний разрыв — между долгом и личной трагедией.",0
1536,"Он бежит по утесам, где снег скрывает следы, и каждый шаг — это битва за жизнь. В горах, отрезанных от мира, его ждут не только враги, но и собственные сомнения, разрушающие связь с теми, кто когда-то делил с ним опасности. Время тает, ресурсы иссякают, а доверие превращается в острое оружие, которое он не может позволить себе использовать.",0
1537,"Мэр маленького городка случайно попадает в странный конкурс, организованный студентами университета. Его пытка выживания в мире абсурда превращается в цепочку непредсказуемых ситуаций, где каждый поворот обещает новые смешные провалы. В смешной суете он обнаруживает, что даже самые нелепые обстоятельства могут превратиться в неожиданную историю.",1
1538,"После провала в карьере актера ему достаётся руины аттракционов в сердце промышленного района. Секретный досье на соседа-справедливца вынуждает его притворяться бывшим гангстером, пока не обнаруживает, что счастливее, когда играет роль человека, который не верит в чудеса.",1
1539,"После ухода с сцен волшебства, бывший маг случайно оказывается в центре внимания благодаря неожиданной славе, разжигаемой случайным видео в интернете. В тихом торговом центре его манеры и старые трюки превращаются в повод для смеха и восторга, а каждый день становится приключением, где реальность и фантазия переплетаются.",1
1540,"Молодой блогер, мечтающий о славе, переезжает в уютную, но шумную квартиру на территории университета. Его новая соседка, завистливая и непростая, начинает вмешиваться в его жизнь, создавая хаос и смешные ситуации. Вместе они обнаруживают, что смешные моменты могут превратиться в настоящие дружба, если отбросить стереотипы и начать смеяться над собой.",1
1541,"Он приехал в незнакомый город, где каждый шаг тянет за собой тяжелый путь. В узком подъезде, заваленном пылью и шумом, он пытается построить новую жизнь, но прошлое не отпускает. Сквозь трещины стен и гул соседей пробивается тихая боль, которую он не может поделить, даже с собой.",2
1542,"Мэр маленького городка, привыкший к порядку, сталкивается с хаосом нового жилища, где каждая стена хранит тайну. Неожиданный поворот — его давний секрет, связанный с прошлым, выходит наружу, когда он случайно попадает на съемки местного телевидения. В смешных ситуациях он учится принимать неожиданные повороты судьбы, сохраняя немного достоинства.",1
1543,"Он ведёт расследование, которое может разрушить всё, что он знал о системе. С каждым шагом он сталкивается с угрозами, исходящими из тени, где правда скрыта за стенами секретного учреждения. Внутри него борется страх и вера в то, что правда всё ещё может изменить что-то, даже если мир уже не готов к этому.",0
1544,"Молодой детектив, разрушающийся под тяжестью собственных ошибок, в одиночку разгадывает тайну, угрожающую всему региону. В отрезанной снегом горах, где каждый шаг — это битва за выживание, он сталкивается с преступной сетью, которая не только угрожает жизни людей, но и раскалывает его изнутри.",0
1545,"Он борется с давлением властей, чтобы спасти свидетеля, чья жизнь под угрозой. Снежные вершины становятся ловушкой, где каждая минута — битва за выживание. В тишине гор он сталкивается с непредсказуемыми врагами, чьи цели пересекаются с его собственными.",0
1546,"После неудачи в карьере она уезжает в заброшенное сельское поселение, где тоска и одиночество сменяют привычные звуки библиотеки. Незнакомая местность и холодные взгляды соседей заставляют пересмотреть смысл уюта и принадлежности. В каждой листовой трещине улицы и в тишине леса она ищет ответ на вопрос, что осталось после разрушения привычной жизни.",2
1547,"Средневековый писатель, прибывший в новый город, пытается найти в себе силы начать заново, но тень прошлого тесно сцеплена с его настоящим. В переполненном жилом комплексе, где каждый шаг звучит как эхо прошлого, он сталкивается с тем, что прошлое не оставляет пространства для будущего.",2
1548,"Он бежит по темным тоннелям, пытаясь выбраться из ловушки, где каждый шаг угрожает раскрыть его присутствие. Внутри него борется страх и надежда, но доверие к союзникам рушится, оставляя только одиночество в бойне, где каждый выстрел может стать последним.",0
1549,"После долгих лет в заключении он возвращается в мир, где каждый шаг — битва за правду. Скрытый в лабиринтах секретного учреждения, он разгадывает тайны, которые затрагивают сердце общества, но путь к раскрытию правды пролегает через личные жертвы и разрывы. В борьбе с темными силами он сталкивается с тем, что даже близкие могут стать источником боли.",0
1550,"Молодой курьер, который не может удержать бутерброд в руках, случайно наследует разрушающийся аттракционный парк. В попытке спасти проект он сталкивается с непримиримым конкурентом, который считает каждый шаг его дезертирством. В переполненном офисе, полном неожиданных поворотов, герою предстоит найти баланс между абсурдом и мечтой о новом начале.",1
1551,"В жаркий день на берегу океана невероятные события сводят кучу людей с ума: невероятно энергичный организатор свадьбы случайно становится центром внимания, несмотря на свои попытки скрыться. Вместе с ним в танце хаоса ввязывается убежавший кот, который не только мешает, но и поднимает настроение, превращая ситуацию в незабываемый хаос.",1
1552,"Молодой студент, разрывающийся между виной и надеждой, возвращается в реабилитационный центр, где пытается искупить прошлое. В тишине холодных стен и отчуждённости он сталкивается с страхом быть брошенным, но в каждом вздохе ищет шанс вернуться к тем, кто остался.",2
1553,"Молодой студент, уверенный в своих силах, берётся организовать семейное собрание в роскошном отеле, не подозревая, что его планы разрушаются на каждом этапе. Неловкие моменты, непредвиденные срывы и убегающий питомец превращают мероприятие в хаотичную сцену, где каждый участник сталкивается с собственными страхами и неожиданными поворотами.",1
1554,"Мэр маленького городка вдруг понимает, что его семейная встреча превращается в хаос, когда тайна двойной жизни выходит из-под контроля. В центре шопинг-центра, где каждый уголок ожидает гостей, скрывается нечто, что разрушает все планы. Смешные моменты и неожиданные повороты делают эту историю о человеческих слабостях глубоко трогательной.",1
1555,"После увольнения из разведки офицер должен вернуться к работе, чтобы разоблачить тайный план. В условиях развязывающегося конфликта он сталкивается с предательством и собственными сомнениями. Мегасити, охваченная хаосом, становится лабиринтом, где каждый шаг угрожает разрушить остатки доверия.",0
1556,"Стремясь к успеху, музыкант в борьбе за выживание вынужден организовать семейное собрание в забитом офисе, где каждый разговор превращается в хаос. Неприятный сосед, завидуя его попыткам найти уют, не даёт покоя, заставляя пересматривать планы и смеяться над собственной неразберихой.",1
1557,"Бывший контрабандист, бегущий от собственной тени, находит в себе силы вырваться из ледяного ловушка, где каждая минута — битва за выживание. Но в тумане гор и мраке прошлого он всё ещё слышит голос, который когда-то выдал его, и теперь этот голос преследует его в каждом шаге.",0
1558,"Писатель в возрасте сталкивается с пустотой после провала карьеры, переселяясь в незнакомый город. В семейном кафе, где живут чужие, он пытается найти связь с прошлым и будущим, но каждый чашка кофе напоминает о потерянных возможностях. Сквозь туман воспоминаний и тихие разговоры за столиками скрывается борьба с самим собой.",2
1559,"Молодой актер, потерявший веру в себя, решает открыть бизнес, не имея опыта, и вдруг оказывается в центре абсурдной истории. Его завистливый сосед не оставляет покоя, подогревая хаос, который выходит из-под контроля. На фоне шумной колледжской жизни, где каждая ситуация становится поводом для смеха и размышлений, герой учится смеяться над собой и находить свет в глупых обстоятельствах.",1
1560,"Незадачливый бухгалтер случайно попадает в центр внимания, когда его ошибочно признают знаменитостью. В попытке выжить в мире, где каждый поворот судьбы кажется нелепым, он оказывается в центре локальной телестудии, где абсурдные ситуации только начинаются. Его пытка выжить в этом хаосе становится незабываемым путешествием, полным смеха и неожиданных поворотов.",1
1561,"Когда хаотичный организатор свадьб берет на себя задачу организовать семейную встречу, он не предвидит, как быстро всё превратится в кашу. Жестокий сосед, который не терпит удач, добавляет масштаба хаосу, заставляя всех сражаться за выживание в центре торгового центра. Вместо уютного семейного вечера получается безумное шоу, где каждый момент — возможность для смеха и непредсказуемых поворотов.",1
1562,"Амбициозный инфлюенсер, стремящийся к успеху, случайно становится знаменитым благодаря неожиданному видео. Вместе с ростом популярности он сталкивается с непростыми ситуациями, которые вынуждают его пересмотреть свои приоритеты. В люксовом отеле каждая встреча становится источником смешных моментов, а скрытая двойная жизнь добавляет непредсказуемости и неловкости.",1
1563,"Недалеко от университета живёт неуклюжий курьер, который случайно втягивается в нелепую историю. Чтобы избежать насмешек со стороны студентов, он соглашается на поддельную романтику с девушкой из кружка, но вскоре обнаруживает, что она скрывает тайну, связанную с тайным клубом. Смешные приключения и непредсказуемые повороты делают его жизнь похожей на абсурдный сериал.",1
1564,"Она осталась одна в заброшенной библиотеке, где каждый день становится всё тяжелее. Секретные разговоры и скрытые мотивы заставляют её пересмотреть верность тем, кто должен был поддерживать её в этот момент. В отдалённом сельском районе, где каждый шаг к сердцу приближает к разочарованию, она ищет выход, но каждый выбор оставляет след в её душе.",2
1565,"В тени подземных тоннелей журналист, скрывающий свою личность, ввязывается в смертельно опасную игру. Его мотивы — не только раскрытие преступной схемы, но и личная месть за утрату близких. Каждый шаг в темноте становится битвой с собственными страхами, а разоблачение правителей обрушивает его на грани разрыва с прошлым.",0
1566,"В тени подземных тоннелей метрополитена международный курьер ввязывается в гонку с тенями прошлого, пытаясь раскрыть заговор, который угрожает всему миру. Его руки, привыкшие к холоду и тишине, теперь сталкиваются с шумом краж и тенями, которые не дают покоя. В каждом шаге — борьба с собственной виной, а в каждом повороте — шанс исправить то, что некогда оставил позади.",0
1567,"Одинокий офицер границы в одиночку разгадывает тайну исчезнувшей экспедиции на тропическом острове, где каждый шаг превращается в гонку с тьмой и собственными страхами. С каждым днем раскрывается, что доверие внутри команды разрушено, и он должен выбрать между верностью прошлому и выживанием в настоящем.",0
1568,"Молодой человек, полный уверенности в своих силах, берётся организовать семейное собрание на берегу океана, не зная, что его планы превратятся в непредсказуемую катастрофу. Вместо уютного отдыха начинается цепочка непониманий, смешных ошибок и эмоциональных взрывов, которые превращают простой отдых в хаос, где каждый момент наполнен неожиданностью и теплом.",1
1569,"После катастрофы на заводе, разрушающей его карьеру, он оказывается в реабилитационном центре, где сталкивается с собственными страхами и ищет путь к искуплению. В напряженной атмосфере он пытается понять, что значит прощение, и как оно может изменить его жизнь. Его путь наполнен болью, но и надеждой на искупление.",2
1570,"Пожилой врач, теряя силы от тяжелого заболевания, ищет смысл в жизни, находя вдохновение среди студентов университета. Его путь переплетается с тихими разговорами, отчаянием и нежданными открытиями, которые помогают переосмыслить старые ценности. В холодных лабораториях и пространстве университета рождается неожиданная связь, ведущая к внутреннему возрождению.",2
1571,"В центре сюжета — неуправляемый организатор свадьбы, который случайно берётся за подготовку семейного собрания в сердце торгового центра. Каждый шаг превращается в хаос: непонимание между родственниками, нелепые ошибки и непредвиденные повороты делают событие похожим на карнавал. Смешные моменты и искренние эмоции делают эту историю теплой и душевной.",1
1572,"В холодном порту, где лед и туман смыкаются с тьмой, инвестigator разбирает хаос пропавшей экспедиции, словно в бой с собственными страхами. Шторм бьет по причалам, а в сердце осталась боль за утраченного родного — каждый шаг к правде становится не только поиском правды, но и испытанием на прочность.",0
1573,"После неудачного дебюта в театре он попадает в нелепую ситуацию, где вынужден играть роль влюбленного, чтобы выжить финансово. Секретная двойная жизнь и непредсказуемые повороты сюжета делают его путь к спасению не только смешным, но и тревожным.",1
1574,"Повар, который не умеет управлять кухней, вдруг берет на себя организацию семейной встречи, не подозревая, что его хаос превратится в неловкое позорное мероприятие. Когда неожиданная вирусная популярность превращает его провал в интернет-мем, он вынужден справляться с непрерывными запросами, личными конфликтами и собственной неуверенностью, что превращает вечер в хаотичный спектакль с неожиданным финалом.",1
1575,"Невероятные события начинаются, когда скромный бухгалтер случайно становится звездой интернета после неожиданного видео. Вместе с ростом популярности приходит хаос: нелепые ситуации, непредсказуемые повороты и непрерывные смешные моменты. На фоне университетского лагеря герою предстоит разобраться, как сохранить чувство юмора в мире, где всё идёт не по плану.",1
1576,"Новый сосед начинает воровать его личные вещи, а арендная плата растёт быстрее, чем его терпение. Вокруг шум, хаос, студенты с неожиданными просьбами, и каждый день становится всё более непредсказуемым. В попытке сохранить равновесие, он сталкивается с абсурдными ситуациями, которые заставляют его пересмотреть свои приоритеты.",1
1577,"Новый детектив, переживающий личный трауматизм, должен предотвратить теракт в заброшенной военной базе, где сильный шторм затрудняет его действия и заставляет пересмотреть свои убеждения. Интенсивные сцены преследования и неожиданные повороты истории подчеркивают его борьбу с прошлым и страхом перед неизвестным.",0
1578,"В тесном пространстве грузовика, где море бьётся о борта, подпольный журналист борется за выживание, пытаясь выбраться из изолированной зоны. Его путь пересекается с теневой фигурой, которая не даёт ему покоя, а в сердце всё ещё звучит голос родного человека, разрывая связь между настоящим и тем, что он пытается скрыть.",0
1579,"В тихом прибрежном поселке старшая медсестра пытается справиться с болью утраты, пока тяжелое заболевание медленно отнимает у нее силы. Вокруг — шум волн и тишина моря, но внутри царит неспокойная борьба с прошлым и страхом перед неизбежным. Каждый день становится незабываемым опытом, где боль и надежда переплетаются в тихом, но глубоком эмоциональном напряжении.",2
1580,"Он верит, что его уверенность в себе превосходит всё, но в новом подъезде с хаотичными соседями и ревнивым конкурентом всё становится сложнее. Неловкие ситуации в магазинах и на лестничных площадках вынуждают его пересмотреть свои убеждения, пока не понимает, что даже в самых странных местах можно найти дружбу.",1
1581,"Бывший маг, уставший от подводных камней арены, теперь работает в телестудии, где его заставляют играть роль любовника. Но когда тайна его прошлого выходит из-под контроля, он оказывается в центре смешной трагедии, где правда и вымышленная история переплетаются в непредсказуемом хаосе.",1
1582,"Спасая украденного ученого на борту бушующего судна, бывший пожарный сталкивается с разрушительной стихией и собственными страхами, которые ведут к краху. В борьбе за жизнь и правду он вынужден преодолеть не только внешние угрозы, но и тени прошлого, которые тянут его под воду.",0
1583,"Молодой музыкант, теряя связь с реальностью, пытается спасти умирающий бизнес, который держит его на плаву. Его усилия сталкиваются с упрямством поколения, которое видит в его идеях только хаос, но в переполненном жилом комплексе рождается неожиданная связь, превращающая конфликт в шанс переосмыслить смысл успеха.",2
1584,"Сергей, уставший от рутины и ошибок, пытается скрыть катастрофическую ошибку в финансах, которая чуть не разрушила его карьеру. Вместо этого он оказывается в центре абсурдной ситуации, где его личная трагедия и глупые приключения в торговых центрах переплетаются в неожиданный смех. Его попытки сохранить достоинство превращаются в хаотичный сериал нелепых поворотов, где каждый шаг — это новый шанс на спасение.",1
1585,"Он стоит у границы, где линия между добром и злом растворяется в тропической гуще. Защита свидетеля превращается в личную войну, где каждое движение преследуется тенями прошлого. Внутренний разрыв, оставшийся после потери, теперь стал оружием, с которым он сражается с теми, кто готов разрушить всё с нуля.",0
1586,"В тени подземных тоннелей он ищет правду, но каждый шаг превращается в гонку с смертью. Пули и тени маскируют прошлое, где доверие стало оружием, а каждый выстрел — это выбор между правдой и тем, что осталось после предательства.",0
1587,"Он ведет спасательные операции в горах, но в один момент сталкивается с тайной, которая меняет его жизнь. Путешествие в заброшенную военную базу превращается в гонку с временем, когда доверие рушится, а каждый шаг приносит новые опасности. Внутренний конфликт и страх преследуют его, пока он пытается раскрыть сеть, которая скрывается за маской обычной жизни.",0
1588,"Бывший контрабандист, захваченный в ловушку на тропическом острове, борется за выживание, когда враждебные силы начинают охоту за ним. Внутренний конфликт с братом, который стал частью этой угрозы, добавляет трагичности его бегству от прошлого. Каждый шаг — это битва не только за жизнь, но и за восстановление разрушенных связей.",0
1589,"В тихом городке библиотекарь сталкивается с непростым выбором, защищая близкого человека от разрушительного влияния университета. Его тихие усилия превращаются в битву за честь и верность, где каждая встреча с коллегами становится испытанием. В сером мире, полном скрытых обид и тайн, он ищет путь, чтобы сохранить то, что дорого.",2
1590,"Международный курьер ввязывается в опасную миссию, чтобы спасти ученого, украденного в пустынном городе на границе. Недостаток ресурсов и разрушенная инфраструктура заставляют его бороться не только с врагами, но и с собственными сомнениями. В тени пыльных улиц и тихих улицах скрывается тайна, которая разрушает доверие и заставляет пересмотреть свои цели.",0
1591,"Учитель, живущий в мире собственных мыслей, получает неожиданное наследство — унылый аттракционный парк. Чтобы спасти его от банкротства, он начинает вести двойную жизнь: дневное время — уроки, ночное — съемки шоу в местном студии. Его неловкие попытки совмещать реальность и вымышленную драму превращают пустую площадку в хаотичный театр искренних смеха.",1
1592,"Бухгалтер, привыкший к рутине и неудачам, случайно втягивается в странный локальный фестиваль, где каждая деталь выглядит как абсурдная шутка. Его попытки справиться с хаосом только усиливают напряжение, особенно когда семья вмешивается в его попытки сохранить лицо. В роскошном отеле, где каждый уголок ожидает нечто неожиданное, неловкость становится не просто частью сюжета, а отражением его внутренней борьбы.",1
1593,"После провального дебюта в театре Марк случайно становится интернет-звездой, выкладывая нелепые видеоролики. Его неожиданная слава привлекает завистливого соседа, который пытается завладеть его успехом. В маленьком туристическом поселке хаос и смех становятся частью ежедневного ритма, где каждый жесткий момент превращается в историю.",1
1594,"В тени подземных тоннелей журналист ведет скрытую борьбу с теневыми силами, которые удерживают город в страхе. Каждый шаг превращается в гонку с собственным страхом провала, когда линия между правдой и выживанием становится тонкой. В тишине под землей рушится все, что когда-либо считалось безопасным.",0
1595,"Учитель, который вечно путает нитки в своей куртке и стесняется улыбаться, попадает в странное соревнование, организованное местными жителями. Его нелепый противник — жестокий конкурент, который готов на всё, чтобы победить, даже если это разрушит душу. В тихом туристическом поселке каждая шутка становится драмой, а каждая победа — трагедией, где смех и боль переплетаются до самого финала.",1
1596,"Молодой адвокат ввязывается в сложную ситуацию, пытаясь спасти умирающую компанию, но обнаруживает скрытую предательство, которая разрушает его планы. В атмосфере реабилитационного центра, где каждый день борется за спасение, он сталкивается с личными страхами и моральными дилеммами. История сочетает в себе тяжелые потери и остатки надежды, оставляя зрителя с вопросом: что стоит за кажущейся победой?",2
1597,"Молодой адвокат возвращается в тихое прибрежное село, чтобы искупить вину за прошлые ошибки. В поисках прощения он сталкивается с сопротивлением и внутренними сомнениями, но надежда на исправление прошлого дарит надежду на новый путь.",2
1598,"Вдова-учитель, столкнувшись с финансовыми трудностями, ищет способы восстановить разрушенные отношения. В реабилитационном центре она сталкивается с трудностями, которые заставляют ее пересмотреть свои приоритеты. Меланхоличная атмосфера подчеркивает внутреннюю борьбу и надежду на примирение.",2
1599,"Когда вертолетный пилот оказывается в ловушке разрушавшейся платформы, он сталкивается с тайной, которая может изменить всё. В условиях хаоса доверие между ним и командой начинает рушиться, оставляя только одиночество и неизбежный выбор между выживанием и правдой.",0
1600,"Учитель, страдающий социальной неловкостью, случайно становится центром внимания после того, как его ошибочно принимают за знаменитость. Вместе с этим в его жизнь врывается амбициозный конкурент, который не готов отступать, даже если это приводит к абсурдным ситуациям на школьном театральном вечере. Каждый день становится драматичным, но с юмором, который раскрывает глупость искренности в мире, где всем хочется быть кем-то другим.",1
1601,"Главный герой — лидер отряда, который должен спасти ученого, похищенного на тропической острове. Ограниченная связь и раздор между командой создают напряжение, а потеря доверия превращает каждую минуту в бой за выживание.",0
1602,"Выйдя из мира шоу, маг переносит свою волшебную манеру на хаотичный дом, где каждый сосед считает его ловушкой. Смешные ситуации и драматичный поворот в отношениях с соседями заставляют его пересмотреть понятие настоящего чуда. Всё становится яснее, когда он обнаруживает, что сам — главный акт этой непредсказуемой пьесы.",1
1603,"Он стоит на краю разрушения, где каждый шаг — это бой за выживание. Старая рана и новая волна давления со стороны властей толкают его к решению, которое может разрушить всё. В темноте платформы, где грохочет море и гаснет надежда, он ищет правду, зная, что цена ошибки — жизнь.",0
1604,"Он вырвался из тюрьмы, но теперь его преследуют не только враги, но и собственное прошлое. В переполненном мегаполисе, где власть тесно сплетается с преступностью, он пытается вернуть украденные документы, зная, что каждая минута — битва за искупление. Его путь переплетается с лицами, которые когда-то помогли ему сбежать, а теперь становятся частью той же сети, что подавляет город.",0
1605,"Он бежал от прошлого, но теперь его преследуют новые враги. В бушующем море, где каждый волной угрожает жизни, он должен разгадать тайну, которая связывает его судьбу с преступной сетью. Личные трагедии и страх перед неизбежным преследуют его, пока он не превращается в последнего надежды на спасение.",0
1606,"Рабочий, ввязавшийся в финансовые трудности, пытается искупить вину в семейном кафе, где каждый день наполнен тихими разговорами и неожиданными поворотами. Его путь к искуплению становится незабываемым путешествием, где эмоции и обстоятельства тесно переплетаются. Вечеринки и тишина создают атмосферу, которая держит в напряжении.",2
1607,"Он бежит из тюрьмы, но не от прошлого — от правды, которую теперь должен раскрыть. Снежные вершины гор скрывают тайны, а в тени леса охотятся за ним профессионалы, готовые убить ради тишины. Каждый шаг — битва с собственным страхом, когда доверие рушится, а правда становится единственной мишенью.",0
1608,"Молодой адвокат, переживший личную трагедию, сталкивается с финансовыми трудностями, пытаясь восстановить жизнь в реабилитационном центре, где сталкивается с отголосками прошлого и ищет путь к исцелению. В борьбе с собственными демонами он обнаруживает, что исцеление приходит не сразу, но в каждом шаге к новому дню скрывается надежда.",2
1609,"Бывший архитектор, потерявший работу и смысл жизни, сталкивается с тайной предательства, которая угрожает близкому человеку. На фоне университетского кампуса, где каждая стена хранит воспоминания, он должен сделать непростой выбор между правдой и защитой. Воспоминания и страх превращают пространство в лабиринт, где каждая стена может скрывать как поддержку, так и обман.",2
1610,"После ухода с сцен старый маг вдруг оказывается в запутанном доме, где каждый сосед кажется вором вора. Его попытки найти покой превращаются в хаос, когда соседка, завидуя его прошлому успеху, начинает вмешиваться в его жизнь. В итоге он оказывается в ловушке, где магия и реальность переплетаются неловко, а смех становится единственным способом выжить.",1
1611,"Марк, несчастный организатор свадьб, случайно становится звездой интернета после неудачного утреннего ритуала на лагере. Его странная слава привлекает внимание соседа, который начинает вмешиваться в его жизнь, создавая неловкие ситуации. Вместе с кучей смеха и непредсказуемых поворотов, история раскрывает тонкости человеческих отношений и непростой путь к принятию себя.",1
1612,"Она учит в маленьком горном поселке, но каждый день наполнен тяжестью ухода за больной матерью. Внутренний конфликт разрывает ее между обязанностями и болью, которую не может оставить без внимания. В тишине горной тишины ее чувства становятся яснее, а каждый шаг — это борьба с прошлым и настоящим.",2
1613,"Подводный инженер возвращается с опасной миссией, чтобы найти пропавшую экспедицию на обрушивающейся платформе. Он сталкивается с вооруженными наемниками и внутренними разногласиями с близким человеком, что усложняет его путь к правде. Каждый шаг превращается в битву не только за выживание, но и за спасение тех, кто остался в тени.",0
1614,"Воспоминания о пожарах, которые он не смог спасти, преследуют бывшего пожарного, пока он не берет на себя ответственность за защиту свидетеля, чья судьба связана с тайной, способной разрушить город. В условиях хаоса переполненной мегалицы, где связь прерывается каждые пять минут, он сталкивается с собственными страхами и должен выбрать: спасти тех, кто доверяет ему, или сбежать от прошлого, который не отпускает.",0
1615,"Молодой музыкант, бьющийся за выживание, случайно становится звездой местного театра, не зная, что его секрет — нелепая история о непрофессиональных амбициях. В попытке сохранить лицо он вплетает в спектакль смешные лайфхаки, но трагедия поджидает, когда правда выходит из-за кадра.",1
1616,"В центре сюжета — неутопичный организатор свадьбы, который случайно попадает в хаос, когда берет на себя организацию семейного собрания. Его усилия осложняются амбициозным конкурентом, который не жалеет усилий, чтобы испортить праздник. В итоге все превращается в непредсказуемый хаос, где смешные моменты и неловкие ситуации становятся основой для неожиданного объединения.",1
1617,"Журналист, скрывавшийся в пустынной бывшей военной базе, борется за выживание, когда ресурсы иссякают и тени прошлых ошибок тянут его вниз. Каждый шаг в темноте — это битва не только с врагами, но и с собственной совестью, которая не отпускает. Его путь к спасению становится испытанием, где страх и сомнения превращаются в последний шанс на искупление.",0
1618,"Возвращаясь в пыльную зону, где когда-то погибли близкие, журналист на грани искупления вины врывается в заброшенную военную базу, где таятся тайны, способные разрушить мир. В бой с вооруженными мержантами он сталкивается не только с оружием, но и с собственными страхами, каждый выстрел — шаг к прошлому, каждая минута — битва за спасение.",0
1619,"Неудачливый повар, привлекшийся к странным традициям местного курорта, ввязывается в хаос, когда его убежавший питомец начинает разрушать планы. Водрузившись на пляж, он сталкивается с безумными ритуалами, где даже еда становится частью шоу, а его собственные мечты о порядке превращаются в смешные катастрофы.",1
1620,"Он уверен в себе, как в законе, но случайная встреча в переполненном офисе вынуждает его сыграть роль парня, которого никогда не хотел. Каждый поворот судьбы — от нелепых совпадений до непонятных обстоятельств — раскрывает его слабости, а смех сменяется недоумением, когда реальность перестаёт быть предсказуемой. В хаосе он учится видеть, что даже уверенность может стать источником непредвиденных проблем.",1
1621,"Учитель, страдающий неловкостью в общении, пытается скрыть путаницу с местной труппой, но его неловкие попытки уладить ситуацию приводят к катастрофе на сцене. В хаотичном представлении смешения реплик, неправильных репетиций и неожиданных вмешательств каждый момент становится источником смеха и непредсказуемых поворотов.",1
1622,"Он провел десять лет без чести, но теперь его судьба связана с миссией, которая может вернуть ему имя. В холодном порту, где время замерло, он должен спасти ученого, чьи секреты угрожают миру, несмотря на разрыв с семьей, который разрывает его изнутри. Напряженный путь в темноте превращается в испытание, где каждый шаг — это битва с собой и тем, что когда-то было.",0
1623,"Молодой адвокат возвращается на университетский кампус, где его ждет не только работа, но и нерешенные обиды. Пытаясь исправить прошлое, он сталкивается с пренебрежением отца, чьи ожидания разрушают его мечты. В тишине лекционных аудиторий он ищет прощение, но каждый шаг напоминает о неразрывной связи прошлого и настоящего.",2
1624,"Он бежит, но не от опасности — от собственной вины. Тропический остров, где каждая волна кажется призрачной, становится ловушкой, а не спасением. Тени в лесу, шепот ветра и тень убийцы, который преследует его, превращают бегство в пляску с дьяволом. Власть, которая требует его возвращения, раскалывает его изнутри, оставляя выбор между свободой и безысходностью.",0
1625,"В летнем лагере, где каждый день превращается в хаос, неупорядоченный повар оказывается в центре безумного конкурса, где правила меняются каждую минуту. Его попытки выжить среди абсурдных испытаний и случайных встреч превращаются в смесь дезорганизованного юмора и глубоких переживаний, которые заставляют задуматься о том, что иногда хаос — лучший способ найти себя.",1
1626,"В снежном горном регионе пилот вертолета сталкивается с тайной, которую не может оставить без внимания. Его путь к раскрытию коррупции в правительстве осложняется предательством близких, заставляя пересмотреть свои мотивы и искать искупление за прошлые ошибки. В каждой сцене чувствуется напряжение, которое превращает личную борьбу в гонку за правду.",0
1627,"Она приехала в новый город, чтобы начать жизнь заново, но вдова-учитель столкнулась с тишиной, которая тянет за собой воспоминания. В реабилитационном центре, где каждый день — это шаг к восстановлению, она пытается найти силы, чтобы не оставить позади боль и страх быть брошенной. Внутренние борьбы и непростой путь к примирению раскрывают глубину человеческих переживаний.",2
1628,"Он потерял работу, но не верит, что всё закончилось. В тихом прибрежном поселке, где время течёт медленнее, он пытается исправить прошлые ошибки, не оставляя без внимания собственные сомнения. Каждый шаг к новому началу — это не просто борьба с нуждой, а шанс вернуться к тем, кто когда-то верил в него.",2
1629,"Он стоит на краю замерзшего промышленного порта, где лед и тени скрывают правду. Скрытый журналист ищет украденные документы, которые могут изменить всё. Он сталкивается с вооруженными мертворожденными, которые не жалеют сил. Каждый шаг преследует тень предательства, которое не оставляет покоя.",0
1630,"После провала в карьере актера приходится организовать семейную встречу в локальном телестудии, где хаос и неловкость становятся основой для абсурдных ситуаций. Секрет, который он скрывал, начинает разрушать планы, превращая собрание в непредсказуемую комедию ошибок и искренних эмоций.",1
1631,"Стареющий врач, привыкший к рутине, сталкивается с внутренним кризисом, когда в его сельской клинике появляется тайна, разрушающая его уверенность. Открывающаяся правда заставляет его пересмотреть прошлое и найти в себе силы вернуться к жизни, полной смысла. В отдалённом районе, где каждый день — это битва за выживание, он обнаруживает, что даже в молчании могут звучать голоса прошлого.",2
1632,"Воспоминания о прошлом тянут его в прошлое, где каждый шаг напоминает о потерянных возможностях. В уютном, но переполненном доме он пытается найти пространство для искупления, но незажившая рана в сердце не позволяет ему спокойно дышать. В тишине соседских разговоров и скрипа старых полов он ищет ответ на вопрос, который не даёт покоя: стоит ли продолжать жить или вернуться к тому, что осталось.",2
1633,"В тишине отдалённого села владелец ресторана пытается искупить прошлое, но скрытая предательство разрушает его надежды. Каждый день в уютном заведении сталкивается с эмоциями, которые не позволяют забыть обиды. В поисках прощения он сталкивается с тайнами, которые меняют его восприятие мира.",2
1634,"Он приезжает в тихий промышленный город, где старые заводы умирают, а улицы пустеют. Вместо привычного ритма жизни его ждёт тяжёлая болезнь, которая заставляет пересмотреть смысл привычного. В тени закатов и пустых залов он ищет связь, чтобы не потерять себя.",2
1635,"Мэр маленького городка втягивается в непредвиденный роман с преподавателем, чтобы спасти репутацию школы, но его поддельная связь становится причиной вирусного скандала на университетском кампусе. Смешные ироничные повороты событий заставляют его пересмотреть ценности, а влюбленные в его нелепую историю начинают видеть нечто большее, чем просто шутку.",1
1636,"Молодой детектив оказывается в ловушке, где каждая секунда угрожает его жизни. В погоне за правосудием он сталкивается с врагами, скрывающими улики за спиной местных властей. Остров становится зеркалом его собственного страха — неудачи, которую он боится больше, чем смерть.",0
1637,"Безработный архитектор, теряя связь с реальностью, возвращает себе смысл жизни, заботясь о больной матери в уютном семейном кафе. В борьбе за сохранение традиций и современных идей он обнаруживает, что истинная сила — в умении слушать и верить в будущее.",2
1638,"Новый детектив, впервые оказавшийся в центре хаоса, борется за жизнь ключевого свидетеля, чья информация может сорвать крупный коррупционный схемы. В условиях обрушивающейся платформы он сталкивается с внутренним противоречием: между долгом спасать и неизбежной встречей с родственником, который сам стал частью тайны.",0
1639,"Спасатель, привыкший к хаосу и риску, впервые сталкивается с ситуацией, где его профессионализм сталкивается с неожиданными трудностями. На тропическом острове, где каждый шаг может стать последним, он сталкивается с дронами, мешающими его поиску, и давлением властей, которые требуют быстрых результатов. Его внутренний конфликт между долгом и собственными сомнениями превращает каждую минуту в испытание.",0
1640,"Он приезжает в тихое прибрежное село, чтобы начать новую жизнь, но здоровье подводит. Меж тем, тишина деревни становится как зеркало его внутреннего хаоса, где надежда на восстановление сталкивается с тяжестью прошлого. В каждом вздохе — борьба с собственными страхами и неизбежностью.",2
1641,"Молодой стартапер наследует руины развлекательного парка в подъезде магазина. Когда неожиданный вирусный хит превращает его в интернет-сенсацию, он вынужден превратить хаос в шоу. Смешные провалы и искренние эмоции делают из этого нечто вроде магического спектакля.",1
1642,"Амбициозный организатор свадьб, привыкший к хаосу, случайно впутывается в странный местный фестиваль на береговом курорте, где каждая деталь превращает обычный праздник в абсурдный спектакль. Его неожиданная популярность на вирусных платформах заставляет пересмотреть понятие профессионализма и найти баланс между безумием и вдохновением.",1
1643,"Писатель среднего возраста в умирающем промышленном городе пытается восстановить разрушенные отношения, сталкиваясь с внутренним страхом быть брошенным. Его усилия осложняются не только личными переживаниями, но и падением города, которое отражает его собственную потерю веры в будущее. В напряженной атмосфере таинственности и сострадания он ищет способ спасти то, что осталось.",2
1644,"Безработный архитектор, потеряв веру в себя, попадает в реабилитационный центр, где сталкивается с тайной предательства, разрушающей его понимание мира. В поисках нового смысла он обнаруживает, что даже в самых тёмных моментах можно найти свет, но ценой больших жертв.",2
1645,"В условиях катастрофически разрушающейся платформы герой, чья прошлый опыт сталкивается с нерешенной предательством, должен преодолеть собственные страхи и личные обиды, чтобы предотвратить теракт, в котором его вовлечены. В условиях постоянной угрозы и нестабильной обстановки каждое решение становится вопросом выживания и верности.",0
1646,"Бухгалтер, который кажется везде под угрозой, берет на себя организацию семейного собрания, которое превращается в хаотичное мероприятие. Попытки уладить ситуацию в торгово-развлекательном центре приводят к непредсказуемым последствиям, смешным и драматичным моментам, которые затрагивают не только его семью, но и окружающих.",1
1647,"Он привык к шуму снежных ветров и тревожных сигналов, но теперь его путь пролегает по подземным тоннелям, где каждая лампочка мерцает под угрозой выстрела. В руках — не оружие, а надежда, что он не сорвётся, когда время тает вместе с кислородом. Страх провала превращает каждый шаг в битву, где выживание зависит не от силы, а от умения верить в то, что ещё можно попытаться.",0
1648,"Молодой студент, уверенный в своей безупречности, случайно втягивается в странный фестиваль, где традиции переплетаются с абсурдом. Его сосед, завидуя его успехам, начинает подкрадываться к тайнам праздника, не зная, что сам становится частью его непредсказуемой истории. На фоне хаоса колледжа смех и напряжение переплетаются, как нити в ковре, где каждый момент — это шанс на нелепое спасение.",1
1649,"Молодой студент, вернувшись в маленькое горное село, сталкивается с трудностями в попытке восстановить связь с семьей. Но его усилия осложняются разногласиями между жителями, которые заставляют его пересмотреть свои убеждения и найти баланс между личными желаниями и коллективными интересами. В тишине горной местности эмоции раскрываются в непростом поиске примирения и внутреннего покоя.",2
1650,"Бывший разведчик, лишенный доверия и статуса, бросает всё, чтобы найти пропавшую экспедицию, затерянную в бушующем море. На тяжёлом судне, где каждый волной приближается к краху, его ждут не только враги, но и боли, связанные с родной семьёй. В буре он сталкивается с собственными демонами и тайной, которая может разрушить всё, что осталось.",0
1651,"Бухгалтер, привыкший к хаосу на работе, случайно вляпывается в неловкую ситуацию, когда его вынуждают сыграть роль возлюбленного. Чтобы спасти карьеру, он соглашается на фиктивный роман, но быстро понимает, что это приведет к непредвиденным последствиям. Семья невольного партнера начинает вмешиваться, добавляя сложности, которые делают его попытки выкрутиться ещё более запутанными.",1
1652,"Непредсказуемый путь начинается, когда неуклюжий курьер решает открыть собственную доставку, не зная ни про что. Его планы осложняются вмешательством родственников, которые не могут оставить его в покое. В хаотичном мире магазинов и неожиданных поворотов каждый день становится новой историей о смелости и глупости, которая заставляет задуматься о границах между амбициями и реальностью.",1
1653,"Волонтер по спасению в горах становится невольным участником тайной войны, когда обнаруживает скрытые улики коррупции в системе власти. Его путь к правде превращается в ловушку, где каждый шаг угрожает не только жизни, но и совести. Мегаполис, погруженный в хаос, становится зеркалом его собственных страхов, а прошлое — тенью, которую невозможно оставить позади.",0
1654,"Международный курьер втягивается в тайную миссию, раскрывая скандал в правительственных структурах, где каждый шаг превращается в гонку с теневыми силами. В условиях строгого контроля над секретным исследовательским центром он сталкивается с давлением, которое разрывает его между верностью и выживанием.",0
1655,"Молодой адвокат возвращается в родной район, где его личные узы разрушены скандалом, и пытается восстановить доверие, сталкиваясь с молчаливой неприязнью соседей. В тишине улиц и притихших окон он находит не только пыльные следы прошлого, но и шанс искупить вины, которые оставили глубокие царапины в сердцах.",2
1656,"В тихом пригороде библиотекарь, привыкшая к порядку и одиночеству, сталкивается с неожиданным вызовом: её бывшая подруга, оставшаяся после болезни, пытается восстановить разрушенные отношения. В тени улиц, где каждый дом хранит свои секреты, она сталкивается с болью, которую трудно вынести, но которую нужно принять.",2
1657,"В отдалённой горной зоне, затопленной снегом, молодой детектив справляется с невероятными трудностями, пытаясь раскрыть тайну преступной организации. Его путь преслуживает не только физические испытания, но и тяжёлый груз вины за прошлые ошибки, которые теперь тянутся за ним, как цепь.",0
1658,"Парень с неуверенной хваткой, работающий курьером, вдруг получает задание организовать семейную встречу в летнем лагере — и вдруг обнаруживает, что его двойная жизнь в тени скрывается под маской безобидного отдыха. В хаосе приготовлений и непредсказуемых поворотах событий он пытается сохранить лицо, но тайна начинает разрушать даже самые смешные планы.",1
1659,"После увольнения с работы он решает переехать в летний лагерь, надеясь найти покой. Но его ждут родственники, которые не собираются упускать шанса испортить его планы. Вместо уюта и спокойствия он сталкивается с хаосом, шутками и неожиданными поворотами, которые превращают его новую жизнь в непрерывную смесь ошибок и смеха.",1
1660,"В отдаленном пустынном городке на границе вспыхивает хаос, когда отставной спецназовец возвращается в прошлое, чтобы разобраться в тайномерном заговоре. Его путь пересекается с опасным картелем, чьи планы угрожают не только безопасности, но и его собственной вере в правду. Тревога и мучительный выбор между личной защитой и моральным долгом превращают каждую минуту в битву не только за выживание, но и за остаток человечности.",0
1661,"Курьер, доставляющий важные документы, оказывается в ловушке на разрушенной военной базе, где бушует сильный шторм. В тумане и грохоте он борется не только с внешними угрозами, но и с собственным страхом провала, который заставляет пересмотреть свои приоритеты.",0
1662,"Молодой иммигрант, потерявший веру в себя, возвращается в реабилитационный центр, где должен исправить ошибки прошлого. Его путь переплетается с воспоминаниями о разорванной карьере и мучительной борьбой за прощение. В тишине учреждения каждая минута становится испытанием, где надежда на искупление бьётся с страхом повторного провала.",2
1663,"Студент колледжа, столкнувшись с финансовыми трудностями, уезжает в отдалённый сельский район, где надежда на новое начало сталкивается с реальностью разрушенных улиц и заброшенных домов. В поисках смысла он сталкивается с безысходностью, но в каждом вздохе таится искра, способная переписать его будущее.",2
1664,"Марк, чьи свадьбы всегда сопровождались неожиданными поворотами, попадает в ловушку местного фестиваля, где традиции переплетаются с абсурдом. Его соперник — амбициозный организатор, который не собирается уступать ни на шаг, заставляет пересмотреть понятие хаоса. В условиях переполненного офиса смех и напряжение создают непредсказуемую атмосферу, где каждый момент становится поводом для новых приключений.",1
1665,"Скучающий по дому бухгалтер, который случайно попал в университетский кампус, пытается организовать семейную встречу, но его мешает жестокий конкурент. В хаосе непредсказуемых ситуаций и нелепых поворотов судьбы он находит неожиданные связи и понимание.",1
1666,"Международный курьер, возвращающийся из заграничной миссии, обнаруживает скрытые следы коррупции в правительственных структурах. Попытка раскрыть правду сталкивается с сопротивлением местных властей, которые используют высокозащищенный научный центр как укрытие для своих тайн. Каждый шаг приводит к растущему давлению, заставляя героя выбирать между личной безопасностью и правдой, которая может изменить всё.",0
1667,"Молодой студент бьётся за право изменить судьбу, но его попытки совместить личные убеждения с ожиданиями родителей приводят к разрыву, который трудно переоценить. В поисках прощения он сталкивается с непониманием, которое превращает простые моменты в тяжёлые испытания. На фоне университетской жизни его путь наполнен сомнениями, где каждый шаг — это баланс между желанием быть собой и страхом потерять связь с тем, кто когда-то верил в него.",2
1668,"В тени пустынного приграничного городка одинокий охранник сталкивается с тяжелым выбором: спасти ученого, захваченного врагами, или спасти себя. Его руки трясутся не от страха, а от воспоминаний о потере, которую он не может простить себе. Время поджимает — на горизонте надвигается война, а каждая секунда становится смертельной.",0
1669,"Бывший маг, привыкший к молчанию аудитории, вдруг оказывается в центре шума, когда его умирающий аттракционный парк случайно попадает в вирусный тренд. В попытке спасти проект он превращает местный комьюнити-театр в хаотичную сцену, где магия и абсурд сливаются в неожиданный сюжет.",1
1670,"Учитель, страдающий от неловкости в общении, случайно вовлекается в поддельную романтику, чтобы спасти карьеру. Его сосед, завидуя его успеху, начинает вмешиваться, создавая хаос на территории университета. Ироничный взгляд на взаимодействие людей раскрывает глубину смешных ситуаций, где искренность теряет смысл, а позор становится неожиданно вдохновляющим.",1
1671,"Бывший разведчик, потерявший доверие, возвращается к прошлому, чтобы раскрыть тайну, которая может изменить всё. В условиях грозящего разрушением арсенала и давления сверху он сталкивается с непредсказуемыми угрозами, которые заставляют пересмотреть свои убеждения. Каждый шаг приводит к новым открытиям, а шторм — не только природа, но и отражение внутреннего хаоса.",0
1672,"Амбициозный блогер, мечтающий стать звездой, пытается скрыть ужасную ошибку, которая разрушила его репутацию. Вместо этого он случайно вляпался в скандальное скрытое второе прошлое — роль в школьном театре, где каждый жест становится драматичным спектаклем. Его попытки сохранить лицо превращаются в хаотичную комедию, где искренность и ложь переплетаются так, что даже зритель не может понять, что на самом деле происходит.",1
1673,"Молодой адвокат, живущий в тихом пригороде, борется с финансовым кризисом и ощущением бессмысленности своей работы. В одиночестве он ищет связь в случайных встречах, но каждая попытка приводит к новым разочарованиям. Его путь становится поиском не только денег, но и веры в то, что жизнь может быть значимой даже в самых обычных условиях.",2
1674,"Марк, не сумевший найти работу в кино, случайно ввязывается в поддельную связь с девушкой, которую не знает. В попытках выжить в этой ситуации на студенческом кампусе, где нелепые совпадения превращают реальность в хаос, его неуместные попытки сохранить лицо приводят к непредсказуемым последствиям.",1
1675,"Мэрия маленького городка вдруг оказывается в центре хаоса, когда главный герой решает организовать семейную встречу, которая превращается в кашу из нелепых случайностей. В комедийном пространстве деревенского театра каждая сцена становится притчей о том, как жажда контроля может привести к полному разрушению планов. Насмешка над жизнью и ирония судьбы делают эту историю не только смешной, но и трогательной.",1
1676,"Он ищет ответы на собственные вопросы, проникая в тени заброшенной военной базы, где каждая стена хранит тайны, способные изменить его судьбу. Недостаток ресурсов и хаос разрушили планы, но в пыли и развалинах он находит путь к искуплению, бросая вызов тем, кто готов уничтожить мир.",0
1677,"В тихом пригородном районе владелец ресторана борется за выживание своего дела, сталкиваясь с растущим сопротивлением соседей, которые видят в его планах угрозу для местной традиции. Каждый шаг превращается в битву не только за бизнес, но и за связь, которая угрожает исчезнуть, оставляя в сердце остатки надежды и боли.",2
1678,"Писатель среднего возраста, потеряв близкого человека, пытается найти силы в рутине семейного кафе. Вокруг него тянет вспоминать прошлое, но каждый день напоминает о том, что он больше не тот, кем был. В тишине завтрака и шуме кофейных машин он ищет ответы, которые не хотят приходить, борясь с давлением общества и собственными сомнениями.",2
1679,"Пилот вертолета, спасающий людей в снежном порту, сталкивается с тайнами власти, которые угрожают его миру. Его путь пересекается с тенетами незнакомца, который не жалеет ни о ком. Семейные обиды превращаются в оружие, когда он вынужден выбрать между правдой и тем, что связывает его с близкими.",0
1680,"Молодой студент, борющийся с собственными сомнениями, берёт на себя ответственность за спасение умирающего бизнеса, не зная, что за его спиной скрывается тайна, разрушающая всё, что он пытается сохранить. В атмосфере реабилитационного центра, где прошлые ошибки и молчаливые обиды таят в себе силу, он сталкивается с выбором, который переворачивает его понимание себя и других.",2
1681,"После увольнения с фабрики он теряет связь с прошлым, но в семейном кафе на окраине города находит скрытые смыслы жизни. Каждый день — битва между отчуждением и желанием вернуться к тем, кто остался. Вместе с соседями он борется за сохранение места, где звучат голоса прошлого и мечты о будущем.",2
1682,"Молодой музыкант, разочарованный в своей карьере, переезжает в тихий туристический городок, где ожидает уютная квартира. Однако его ждёт неожиданное: соседи, ведущие хаотичный образ жизни, постоянно путают его вещи и создают непонятные ситуации. В попытке сохранить порядок он сталкивается с смешными недоразумениями, которые заставляют его пересмотреть понятия удачи и дисциплины.",1
1683,"Волонтер по спасению в горах сталкивается с тяжелым выбором, когда его миссия раскрыть тайные действия преступной группы превращается в личную войну. В холодном промышленном порту, где каждый шаг — в бой, он должен выжить, не теряя веру в себя и тех, кто рядом.",0
1684,"Бывший контрабандист, привыкший к тенистым делам, возвращается в пустынное приграничное городок, где его миссия раскрыть коррупцию в правительстве сталкивается с отсутствием ресурсов и неизбежным риском. Его путь осложняется личной борьбой с братом, чья вера в систему противоречит его миссии, создавая напряжение, которое может разрушить всё.",0
1685,"Мэр небольшого городка, который уже устал от рутины, решает организовать семейную встречу, но его скрытая двойная жизнь ведет к абсурдным поворотам. Вместо уютного собрания он оказывается в центре хаоса, где каждый участник скрывает свои секреты, а кампус колледжа становится полем битвы между реальностью и вымышленной жизнью. Попытки контролировать ситуацию приводят к непредсказуемым последствиям, заставляя пересмотреть понятие семейных обязательств.",1
1686,"Молодой стартапер наследует увядший аттракционный парк, который превращается в хаос из-за серии абсурдных случайностей. В попытке спасти проект он вовлекает местную театральную труппу, где смешение реальности и вымышленного приводит к неожиданным поворотам. Сатирический взгляд на амбиции и человеческие слабости делает историю не только смешной, но и трогательной.",1
1687,"Молодой музыкант, потерявший веру в свои силы, переезжает в небольшой курортный отель, надеясь найти вдохновение среди тишины. Однако хаотичная жизнь соседей и убежавшая кошка превращают его поездку в неловкое положение, где каждая минута становится новой историей о неожиданных связях и попытках найти баланс между разочарованием и смехом.",1
1688,"Педагог, который не умеет общаться, пытается скрыть серьезную ошибку, которая может разрушить его карьеру, но его усилия осложняются завистливым соседом, который не жалеет усилий, чтобы разрушить его планы. В атмосфере университета, где каждый день наполнен неожиданными поворотами, он должен найти баланс между честностью и выживанием, чтобы не потерять доверие студентов и самого себя.",1
1689,"Бывший архитектор, потерявший работу и связь с близкими, возвращается в место, где начиналась его жизнь, чтобы разобраться с прошлым. В реабилитационном центре он сталкивается с собственными страхами и старыми обидами, пытаясь восстановить то, что уже кажется утраченным. Каждый шаг напоминает о разрушениях, но в тишине убеждения начинает просыпаться надежда.",2
1690,"Молодой создатель стартапа попадает в летний лагерь, где его ждёт безумная соревновательная игра. Постоянные недопонимания и искажённые инструкции превращают его мечты о технологиях в хаос. В попытке выжить в этой абсурдной ситуации он сталкивается с тем, что даже самая продуманная стратегия может потерпеть крах.",1
1691,"На тропическом острове, затерянном в океане, бывший офицер границы сталкивается с безжалостными мечниками, преследующими его через леса и пустыни. Внутренние разрывы, вызванные нерешенной предательством, превращают каждый шаг в битву с самим собой. В погоне за выживанием он должен раскрыть правду, которая может изменить его судьбу.",0
1692,"После ухода с сцен волшебства, бывший маг теперь сталкивается с хаосом, когда решает собрать семью на берегу океана. Попытки организовать встречу превращаются в цирк, где каждый член семьи вносит свой вклад в общую катастрофу. В смешных сценах и непредсказуемых поворотах скрывается искренняя связь, которая делает этот крик о помощи по-настоящему трогательным.",1
1693,"Молодая библиотекарь из провинциального городка приезжает в новое место, чтобы начать новую жизнь. Сложности адаптации к незнакомой обстановке усиливаются тяжелым заболеванием, которое заставляет пересмотреть ценности и смысл существования. В тишине подъезда и молчании соседей чувствуется глубокая тоска, проникающая в каждую трещину.",2
1694,"В тени увядшего промышленного города отец, в одиночку несущий бремя болезни родителя, сталкивается с тайной, которая разрушает его уверенность в мире. Тоска по утраченным вещам и бессонные ночи превращают его заботу в тяжелую борьбу с собственными страхами.",2
1695,"Неудачный актер случайно вляпывается в странный фестиваль, который превращает обычный торговый центр в хаотичный праздник. Секретная двойная жизнь соседа добавляет путаницы, заставляя его пересмотреть свои приоритеты. Легкие абсурдные ситуации и неожиданные повороты делают каждую минуту наполненной смехом и теплом.",1
1696,"Телохранитель прибывает на тропический остров, чтобы найти пропавшую экспедицию, но его миссия осложняется коррупцией местных властей и собственными травмами прошлого. В опасной среде он сталкивается с моральными дилеммами, где каждый шаг может привести к разрушению или спасению.",0
1697,"На тропическом острове телохранитель ввязывается в гонку с тенями, когда его клиент оказывается связанным с тайной, о которой он не знал. Каждый шаг приводит к новым угрозам, а страх провала заставляет его пересмотреть свои убеждения и вернуться к прошлому, где тени скрывали правду.",0
1698,"Вечером в тесной квартире, заполненной тишиной и тенью, он вспоминает, как разбивался о землю, но теперь не может отпустить тех, кто остался. Стараясь не подавить дрожь в руках, он ухаживает за больной матерью, чувствуя, как прошлое врывается в каждый момент, превращая уход в битву между прошлым и настоящим.",2
1699,"Педагог, страдающий социальной неловкостью, решает открыть бизнес в небольшом туристическом поселке. Его неожиданно популярный проект превращает его жизнь в хаос и смех. Смешные ситуации и абсурдные повороты делают его путь к успеху незабываемым.",1
1700,"После неудачного карьера актера он решает открыть собственную компанию, не имея ни опыта, ни плана. В хаотичном офисе смешение нелепых ситуаций и непредсказуемых событий превращает его мечты в хаос. Каждый день приносит новые нелепые повороты, где его безумные идеи сталкиваются с реальностью в смешном и драматичном стиле.",1
1701,"Он возвращается к месту, где всё началось, чтобы разобраться в тайне, которая угрожает всему. Страшные образы прошлого сталкиваются с настоящим, где каждый шаг — в бой с технологиями и хаосом. В тени рушащейся платформы его прошлое и будущее переплетаются, превращая каждый момент в испытание.",0
1702,"Он не был подготовлен к тому, что его нелепая попытка скрыть недопонимание приведет к катастрофе на сцене местного театра. Смешные ошибки, непонятные жесты и непроизвольные реплики превращают спектакль в хаотичный спектакль, где каждый момент кажется абсурдным, но в то же время трогательным. Герой, охваченный стыдом и непонятной виной, пытается исправить ситуацию, но его усилия только усугубляют хаос.",1
1703,"Неуклюжий повар, потерявший контроль над кухней, случайно попадает в странный конкурс, где приходится выживать среди абсурдных испытаний. Каждый поворот сюжета усиливает хаос, но в этом хаосе рождается искренняя доброта и неожиданная связь с участниками. В тени магазинов города таится возможность найти радость в случайностях, которые превращают крики и панику в смех.",1
1704,"В ледяных тенистых улицах промышленного порта одинокий инженер вспоминает потерю, которую связывает с тайной, которую теперь пытается раскрыть. Его битва за правду превращается в личную войну против тех, кто защищает преступность, заставляя сомневаться в собственном выборе и цене правды.",0
1705,"После разрыва с бывшей группой и ухода из дома, музыкант находит себя в хаосе, унаследовав заброшенный аттракционный парк в центре торгового центра. Его сосед, завидуя его успеху, начинает вмешиваться в дела, превращая уже сложную ситуацию в настоящую катастрофу. Вместе с ворующими и непониманием, он пытается сохранить упавшее состояние, но каждый день становится более абсурдным и юмористичным.",1
1706,"Молодой музыкант, потерявший связь с миром, уединяется в тихом сельском поселении. Его путь к исцелению от одиночества переплетается с нерешенными обидами и страхом быть брошенным. В тишине природы он сталкивается с самим собой, ищя в музыке ответы на вопросы, которые не дают покоя.",2
1707,"После побега из тюрьмы бывший заключенный оказался на борту грузового судна, где его ждут непростые испытания. Он должен найти пропавшую экспедицию, но слабая связь и давление со стороны властей создают постоянную угрозу. В борьбе за выживание он сталкивается с собственными страхами и неизбежной реальностью.",0
1708,"В роскошном отеле неуклюжий курьер случайно вляпался в нелепую ситуацию: чтобы спасти себя от неприятностей, пришлось придумать ложную связь. Когда катастрофичное публичное мероприятие вышло из-под контроля, его смешные попытки сохранить лицо превратились в хаос. В итоге он понял, что иногда нелепость — лучший способ выжить в мире, где всё идёт не так.",1
1709,"Он должен спасти ученого, но предательство внутри команды и конфликт с родственником добавляют напряжения. В условиях разрушающейся платформы каждый шаг — это битва за выживание и честь. Его прошлое преследует, а настоящее требует жертв, чтобы вырваться из ловушки.",0
1710,"Он пытается спасти уязвимого свидетеля, но его руки трясутся от прошлых ошибок. На изолированном острове, где каждый шаг — битва за выживание, его личная трагедия становится не только врагом, но и единственным путем к спасению. Время течет, а надежда гаснет, как солнце за горизонтом.",0
1711,"В отдаленной горной местности, охваченной снежной бурей, бывший контрабандист возвращается к прошлому, чтобы спасти ученого, похищенного коррумпированными властями. Его путь пересекается с тенью прошлого — братом, который теперь стоит на пути к разгадке тайн, связанных с пропажей. В битве между льдом и мраком каждая минута становится испытанием не только телом, но и душой.",0
1712,"С незабвенных дней службы в спецназе он привык к хаосу, но теперь его погоня за свободой сталкивает с технологиями, которые не дают ему покоя. В заброшенной военной базе, окружённой дронами, он пытается скрыться, но всплывает давние обиды с братом, который теперь ведёт свою собственную войну. Каждый шаг — это битва не только с техникой, но и с собой.",0
1713,"После сокращения производства в городе бывший рабочий сталкивается с необходимостью спасти умирающую фабрику, встречая сопротивление местного университета, который видит в ней угрозу своему расширению. В тишине и безысходности он ищет путь к компромиссу, где каждый шаг переплетается с судьбами соседей и будущим целого района.",2
1714,"Подводный инженер возвращается с морской глубины, чтобы разобраться в тайне, связанной с загадочным грузом на судне. Его путь пересекается с теневыми фигурами, которые готовы уничтожить любые следы правды. Внутренний разрыв с братом и страх перед неизвестным толкают его к решению, где каждый шаг — это битва не только с врагами, но и с самим собой.",0
1715,"В центре истории — владелец кафе, который пытается восстановить разрушенные отношения, сталкиваясь с тайнами, скрытыми в тени университета. В балансе между прошлым и настоящим раскрывается сложная правда, которая заставляет пересмотреть ценность доверия и прощения.",2
1716,"Он вернулся на остров, где всё начиналось, чтобы разоблачить тайный план, угрожающий всему миру. Но между ним и правдой стоит не только враждебная армия, но и разрыв с братом, чья вера в него рухнула десятилетия назад. В тропических лесах, где каждый шаг — в бой, он должен выбрать: спасти родных или спасти мир.",0
1717,"В тишине промышленного района он пытается собрать кусочки жизни, разбитой личной трагедией. Каждый день на заводе становится напоминанием о том, что даже в серой рутине можно найти трещины света. Но скрытая предательство в прошлом заставляет его сомневаться, стоит ли верить в будущее.",2
1718,"Амбициозный инфлюенсер, мечтающий стать гуру моды, наследует разваливающийся аттракционный парк в сердце промышленного центра. Его планы превращаются в хаос, когда выясняется, что парк скрывает нелепое предательство, которое заставляет его пересмотреть ценности и смысл успеха. В смешных ситуациях с бывшими коллегами и непредсказуемыми гостями герою приходится найти баланс между мечтой и реальностью.",1
1719,"Молодой иммигрант, прибывший в тихую прибрежную деревню, сталкивается с трудностями в попытке восстановить связь с семьей, сталкиваясь с давлением со стороны местного сообщества, которое не принимает его. В одиночестве он ищет смысл в тишине моря, но каждый шаг к прошлому приводит к новым вопросам о принадлежности и принятии.",2
1720,"В условиях напряженной атмосферы, когда каждая минута становится критичной, лидер отрядов сталкивается с неизбежным выбором. В заброшенной военной базе, окружённой тенями прошлого, он пытается найти пропавшую экспедицию, но дроны наблюдения и давление со стороны властей превращают его миссию в ловушку. Внутренний конфликт растёт, когда личные убеждения сталкиваются с требованием выполнить задание.",0
1721,"Он возвращается в тенистые лабиринты прошлого, где каждый шаг превращается в игру с собственными страхами. В заброшенном укрытии, окружённом тишиной и остатками прошлых войн, он должен разобраться, кто предал его, и почему тень прошлого всё ещё держит его в плену. Внутри — разрушение доверия, снаружи — бой за выживание, где каждый выстрел может стать последним.",0
1722,"Студент, уверенный в себе, попадает в нелепую ситуацию, когда вынужден притворяться возлюбленной в роскошном отеле. Каждая новая встреча с непредсказуемыми обстоятельствами усиливает его смущение, а попытки сохранить достоинство превращаются в цепочку абсурдных казусов. В итоге даже самые смелые планы теряют смысл, когда реальность оказывается сложнее, чем казалась.",1
1723,"Повар с хаотичным распорядком жизни случайно попадает в странный фестиваль, который превращает обычный торговый центр в хаотичную сцену. Каждая случайная встреча и нелепое событие ведут его к неожиданному пониманию: даже в беспорядке можно найти место для смеха и доброты.",1
1724,"Средневековый писатель, борющийся с воспоминаниями о прошлом, возвращается в тихое прибрежное село, чтобы защитить того, кого любит. Волны моря и тишина деревни становятся его единственными союзниками в борьбе с тенями прошлого.",2
1725,"В тихом реабилитационном центре, где прошлые обиды и ожидания переплетаются, библиотекарь из провинциального городка сталкивается с молчаливым отчуждением молодых пациентов. Ее усилия превратить книги в мост между поколениями превращаются в непростой путь к самопониманию, где каждый разговор — как шаг сквозь туман.",2
1726,"Одинокий отец борется с тяжестью заботы о больной матери, пока неизбежно сталкивается с давлением окружения, которое заставляет пересмотреть приоритеты. В тени университетского кампуса его усилия превращаются в тонкую игру между долгом и возможностью, где каждая минута становится испытанием.",2
1727,"Среди тишины маленького горного поселка, где каждый знает каждого, средневековый писатель возвращается, чтобы исправить прошлые ошибки, но сталкивается с разногласиями, которые разделяют общество. В поисках искупления он находит не только связь с семьей, но и собственную правду, которая не всегда приятна.",2
1728,"Бывший разведчик, разрушенный в прошлом, бродит по ледяным улицам заброшенного порта, пытаясь скрыться от теней прошлого. Его путь пересекается с братом, который верит в его вину, а каждый шаг — это борьба с голодом и холодом, что разрывает душу. В тени мрачных зданий он ищет выход, но тень прошлого тянется за ним, как цепь.",0
1729,"Лидер отряда борется за выживание в пустынном городе на границе, где недостаток ресурсов и разрушенное доверие между ним и оставшимися соратниками превращают каждую минуту в битву за выживание. В условиях жары и пыли он должен найти способ выбраться, несмотря на то, что даже те, кто когда-то верил в него, теперь смотрят на него с подозрением.",0
1730,"Молодой курьер с непростым характером случайно попадает в странную фестивальную традицию, где каждый участник вынужден проявить неожиданную смекалку. Вместе с убегающим котом и неожиданными соседями из театра он обнаруживает, что хаос может превратиться в неожиданную связь.",1
1731,"В кухонном хаосе неопытный повар пытается организовать семейное собрание, но его нервные попытки превращаются в скандал. Неожиданная вирусная популярность превращает кризис в шоу, где эмоции и смех переплетаются с паникой. В отеле на берегу океана каждый момент становится частью неожиданного шоу, где эмоции и смех переплетаются с паникой.",1
1732,"Бодигард сталкивается с непростым выбором, когда его команда распадается под угрозой предательства. В условиях строгой охраны секретного центра он пытается вернуть украденные документы, но каждый шаг пронизан тенью нерешённого обмана. Внутренний конфликт и неуверенность в верности поднимают напряжение до предела.",0
1733,"Он бежит по тропическим тропам, где каждый шаг превращается в битву за выживание. Страх, навсегда оставшийся после потери близкого, теперь стал неотъемлемой частью его дыхания, а военные действия на острове превратили его в центр хаоса. В погоне за безопасностью он сталкивается с собственными демонами, где каждый момент — это выбор между прошлым и будущим.",0
1734,"В темноте моря грузовик становится ловушкой для подводного инженера, который ввязывается в игру с преступной группировкой. Его миссия — раскрыть тайны, скрывающиеся под бортами, но каждый шаг преследуют вооруженные морские разведки. Внутри него бушует борьба между долгом и личными обидами, разрывая связь с тем, кто остался дома.",0
1735,"В тихих улицах небольшого городка Anna, бывшая медсестра, пытается спасти семейный кафе, которое угрожает закрыться. Ее усилия заставляют столкнуться с давними болью и потерей, которые скрывались за улыбками клиентов и звуком кофеварки. В каждой чашке кофе — отголосок прошлого, а каждый день становится шагом к примирению с неизбежным.",2
1736,"В разрушенном промышленном городе, где тоска и пустота сжимают сердце, бывший спортсмен ищет путь к прошлому, пытаясь восстановить связь с семьёй, разорванную временем и обстоятельствами. Его борьба с финансовым кризисом становится не только испытанием, но и возможностью пересмотреть ценности, которые ушли в прошлое. В каждой молчаливой встрече и тяжёлом шаге — отголосок надежды, что даже в безысходности остаётся место для искупления и исцеления.",2
1737,"Он бежит по ледяным тропам, где каждый шаг — битва с холодом и собственными воспоминаниями. Украденные документы — ключ к прошлому, но в тумане гор прячется неизвестный охотник, чьи движения предсказуемы, как снегопад. Внутри него бушует борьба: желание выжить и страх, что тень прошлого никогда не оставит его в покое.",0
1738,"Он потерял доверие, но не веру в себя. В бойнице, где грохочет огонь и ветер, он пытается спасти свидетеля, чья информация может изменить ход войны. Время течет, а власти требуют жестоких решений, от которых он отводит взгляд, но не сердце.",0
1739,"Он возвращается в закрытый комплекс, где его родитель борется с болезнью, но сталкивается с сопротивлением соседей, которые не хотят мирно сосуществовать. В тишине кабинета и шума дверей он пытается сохранить связь с прошлым, не отпуская надежду на будущее. В каждом вздохе — тень утраты, в каждом шаге — непрекращающийся выбор между долгом и страхом потерять.",2
1740,"В семейном кафе, где каждый уголок напоминает о прошлом, учитель, потерял мужа, пытается искупить вину, но тень прошлых ошибок не даёт покоя. Каждый день напоминает о том, что прошлое не оставляет покоя, но в тишине кружки и шепот разговоров скрывается шанс начать снова.",2
1741,"Вдова-учитель, оставшись одна после утраты супруга, ищет смысл в жизни, пока тихое прибрежное село не вовлекается в споры о будущем местных традиций. Ее путь к новому предназначению пересекается с сопротивлением соседей, которые застряли в прошлом, и в каждом шаге звучит тихая надежда на примирение и обновление.",2
1742,"Учитель, страдающий от социальной неуверенности, случайно становится объектом внимания из-за ошибки в идентификации. В условиях роскошного отеля он сталкивается с агрессивным конкурентом, который пытается использовать его славу для своих целей. Неловкие ситуации и непредсказуемые повороты делают каждый день настоящим испытанием.",1
1743,"Молодой музыкант, бьющийся за признание, решает открыть в местном торговом центре необычный магазин, где продает арт-объекты из собственных композиций. Его непрофессиональный подход к бизнесу приводит к неожиданному вирусному успеху, который разрушает все планы и заставляет пересмотреть понятия таланта и мечты. В хаосе ироничного успеха он учится жить в реальности, где иллюзии быстро тают.",1
1744,"Во главе группы наемников стоит человек, который потерял веру в свои силы, но все равно возвращается к опасной миссии — раскрыть скандал в правительстве. Его путь пересекается с тайным врагом, чьи действия заставляют его сомневаться в каждом шаге. В холодном промышленном порту, где тишина гремит от скрытых тайн, он сталкивается с выбором между правдой и собственной безопасностью.",0
1745,"После ухода из спорта он попадает в реабилитационный центр, где сталкивается с давлением общества и ищет новое предназначение. В борьбе с собственными демонами он находит неожиданные ответы, но ценой части себя.",2
1746,"Пилот вертолета, спасающий утопающих в замерзшем промышленном порту, втягивается в тайну коррупции, скрывающейся в тени власти. Его путь омрачает не только опасный преследователь, но и разрыв с братом, чья вера в систему рушится под давлением правды. В каждой схватке с теневым убийцей он чувствует, как раскалывается граница между долгом и личными убеждениями.",0
1747,"Мэр маленького городка решает переломить ситуацию, открывая необычный бизнес на летнем лагере, но его непрофессиональный подход приводит к абсурдным ситуациям. Сбежавшая собака становится неожиданным союзником, заставляя его пересмотреть свои планы и найти баланс между амбициями и реальностью.",1
1748,"Он бежит от тени прошлого, где каждый шаг превращается в бой. Воспоминания о пожарах теперь преследуют его на борту грузовика, где тайна и угроза сливаются в один удушающий мрак. С каждым днём доверие к тем, кто остался, тает, а враг — безымянный, но жестокий — ждет его в темноте.",0
1749,"В прошлом он торговал товарами, которые не должны существовать, а теперь охотится за следами пропавших в пустыне исследователей. Время не дает ему отдохнуть — вражеские силы приближаются, а власти требуют сдать пленных, чтобы спасти город. В каждой песчаной буре скрывается не только опасность, но и тайны, которые могут изменить судьбу всех, кто остался на границе.",0
1750,"Взрыв на заброшенной военной базе раскрывает тайну, которую герой должен остановить. Он бродит по развалинах, где каждая стена хранит секрет, а каждая минута — риск. Враждебные силы не ждут, и доверие между ним и союзниками начинает трескать, как стекло под ударом.",0
1751,"В тихом городке библиотекарь ведёт скромную жизнь, но её мир рушится, когда любимый человек попадает в реабилитационный центр. Страх и безысходность сменяются решимостью бороться за каждую возможность, пока неясная дорога ведёт к неожиданной надежде.",2
1752,"Бывший спецназовец, разочарованный в прошлом, возвращается в хаотичный мегасити, чтобы защитить свидетеля, который может разрушить преступную империю. Противостояние с опасным картелем, чьи планы пересекаются с его собственными тайнами, превращает каждую сцену в битву между мстительностью и иллюзией искупления. Его прошлое тянет обратно, когда каждый шаг становится битвой между долгом и страхом потерять всё.",0
1753,"В тихой провинциальной деревне библиотекарь, привыкший к рутине и уюту, сталкивается с тяжелым выбором: спасти семейное дело или сохранить остатки доверия. Надежда на восстановление разрушенных связей тонет в руинах финансового кризиса, а каждый день становится испытанием для души. В уютном подъезде соседей и пыльных книгах — тени прошлого и звонкие голоса, которые не дают уйти в себя.",2
1754,"В одиночку он бросает всё, чтобы найти украденные документы, которые могут изменить ход событий. Страх и сомнения сжимают грудь, когда каждый шаг приводит к новым рискам, а власти требуют жестокости. В глубине лабиринта секретов и теней он должен выбрать: спасти мир или спасти себя.",0
1755,"Он — незаметный охранник, чьи действия могут спасти тысячи жизней. В условиях хаоса переполненного мегаполиса он сталкивается с вооруженными бандитами, чьи планы приближаются к исполнению. Каждый шаг пронизан страхом провала, который заставляет его пересмотреть свои убеждения и ценности.",0
1756,"После ряда неудач он наследует разрушающийся аттракционный парк, который кажется непреодолимым испытанием. Вместе с ним приходит убегающий кот, который случайно становится ключом к неожиданному счастью. В роскошном отеле, где каждый уголок напоминает о прошлом, герою предстоит найти баланс между хаосом и надеждой, раскрывая глубину человеческих связей.",1
1757,"Бывший архитектор, потерявший работу, погружается в хаос университетского лагеря, где старые идеи сталкиваются с реальностью. В поисках нового смысла он сталкивается с собственными страхами и мечтами, которые могут изменить его жизнь.",2
1758,"Молодой музыкант, борющийся за признание, возвращается домой, чтобы разобраться с обидами, оставшимися после смерти отца. В тесном жилом комплексе его сталкивает с разногласиями поколений, где каждый уголок наполнен неразрешенными чувствами. В напряженной атмосфере он пытается найти путь к прощению, чтобы искупить прошлое и обрести покой.",2
1759,"Он бежит по улицам, где каждый шаг превращается в бой, а тени мегаполиса — в укрытие. Дроны охотятся за ним, но страх, который с ним вместе, глубже, чем любой враг. Прошлое, преследующее его, превращает каждую победу в новый урок, а каждый выстрел — в признание собственной слабости.",0
1760,"Молодой организатор свадьб, привыкший к хаосу, попадает в нелепую ситуацию — конкурсы на телестудии, где каждая минута превращается в пытку. Его скрытый секрет, который может разрушить всё, добавляет напряжения, заставляя смеяться над собой и другими. Вместе с ним в танце с неожиданностями — искреннее чувство юмора и непростой путь к спасению.",1
1761,"В условиях переполненной мега-города, где каждый шаг превращается в битву за выживание, инженер подводного судна должен защитить ключевого свидетеля, не имея поддержки. Война за контроль над информацией разрушает его отношения с близким человеком, заставляя идти против собственных убеждений.",0
1762,"Вернувшись с миссии, пилот вертолета сталкивается с новой задачей — спасти свидетеля, укрытого на грузовике в открытом море. С каждым часом его страх провала растет, когда ресурсы исчерпываются, а волны становятся не только природной преградой, но и символом безысходности.",0
1763,"Он стоит на краю разрушения, где каждый шаг уносит жизни, а вера в правду теряет смысл. В борьбе с пропавшими исследователями он сталкивается с сетями предательства, которые затягивают его в бездну не только опасности, но и собственной души.",0
1764,"В унылом подъезде, где каждый звук эхом отражается от стен, борется за выживание музыкант, который пытается спасти умирающий бизнес. Его страх быть брошенным превращает повседневность в тяжелую борьбу, где каждая мелодия становится как будто криком о спасении.",2
1765,"Среди бескрайних волн корабль становится ловушкой, а каждый шаг — битва за жизнь. Герой, привыкший защищать, теперь бежит, сражаясь с собственными страхами и разрушением доверия. В тишине океана звучат шепот обмана и тяжесть потери контроля.",0
1766,"В мегаполисе, превращённом в хаос из-за развязанной войны, подводник, осознавая свою вину за прошлые ошибки, бежит от преследований, пытаясь спасти тех, кого оставил позади. Его путь — это не только бегство от оружия, но и борьба с собственным прошлым, которое тянет за собой тенью, не позволяя остановиться.",0
1767,"Во главе группы профессионалов, потерявших веру в систему, стоит лидер, который должен найти пропавшую экспедицию в условиях полного отсутствия поддержки. В условиях строгой охраны научного центра он сталкивается с собственными сомнениями, оставшись в одиночку с тенью прошлого предательства.",0
1768,"Во время спасательной миссии в заброшенной военной базе герой сталкивается с личным трауматизмом, который мешает ему предотвратить теракт. Ограниченная связь и напряженная обстановка заставляют его пережить прошлое, которое не даёт покоя, добавляя сложности в каждую минуту.",0
1769,"Молодой инфлюенсер, мечтающий о славе, попадает в странный конкурс в небольшом туристическом городке. Его участие в хаотичной соревновательной игре быстро становится вирусным, превращая его в центр внимания. В попытке справиться с абсурдными заданиями и неожиданным вниманием он узнает, что борьба за признание может быть как смешной, так и трогательной.",1
1770,"Неуклюжий повар, потерявший контроль над своей кухней, случайно становится звездой местного телевидения, когда его смешные попытки приготовить ужин перерастают в хаос на глазах у телезрителей. В попытке спасти ситуацию он вовлекает в хаос целое сообщество, но в итоге обнаруживает, что искренность может быть сильнее, чем любая кулинарная техника.",1
1771,"В улицах гигантского города, где толпы смыкают ворота между мирами, бывший заключенный ищет спасение от собственной тени. Его путь пересекается с тайной, которая может уничтожить всё, что он когда-либо ценил, а виной всему — не только враги, но и те, кто молчал, когда всё могло измениться. В каждой битве он сталкивается с отражением прошлого, и каждый шаг приближает его к правде, которую уже не вернуть.",0
1772,"Международный курьер, возвращающийся из опасного рейса, получает заказ, который превращает его жизнь в игру на выживание. Нужно найти пропавшую экспедицию, пока не начнётся военный конфликт, который разрушает мегаполис. В каждой улице, в каждом здании — следы прошлого, которые заставляют его пересмотреть свои действия и искать спасение не только для себя, но для тех, кто остался.",0
1773,"В пустынном городе на границе, где время останавливается, лидер отряда борется за выживание, когда ресурсы исчерпываются, а доверие к своим разрушается. С каждым днем тени прошлого возвращаются, и выбор между спасением и преступлением становится жестоким.",0
1774,"Марк, бывший актер, вдруг получает шанс доказать свою ценность на странных соревнованиях в сердце торгового центра. Его противник — жестокий конкурент, который не жалеет ни сил, ни достоинства, чтобы вытеснить его из ритма. В хаотичном мире артистических амбиций и нелепых испытаний каждый шаг становится как акт борьбы за самое главное.",1
1775,"Молодой амбициозный блогер, мечтающий стать знаменитостью, переезжает в роскошный отель, чтобы укрепить свой статус. Однако соседка, завидуя его успеху, начинает вмешиваться в его жизнь, создавая непростой хаос. В попытках сохранить привлекательный образ герой сталкивается с неожиданными поворотами, которые делают его путь к славе еще более запутанным и смешным.",1
1776,"Насмешливый студент, убежденный в своей безупречности, случайно втягивается в странный фестиваль небольшого туристического городка. Его уверенность в себе сталкивается с абсурдными поворотами судьбы, которые вынуждают пересмотреть привычные представления о реальности. В хаосе нелепых ситуаций он учится, что даже самая глупая идея может привести к неожиданному повороту.",1
1777,"Вдовы учительница, живущая в тихом прибрежном поселении, пытается справиться с пустотой после потери супруга. Ее внутренний конфликт усиливается социальным давлением, которое заставляет скрывать боль за улыбкой. Незаметно для себя, она сталкивается с тревогой, которая медленно разрушает границы между прошлым и настоящим.",2
1778,"В тихом прибрежном поселке владелец кафе пытается справиться с тенью прошлого, где каждый день напоминает о несгораемом утрате. В тишине волн и запахах моря он ищет путь к исцелению, но тяжесть воспоминаний всё ещё держит его в объятиях. Надежда постепенно просачивается сквозь трещины времени, обещая, что даже в самых темных моментах можно найти свет.",2
1779,"Молодой детектив, разрушающий собственные предрассудки, ввязывается в гонку с тенями прошлого, чтобы спасти ученого, украденного в условиях вспыхнувшего военного конфликта. В условиях неустойчивого мира, где каждый шаг может обернуться катастрофой, он сталкивается с собственными страхами и виной за прошлые ошибки, которые теперь преследуют его в каждом повороте.",0
1780,"В отдаленном сельском поселении бывший спортсмен, раздавленный непрощенными потерями, пытается найти смысл в повседневности. Его внутренний конфликт, словно тень прошлого, мешает двигаться вперед, но в тишине природы и взаимодействии с простыми людьми появляется шанс переосмыслить жизнь. Каждый шаг — это борьба с собственными демонами, но и надежда, что даже в самых безысходных ситуациях можно найти путь к свету.",2
1781,"Молодой студент, убежденный в своей безупречности, случайно попадает в хаотичную ситуацию, когда его ошибочно принимают за известного персонажа. Его уверенность в себе сталкивается с реальностью, где каждая минута превращается в непредсказуемую комедию, а семья, не желающая упускать шанс, только усугубляет хаос. В переполненном офисе абсурдность становится повседневностью, а ирония жизни раскрывается в каждом жесте и диалоге.",1
1782,"Она возвращается в родной город, где пыль завода и шум улиц напоминают о прошлом. Старшая медсестра, утратившая веру в лечение, теперь пытается спасти здоровье матери, но каждый день напоминает о той боли, которую не смогла выговорить. В тишине старого дома и шума заброшенных фабрик она сталкивается с тем, что забота может быть хуже боли.",2
1783,"Молодой иммигрант, сталкивающийся с трудностями в новой стране, пытается спасти увядшее дело, которое стало частью его идентичности. В условиях давления со стороны окружения и собственных сомнений он сталкивается с тяжелым выбором между сохранением прошлого и адаптацией к новой реальности. В реабилитационном центре, где каждый день приносит новые испытания, он ищет путь к примирению с собой и будущим.",2
1784,"В унылом горном городке безработный архитектор борется с пустотой и страхом, пытаясь сохранить для себя и близких остатки тепла в мире, где каждый день приносит новые потери. Его усилия превращаются в тяжелую ношу, а надежда на лучшее тонет в реальности, где даже маленькие победы кажутся недостижимыми.",2
1785,"Невероятно хаотичный повар, который не может усидеть на месте, попадает в неожиданную соревновательную ситуацию на летнем лагере, где каждая кулинарная попытка превращается в катастрофу. Пока он пытается справиться с абсурдными правилами конкурса, его действия приводят к катастрофическому событию, которое заставляет задуматься о природе таланта и ответственности.",1
1786,"Бывший контрабандист, разрушая связь с прошлым, ввязывается в гонку за спасением ученого, захваченного загадочным убийцей. Снежные вершины, охваченные тишиной, становятся заложниками его страха неудачи, когда каждый шаг превращается в битву с собственными сомнениями.",0
1787,"В тесных стенах многоквартирного дома, где каждый звук отражает скрытые боли, учитель, потерявший жену, пытается восстановить разрушенные отношения. Секретная предательство, оставшись неизвестной, разрывает линию между прошлым и настоящим, заставляя пересмотреть то, что считалось неизбежным. В тишине, нарушаемой соседскими голосами, искренность становится единственным путем к исцелению.",2
1788,"Офицер границ, разоблачая скрытые связи в правительстве, сталкивается с растущей угрозой. Его личные убеждения тесно связаны с опасностью, которая подрывает доверие. В тропической гуще острова каждая сцена наполнена напряжением и неопределенностью.",0
1789,"Парень с неуверенными движениями и несчастливой улыбкой случайно становится центром внимания после того, как его принудительно затягивают в суету университетского праздника. Его неловкие попытки извиниться за неприятности только усугубляют ситуацию, а родители, вмешиваясь в каждую его шаг, превращают хаос в настоящую трагедию.",1
1790,"Он всегда считал, что у него всё под контролем, но наследие от бабушки — руины аттракционов и кипящий офис — оказывается хуже, чем ожидал. Попытки спасти парк превращаются в хаос: сломанные карусели, визг тормозов и жалобы клиентов на запах гари. В итоге он понимает, что даже в хаосе можно найти немного смысла — если только не забыть, что в жизни не всё подчиняется расписанию.",1
1791,"Бывший контрабандист, разочарованный прошлым, возвращается в тенистые улицы, чтобы разобраться в загадочной смерти брата, которая приводит его к скрытой войне между теневыми группировками. В заброшенной военной базе он сталкивается с опасным картелем, где каждая встреча — это битва доверия и выживания, а его собственные сомнения становятся самым страшным врагом.",0
1792,"Планировщик свадьбы, привыкший к хаосу, случайно становится центром внимания, когда его ошибочно принимают за знаменитость. Завистливый сосед пытается испортить праздник, создавая непредсказуемые повороты. В пляжном резортe смешные ситуации переплетаются с искренними эмоциями, превращая случай в увлекательное приключение.",1
1793,"Вертолетчик, потерявший веру в справедливость после личной трагедии, возвращается в опасное подполье, чтобы раскрыть сеть, убийствами которой он сам стал жертвой. Пока он разгадывает загадки подземного мира, тени войны захватывают его путь, превращая каждую минуту в битву между прошлым и настоящим.",0
1794,"После ухода с сцен старый маг, забытый публикой, попадает в непростую ситуацию: его принимают за знаменитость, а сосед, завидуя его популярности, пытается уничтожить его репутацию. В лагере летних каникул смешные ситуации и непростые отношения превращают его путь в неожиданное приключение, где искренность и юмор помогают найти выход из сложной ситуации.",1
1795,"Выйдя из тени преступного прошлого, бывший контрабандист находит себя в гуще событий, пытаясь вернуть украденные документы, которые могут изменить судьбу целого государства. На изоляции тропического острова, где каждый шаг угрожает смертельной опасностью, его путь пересекается с разрушительной бурей, разрушающей не только природу, но и его надежду на искупление.",0
1796,"В пыльном приграничном городке, где каждый шаг превращается в бой за выживание, беглый заключенный бежит от вооруженных преследователей, превращаясь в жертву собственного страха. Он теряет веру в тех, кто якобы помогает, и в каждом взмахе пистолета чувствует, как разрушается последнее остаток надежды.",0
1797,"Бывшая сестра, переехавшая в тихий горный город, сталкивается с непониманием и давлением соседей, которые не могут принять её новую жизнь. В тишине улиц и холоде гор она ищет связь, но каждый шаг кажется ведущим к новой боли.",2
1798,"В одиночку борясь с безмолвием и ледяным ветром, инженер возвращается в горы, где его ждет не только холод, но и тень прошлого. Его путь к спасению ученого превращается в испытание, где каждая минута — битва между желанием искупить вину и страхом потерять контроль. В тишине снежного пустыня он ищет не только спасение, но и шанс начать снова.",0
1799,"Покинувший спорт молодой человек сталкивается с пустотой после ухода из профессиональной жизни, но на улицах университета он находит неожиданные связи, которые заставляют пересмотреть свои убеждения. В конфликте между старым и новым поколением раскрываются глубокие страхи и надежды, превращая каждый диалог в испытание душой.",2
1800,"Он ушел из прошлого, но тени прошлых деяний возвращаются, когда в подземных тоннелях метро начинается заговор, о котором не знают даже власти. Без оружия и поддержки, он вынужден пройти через лабиринт тайных ходов, где каждая стена хранит секреты, а каждая минута — угроза. В поисках правды он сталкивается с собственными страхами, пытаясь исправить то, что когда-то оставил позади.",0
1801,"В пустынном городе на границе тенистые улицы окутаны дымом прошлого. Экс-пожарный, разгадывая загадку украденных документов, сталкивается с охотниками за деньгами, которые не жалеют ни времени, ни жизни. Внутренний конфликт с братом, ушедшими в тень, превращает каждую сцену в битву между долгом и страхом.",0
1802,"В прошлом у него были ошибки, которые теперь преследуют его в каждом шаге. Он идет через снежные хребты, где время тает вместе с надеждой на спасение пропавших, но угроза войны не дает покоя. Внутри него бушует борьба между желанием поправить прошлое и страхом потерять всё снова.",0
1803,"В холодном портовом комплексе беглец ввязывается в смертельную игру, чтобы разоблачить преступную сеть, за которую теперь отвечает его брат. Напряжение растет с каждым шагом, когда на горизонте встают военные танки, а в сердце осталась неисправимая боль за предательство. В бой вступают не только враги, но и те, кто когда-то был близок.",0
1804,"Молодой музыкант, борющийся за место в мире, возвращается в родной промышленный город, где старые здания и унылый воздух напоминают о прошлом. Пытаясь восстановить разрушенные отношения, он сталкивается с глубоким конфликтом между жителями, раздираемым вопросами прошлого и надеждой на будущее. В каждом ноте и тишине скрывается искра, способная пробудить что-то забытое в сердце города.",2
1805,"Подводный инженер, несущий тяжелую ношу прошлых ошибок, в одиночку погружается в океан, чтобы найти пропавшую экспедицию. В условиях ограниченной связи и грозящего поглощением судна, он сталкивается с собственными страхами и тайной, что может изменить всё. С каждым днем его вина становится тяжелее, но надежда на спасение тонет вместе с ним.",0
1806,"Он возвращается в горы, где когда-то потерял друзей, чтобы найти экспедицию, исчезнувшую в шторме. Но в лаборатории, скрывающей тайны, его ждут неожиданные ответы — и разрыв с родственником, который разрушает его убеждения. В бурю и тени секретов он сталкивается с тем, что даже спасение может обернуться потерей себя.",0
1807,"Молодой адвокат, борющийся с неизбежностью, сталкивается с тяжелым выбором: между карьерой и обязанностями перед больной матерью. Эмоциональный груз прошлого и непрощенных потерь преследует его на каждом шагу, осложняя усилия по сохранить баланс между делом и личной жизнью. В атмосфере напряженности университетского лагеря каждый день становится испытанием на прочность.",2
1808,"Сергей, расследовавший киберпреступности, оказывается на борту грузовика, где его ждут неожиданные испытания. Сильный шторм и тайна, скрывающаяся в контейнерах, заставляют его бороться не только с природой, но и с собственными сомнениями. Давление со стороны властей и страх за жизни окружающих превращают каждую минуту в битву, где ошибки могут обернуться катастрофой.",0
1809,"Молодой музыкант, ищущий признания, пытается скрыть нелепую ошибку, которая превращает его неловкое положение в центр внимания туристического городка. Его непреднамеренные действия приводят к катастрофическому мероприятию, где каждый жест и слово становятся источником смущения. В хаосе он обнаруживает, что непонимание может превратиться в неожиданную связь с аудиторией.",1
1810,"Неуклюжий повар, в панике пытаясь скрыть свою неправильную кулинарную интерпретацию, случайно запутывает события в местном театре. Пока он пытается исправить ситуацию, его нелепые попытки приводят к хаотичному спектаклю, который объединяет соседей в непредсказуемую смесь смеха и непонимания. В итоге, среди пыльных сценарий и неправильных актерских репертуаров, каждый находит свой способ пережить этот безумный вечер.",1
1811,"В переполненном мегасите бывший заключенный возвращается к жизни, чтобы вернуть украденные документы. Его погоня за правдой сталкивается с враждебными силами, а каждый шаг напоминает о прошлом, который он пытается исправить. Внутренний конфликт между прошлым и желанием искупления делает его путь тревожным и напряженным.",0
1812,"В умирающем промышленном городе владелец ресторана пытается восстановить разрушенные отношения, сталкиваясь с разногласиями поколений. Каждый день становится напряженным, когда старые обиды и непонимание тянут к разрыву, но в тишине кроется возможность искупления.",2
1813,"Неуклюжий учитель случайно становится звездой интернета после неудачного видео в торговом центре. Его семья пытается контролировать новую жизнь, создавая хаос между личными желаниями и семейными ожиданиями. В смешных ситуациях он учится балансировать между славой и настоящими отношениями.",1
1814,"В хаотичной мегасити, где границы теряют смысл, бывший офицер пограничной службы ввязывается в погоню за исчезнувшей экспедицией. Его миссия осложняется враждебной коррупцией, которая затягивает его в лabyrinth из лжи и угроз. Каждый шаг — битва не только с врагами, но и с собственным страхом провала, который заставляет пересмотреть веру в справедливость.",0
1815,"Возвращаясь с миссии, где потерял товарища, он сталкивается с тайной, которая разрушает доверие в команде. На рушащейся платформе он должен вернуть украденные документы, но каждый шаг преслuguет воспоминания о прошлом. Его путь — бой не только за информацию, но и за искупление собственных ошибок.",0
1816,"После потери супруга учительница, живущая в тихом прибрежном поселке, борется с уходом за больной матерью. Скрываемая предательство добавляет трагедии, раскрывая сложные отношения и внутренние конфликты. В балансе между скорбью и надеждой ощущается глубина жизни в закрытом сообществе.",2
1817,"Педагог, страдающий социальной неуверенностью, переезжает в шумный отель на берегу моря, где его ждет непростая соседка, завидующая его успехам. Вместе с хаосом и ироничными ситуациями они раскрывают скрытые мотивы и находят неожиданные связи. Смешные конфликты и непредсказуемые повороты делают каждый день напоминанием о том, что даже в самых странных обстоятельствах можно найти пространство для смеха и понимания.",1
1818,"Мэр маленького городка вдруг оказывается в роскошном отеле, где его попытки скрыть глупую ошибку в управлении превращаются в цепь неловких ситуаций. Невероятно неловкое признание о его непрофессиональном подходе к делам заставляет его не только пересмотреть свои методы, но и понять, что иногда честность — лучший способ избежать катастрофы.",1
1819,"В тени заброшенной военной базы тенистый бодигард бьется за выживание, разгадывая тайны, которые могут разрушить его жизнь. Его путь к раскрытию преступной сети омрачается враждебными мертвецами и разрывом с тем, кто когда-то был близок. Каждый шаг превращается в битву между верностью и выживанием.",0
1820,"Молодой основатель стартапа пытается скрыть катастрофическую ошибку в PR-кампании, но его нелепая попытка исправить ситуацию случайно становится вирусным хитом. В центре внимания — запутанная история в сердце торгового центра, где каждая попытка спасти репутацию только усиливает хаос. В итоге он вынужден смеяться над собой, когда весь мир смотрит на его провал.",1
1821,"В тени заброшенной военной базы молодой детектив разгадывает тайны, которые могут разрушить систему. Его путь к правде осложняется тайной предательства, оставшейся без ответа, и давлением коррупционных сил, которые готовы уничтожить его за спиной. Каждый шаг — в бой за истину, где личные страхи и обвинения становятся главными врагами.",0
1822,"Амбициозный блогер, стремящийся к славе, ставит перед собой задачу — организовать семейное собрание в роскошном отеле. Но неожиданные недопонимания и хаос превращают мероприятие в цирк, где каждая минута наполнена смехом и непредсказуемыми поворотами. В итоге сцена становится не только местом для встречи, но и лабиринтом эмоций, где искренность вынуждена сражаться с иллюзиями.",1
1823,"Мэр маленького городка, привыкший к уютной рутине, случайно втягивается в хаос соседского подъезда, где каждый день превращается в шоу. Его попытки восстановить порядок привлекают внимание местного телестудии, превращая его жизнь в неожиданную сенсацию. В смешных ситуациях он учится смеяться над собственной нелепостью, пока не понимает, что настоящая драма — в том, чтобы сохранить человечность в мире, где всё кажется безумным.",1
1824,"Бухгалтер, который везде попадает в неприятности, вынужден вступить в фейковую связь, чтобы спасти карьеру. Его неприятный секрет, который может разрушить всё, начинает вылезать наружу, когда он оказывается в центре абсурдных ситуаций на локальной телестудии. В хаосе он пытается сохранить лицо, но каждая минута становится всё более непредсказуемой.",1
1825,"Молодой детектив, сомневающийся в своих силах, бросается в ловушку, где коррупция угрожает всем, кого он пытается спасти. В руинах затопленной нефтяной платформы он сталкивается с собственными страхами и желанием искупить прошлое, которое привело его сюда. Каждый шаг — битва между верой в себя и тьмой, которая пытается удержать его в темноте.",0
1826,"В тихом университетском городке библиотекарь, привыкший к порядку, сталкивается с разрушением старых связей и новыми вызовами. Когда его мир раскалывается под давлением споров между студентами и преподавателями, он ищет путь к примирению, но ценой своих убеждений. Книги становятся не только источником знаний, но и мостом между прошлым и настоящим, где каждая страница отражает внутренние переживания и стремление к искуплению.",2
1827,"Он остался без команды, но не без цели — раскрыть тайны, скрывающиеся в темноте под городом. Каждый шаг в подземных тоннелях превращается в битву за правду, где связь с миром надежды рушится, как стекло. Внутри него борется сомнение и долг, а в сердце — боль за тех, кто остался за спиной.",0
1828,"После ухода из подразделения спецназа он вынужден ввязаться в опасную миссию — раскрыть преступную сеть, скрывшуюся в условиях секретного центра. Внутри команды скрывается предательство, которое разрушает доверие и возвращает его к прошлым обидам. Погоня за правдой превращается в личную войну, где каждый шаг — это битва с собой и тем, что когда-то оставил позади.",0
1829,"Вдовы учительница, живущая в пригороде, сталкивается с давлением общества, пытаясь защитить близкого человека. Ее усилия вынуждают пересмотреть свои убеждения и найти баланс между личными ценностями и ожиданиями окружения. В каждой молчаливой встрече и тихом сопротивлении скрывается глубокая боль, которую трудно уместить в слова.",2
1830,"В летнем лагере, где каждый день превращается в хаотичный спектакль, бывший организатор свадьб оказывается в центре странной фестивальной традиции, которая требует не только таланта, но и неожиданной смелости. Убегающая собака, неожиданно превратившаяся в символ сопротивления, заставляет его пересмотреть свои приоритеты, когда курьёзные события начинают переписывать его собственную жизнь.",1
1831,"Подводный инженер сталкивается с невероятными испытаниями, чтобы остановить теракт, угрожающий мегаполису. Скрытые в тени опасный картель и хаос города затягивают его в безысходную борьбу, где каждый шаг — битва за выживание. Страх провала преследует его, но волна непредсказуемости заставляет пересмотреть свои убеждения.",0
1832,"После провала в прошлом, разочарованный разведчик возвращается к своей миссии, чтобы спасти украденного ученого, несмотря на угрозы изнутри. В бушующем море и тени коррупции он сталкивается с неожиданными соперниками и тяжелым выбором между долгом и личными обидами.",0
1833,"Вдова-учитель, потерявшая мужа, борется с давлением общества, чтобы защитить свою дочь, устроившуюся в семейный кафе. Её усилия приводят к непростым выборам, где сострадание сталкивается с жестокостью реальности, а каждая минута наполнена тишиной, прорезанной страхом и нерешёнными вопросами.",2
1834,"В отдаленной горной местности, охваченной снежной бурей, спасатель ведет тайную борьбу против тайной схемы, которая угрожает жизни горожан. Каждый шаг превращается в гонку против времени, когда доверие к окружающим рушится, а надежда на спасение тонет в холоде и тьме.",0
1835,"В тропическом лесу острова скрывается тайна, которую охраняют не только охранники, но и собственные страхи. Поддельный журналист, вляпавшийся в ловушку коррупции, борется за выживание, когда каждый шаг превращается в гонку с тенью. Его личные сомнения и жестокость окружения тянут к краху, но в сердце остается огонь, который не сдается.",0
1836,"В центре внимания — детектив, ведущий расследование киберпреступлений, который сталкивается с неожиданными сложностями. На тропическом острове он должен разобраться в тайне, которая угрожает всем, и бороться с теми, кто готов на все, чтобы скрыть правду. Но с каждым шагом он теряет уверенность в себе и тех, кто рядом.",0
1837,"В тесной, шумной квартире, где каждый звук отражает бедность, он пытается найти уют среди хаоса. Его музыка — последнее утешение, но даже она не спасает от преследующих долгов и одиночества. В тишине улицы и грохоте соседей он ищет свой путь, но каждый шаг кажется тяжелым, как будто мир не готов принять его.",2
1838,"Она проводит дни в семейном кафе, где старается не думать о том, что ее отец оставил их в одиночестве. Каждый жест, каждая фраза — это попытка сохранить тепло, но страх брошенности тает в тишине. Стены заведения становятся свидетелями тихих битв между волей и слабостью, где любовь и одиночество переплетаются в незабываемую историю.",2
1839,"Граничный офицер бьётся за выживание на умирающей платформе, где каждый шаг превращается в битву за контроль над судьбой. Его миссия — остановить теракт, но разгорающийся военный конфликт превращает пространство в ловушку, где даже собственные тени могут стать врагом. Внутри него гниет незажившая рана прошлого предательства, и каждый выбор становится рискованным испытанием.",0
1840,"Когда бывший спасатель в горах получает миссию найти потерянную экспедицию, он сталкивается с тайнами, которые могут изменить его судьбу. Внутри высокозащищённого центра, где каждый шаг под строгим контролем, он сталкивается с предательством внутри команды и обнаруживает, что его собственные ошибки могут стать причиной катастрофы.",0
1841,"Он возвращается в тихую деревню, где пытается смириться с потерей, но разрушенная карьера и одиночество заставляют его пересмотреть смысл жизни. В уединении он находит силы, чтобы начать новую главу, озаренную надеждой. Маленькие детали окружения — звон колокольчика, запах дыма с костра — напоминают о том, что даже в самой глубине боли может зародиться свет.",2
1842,"В мегаполисе, где каждый уголок наполнен хаосом, подводный инженер сталкивается с тайной, которая разрушает основы доверия. Его личный опыт утраты и разочарования превращает в тяжелую миссию, где каждое действие может привести к катастрофе. Война приближается, а правда становится единственным оружием, способным изменить ход событий.",0
1843,"В тени секретного научного центра журналист, скрывший свою личность, бежит от охотников, которые хотят уничтожить его доказательства. Каждый шаг превращается в битву за выживание, где ложь и страх становятся главными союзниками. Внутренний конфликт между верностью правде и страхом пойманного преследует его в каждую секунду, когда тени улиц скрывают угрозу.",0
1844,"Мэр маленького городка случайно втягивается в странный локальный фестиваль, где всё выходит из-под контроля. Его скрытый секрет становится неотъемлемой частью шоу, смешивая неловкость с неожиданным смехом. В уютном театре сообщество превращается в театр абсурда, где каждый жест — это шаг к непредсказуемому повороту.",1
1845,"Вдова, оставшаяся одна после ухода мужа, берёт на себя ответственность за спасение умирающего бизнеса, который когда-то был частью их жизни. Её усилия сталкиваются с внутренними сомнениями и страхом быть брошенной, а горный город, где она живёт, становится как зеркало, отражающее её одиночество и стремление не потерять связь с прошлым.",2
1846,"Мэр маленького городка попадает в западню, когда вынужден притворяться, что влюблен в студентку из колледжа. Его попытки уладить ситуацию только усугубляют непонимание, превращая каждую встречу в хаос из неправильных сигналов и искренних промахов. В итоге он обнаруживает, что искренность может быть сильнее, чем любая штука.",1
1847,"В условиях хаоса и постоянной угрозы, когда каждая секунда становится вопросом жизни, инвестигатор cybercrime оказывается в центре смертельной гонки. Его путь к выживанию пересекается с тайной убийцы, чьи действия затрагивают личные травмы прошлого. В высокозащищённом комплексе, где технологии и страх соперничают, он должен разобраться в собственном прошлом, чтобы выйти живым.",0
1848,"Молодой человек, мечтающий стать знаменитостью, случайно выходит в эфир и мгновенно становится вирусным. Его жизнь в маленьком туристическом городе рушится, когда любимый питомец убегает, оставляя за собой хаос и смех. В попытке вернуться к норме он сталкивается с непредсказуемыми поворотами, где каждая минута — шанс на неожиданное открытие.",1
1849,"Молодой стартапер, устав от неудач, случайно попадает в вирусный тренд, что превращает его в интернет-звезду. В погоне за вниманием он сталкивается с абсурдными ситуациями, которые разрушают его планы и вынуждают пересмотреть смысл успеха. В хаотичном офисе, заполненном непредсказуемыми событиями, каждый день становится приключением, где смех и стресс сливается в один непрерывный поток.",1
1850,"В пустынном городе на границе разгорается гонка за правду. Бывший заключенный, бегущий от прошлого, ввязывается в опасную миссию — найти пропавшую экспедицию, чья судьба связана с его собственным прошлым. Шторм, разыгрывающийся над пустыней, заставляет его вспомнить тень, оставшуюся после предательства, и выбрать между спасением и правдой.",0
1851,"Международный курьер, возвращаясь с критически важной доставкой, сталкивается с неожиданной задачей: спасти похищённого учёного, чьё открытие может изменить мир. В условиях разрушительного шторма и обрушивающейся платформы он сталкивается с тяжёлым выбором — спасти жизнь или выполнить приказ, что вызывает внутренний конфликт с братом, чьи мотивы окутаны тайнами прошлого.",0
1852,"В переполненном мегаполисе разворачивается всеобщая погоня, где отстраненный от службы разведки офицер сталкивается с неизбежной смертью. Его путь пересекается с родственником, который не понимает его решений, создавая напряженную ситуацию в условиях хаоса и ограниченной связи. В каждой поворотной улице и толпе скрывается не только угроза, но и тень прошлого, которую невозможно оставить позади.",0
1853,"Писатель средних лет, столкнувшись с тяжелым диагнозом, попадает в реабилитационный центр, где сталкивается с вопросами о смысле жизни и возможностях восстановления. В тишине больничных коридоров он находит неожиданные связи с другими пациентами, которые помогают переосмыслить свои цели и обрести внутреннюю силу.",2
1854,"Молодой блогер, мечтающий стать звездой, случайно попадает в странный фестиваль в торговом центре, где все превращается в спектакль. Его соперник — амбициозный конкурент, готовый на любые жестокие методы, чтобы вытеснить его из центра внимания. В хаосе шуток и нелепых конкурсов герою приходится найти баланс между мечтой и реальностью, где даже пространство магазинов становится полем битвы.",1
1855,"Бывший архитектор, потерявший работу, возвращается в родной город, чтобы спасти умирающую фабрику. Вместе с местными жителями он сталкивается с разногласиями между сохранением прошлого и стремлением к переменам. Его путь становится поиском баланса между историей и будущим, оставляя глубокий след в сердцах тех, кто верит в восстановление.",2
1856,"Молодой иммигрант, прибывший в увядающий промышленный город, борется с разочарованием в карьере, чтобы защитить родного человека. В условиях ухудшающейся экономики он находит силы вдвоем с близким преодолеть трудности, оставаясь верным своей цели. Несмотря на тяжелые обстоятельства, в его глазах тлеет надежда на лучшее.",2
1857,"Бывший заключенный, бегущий от прошлого, берет на себя ответственность за защиту ключевого свидетеля, который может разрушить коррупционную сеть местных властей. В условиях изолированных, замерзших промышленных районов он сталкивается с внутренним конфликтом, разрывающим связь с близким человеком, и вынужден выбрать между личной безопасностью и справедливостью.",0
1858,"Молодой курьер, постоянно теряющий контроль над ситуацией, случайно попадает в центр внимания, когда его ошибочно принимают за знаменитость. В условиях хаотичного курорта с непрекращающимся конкуренцией и непредсказуемыми поворотами события, он пытается сохранить лицо, несмотря на постоянные провалы и неприятных соседей.",1
1859,"Он возвращается в мир, где каждый шаг — это битва за выживание. Страх перед прошлыми ошибками преследует его, когда он врывается в секретный комплекс, где тени угрожают разрушить всё. Недостаток ресурсов и враждебная среда становятся его союзниками, но вина за прошлое заставляет сомневаться в каждом решении.",0
1860,"В центре повествования — владелец ресторана, который пытается справиться с личной трагедией, сталкиваясь с разногласиями с молодым поколением. В условиях переполненного жилого комплекса он находит силы переосмыслить прошлое и найти путь к будущему, где надежда постепенно сменяет боль.",2
1861,"Среди тишины отдалённого села безработный архитектор пытается выстроить защиту для своей дочери, но тень прошлых потерь не даёт покоя. Его руки, которые когда-то создавали формы, теперь дрожат, когда нужно удержать границы между реальностью и мечтой. В каждом шаге — борьба с тем, что осталось после ухода, и надежда, что даже в безысходности можно найти смысл.",2
1862,"В переполненном мегасите, где каждый шаг звенит от напряжения, телохранитель ввязывается в погоню за исчезнувшей экспедицией. Его путь пересекается с бурлящими потоками войны, где каждая секунда становится игрой жизни. Внутри него бушует борьба между желанием искупить прошлое и страхом потерять контроль над судьбой.",0
1863,"Пилот вертолета борется за выживание, когда его корабль охватывает буря и неожиданно всплывает вопрос о том, стоит ли рисковать жизнью ради спасения. В условиях хаоса он сталкивается с собственным страхом провала, который превращает каждую секунду в испытание. Море, шторм и тенистые укрытия становятся не только препятствием, но и отражением его внутренней борьбы.",0
1864,"Молодой амбициозный блогер случайно привлекает внимание интернета, но его успех быстро превращается в хаос. В попытке сохранить контроль над своей репутацией он сталкивается с ревнивым конкурентом, который не жалеет усилий, чтобы уничтожить его. Вместо ожидаемого восторга от популярности наступает тяжелый выбор между искренностью и выживанием.",1
1865,"Молодой студент, уверенный в своей привлекательности, случайно втягивается в нелепую историю ложной любви, чтобы спасти школьный театр от краха. Его попытки уладить ситуацию приводят к непредвиденным последствиям, когда ролик с их романом становится вирусным, смешивая искренние эмоции с абсурдом. В итоге он обнаруживает, что настоящие чувства могут быть неожиданно живыми, даже если всё началось с шутки.",1
1866,"Он ведет расследование, которое может изменить всё, но каждый шаг приводит его глубже в ловушку. В переполненной мегасити, где граница между правом и злом стирается, он сталкивается с картелем, который готов уничтожить его, чтобы сохранить тайну. Страх провала заставляет его сомневаться в собственных силах, но в глазах врага он видит отражение своей собственной неуверенности.",0
1867,"В умирающем промышленном городе владелец кафе борется с тьмой, скрывающейся за улыбками близких. Чтобы защитить любимого человека, он должен разобраться в тайн... но каждая правда приносит больше боли, чем надежды. В тени закатов старого завода таится что-то, что разрушит не только его планы, но и остатки веры в людей.",2
1868,"В тихой горной глуши, затопленной снегом, одинокий журналист ведет непростую игру, чтобы спасти ученого, исчезнувшего без следа. Его путь пересекается с беспощадными дронами, которые преследуют каждый шаг, а в сердце осталась рана несправедливой предательства, которая усугубляет каждую минуту.",0
1869,"После ухода из спецназа ветеран возвращается в снежные пределы, где его ждет непростой путь к правде. Без поддержки и ресурсов он сталкивается с опасностями, которые пробуждают давние воспоминания. В борьбе с коррупцией он ищет не только правду, но и возможность искупить прошлое.",0
1870,"Старый врач, потерявший веру в себя после провала карьеры, приезжает в отдалённое сельское село, где его ждёт не только тяжёлая работа, но и шанс искупить вину. Вместе с пациентами он начинает восстанавливать доверие, сталкиваясь с собственными страхами и мечтая о том, чтобы его прощение пришло не от суда, а от сердца.",2
1871,"Беспорядочный повар, который живет в мире своих собственных правил, попадает в неожиданную ситуацию, когда его вынуждают участвовать в безумной гонке за кулинарным титулом в комедийном театре. Скрывая свою скрытую идентичность, он сталкивается с абсурдными испытаниями, где каждый шаг превращается в спектакль, а эмоции — в актерскую игру.",1
1872,"В подземных тоннелях метрополитена осталось меньше времени, чтобы найти украденные документы, пока за спиной гремит близкий конфликт. Главный герой, привыкший к хаосу, теперь сражается не только с врагами, но и с собственными страхами, когда власти начинают давить на него с обеих сторон.",0
1873,"Бывший спортсмен возвращается в семейный кафе, где старые обиды и нереализованные обещания мешают ему восстановить разрушенные отношения. В тишине завтрака и тёплых ароматов он сталкивается с неизбежностью прошлого, от которого не убежать. Каждый жест, каждое слово напоминает, что исцеление — это не прощенье, а умение жить с тем, что осталось.",2
1874,"Международный курьер возвращается в отдаленный пустынный город на границе, где его ждет не только погоня за сокровищами, но и тени прошлых ошибок. В битве с тайной, скрывающейся за штормом, он сталкивается с собственными страхами и жаждой искупления. Каждый шаг превращается в проклятие, а тьма пустыни становится зеркалом его души.",0
1875,"В тихом прибрежном поселке старый владелец ресторана борется с чувством бесполезности, пока его сын, мечтающий уйти в большой мир, не разрывает тишину неожиданным решением. Взаимопонимание становится возможно только через разрушенные стереотипы и тихие, но глубокие разговоры у костра, где прошлое и будущее сталкиваются в тени старых сосен.",2
1876,"Журналист, скрывавшийся в изолированной зоне, борется за выживание, чтобы уйти от коррупционной системы, которая пытается удержать его в тени. На разрушающейся нефтяной платформе он сталкивается с собственным страхом провала, когда каждый шаг приводит к новым угрозам и неизбежной борьбе за жизнь.",0
1877,"Мэрия маленького городка вдруг оказывается в центре непредсказуемых поворотов, когда главный герой переезжает в шумную квартиру, где каждый день превращается в забавную схватку с амбициозным соседом. В условиях переполненного офиса и хаоса он вынужден найти баланс между порядком и смехом, что превращает обычные будни в цепь непринужденных приключений.",1
1878,"Он возвращается в прошлое, чтобы исправить ошибки, которые привели к катастрофе. В подземных тоннелях метрополитена его ждут не только враги, но и тени собственного прошлого. Каждый шаг — битва между желанием искупить вину и страхом потерять контроль над судьбой.",0
1879,"В унылой промышленной деревне, где тени прошлого не уходят, владелец кафе борется с воспоминаниями, которые разрушают его жизнь. Попытки вернуть утраченное доверие и спасти умирающий бизнес становятся испытанием для его души. Каждый день — это битва с собственными демонами, но в глазах посетителей мерцает надежда на искупление.",2
1880,"В тишине семейного кафе, где время застыло в тени прошлого, старый доктор сталкивается с последствиями своих ошибок. Его борьба с тяжелым заболеванием заставляет пересмотреть отношения, разрушенные долгими годами холодности. Непростой путь к прощению проливает свет на скрытые боли и неизбежность ухода.",2
1881,"В условиях переполненного офиса непорядочного шефа вдруг объявляют абсурдный конкурс, требующий приготовить блюдо за считанные минуты. Его беспорядочная кухня превращается в хаос, а катастрофический публичный скандал заставляет искать выход в смешных и неожиданных решениях. В смеси хаоса и иронии рождается неожиданная связь между нервным поваром и случайными участниками, которые вместе пытаются спасти ситуацию.",1
1882,"Подпольный журналист втягивается в опасную миссию, чтобы спасти ключевого свидетеля, пока на тропическом острове не начинается военный конфликт. Напряженные сцены и внутренние противоречия подчеркивают борьбу с давлением властей и стремлением к правде. Время поджимает, и каждый шаг становится вопросом жизни и сознания.",0
1883,"В тихом прибрежном поселке молодая библиотекарь чувствует себя покинутой. Потеря интереса к работе и одиночество заставляют её пересмотреть смысл жизни. Когда случайная встреча возвращает ей веру в связь с людьми, она находит новое предназначение в уютном уголке города.",2
1884,"Она приехала в тихий пригород, чтобы начать новую жизнь, но болезнь застала врасплох. В борьбе с тяжелым диагнозом и непривычной обстановкой она сталкивается с одиночеством и страхом, который не даёт покоя. Напряженность сменяется моментами теплоты, когда она пытается сохранить человечность в условиях, которые лишены привычных утешений.",2
1885,"В тесной, шумной квартире, где каждый звук разносится вперемешку с мыслями, молодой адвокат борется с тяжестью двух миров: профессионального провала и неотложной заботы о больной матери. Сквозь туман сомнений и усталости он пытается сохранить веру в себя, но тяжесть ответственности за семью и карьеру превращает каждый день в испытание.",2
1886,"Надменный студент попадает в странный конкурс, где его ждут неожиданные испытания. Завистливый сосед добавляет напряжённости, заставляя его пересмотреть свои убеждения. Вместе с неловкими моментами и абсурдными ситуациями герой узнаёт, что уверенность не всегда приводит к успеху.",1
1887,"Он убегает с острова, где каждый шаг превращается в бой за выживание. В лесах, окутанных туманом, его преследуют силы, готовые уничтожить любой шанс уйти. Сibling-конфликт разгорается в тенистых укрытиях, когда прошлое врывается в настоящий хаос, разрывая связь, которая когда-то спасала жизни.",0
1888,"Молодой курьер с неуверенными движениями случайно попадает в нелепую ситуацию, пытаясь скрыть ошибку на работе. Его неловкие попытки исправить провал превращаются в хаос на телестудии, где каждая сцена становится источником смеха. Вместо уважения к профессии — буря иронии, оставляющая после себя только пустую тарелку и незабываемые смешные моменты.",1
1889,"Беспечный повар, превративший кухню в хаос, случайно становится центром внимания туристов, что заставляет его пересмотреть свои приоритеты. Семья, не желающая упускать шанс на успех, вмешивается в его жизнь, создавая смесь иронии и непредсказуемых поворотов. В итоге кухня превращается в место, где смешение реальности и мечты рождает неожиданные победы.",1
1890,"Пожилой врач, потеряв близкого человека, пытается найти силы в тесном жилом комплексе, где его сталкивают с разногласиями поколений. Внутренние переживания и внешние конфликты превращают его повседневную жизнь в путь к пониманию и искуплению. Тихий внутренний шёпот и напряжение отношений с молодыми соседями раскрывают сложность восстановления после потери.",2
1891,"Воспоминания о прошлом преследуют беглеца, который теперь борется за жизнь в тени заброшенной военной базы. Его задача — спасти свидетеля, чья информация может разрушить преступную империю, но внутри бушует борьба с родственником, чья верность под сомнением. Каждый шаг превращается в гонку с смертью, где доверие и страх становятся главными союзниками.",0
1892,"Студенту приходится балансировать между учебой и заботой о больной матери в отдалённом селе, где финансовые трудности угрожают разрушить его планы. Каждый день становится испытанием, но в сердце остаётся надежда, что сила любви и упорство помогут преодолеть препятствия.",2
1893,"В маленьком горном городе старый рабочий пытается исправить отношения с сыном, чьи убеждения резко расходятся с его опытом. Стены дома и молчание соседей отражают напряжение, но в глазах ребенка скрывается надежда на примирение.",2
1894,"Молодой детектив, только что прибывший в отдаленный пустынный городок на границе, должен спасти ученого, похищенного загадочными силами. Время течет, а приближающийся военный конфликт поднимает напряжение, разрушая доверие и превращая каждый шаг в битву за выживание.",0
1895,"В центре внимания — лидер отряда, который должен защитить свидетеля, угрожаемого неизвестными силами. На борту грузового корабля в открытом море команда сталкивается с хаосом, когда связь прерывается, а доверие между ними рушится. В борьбе за выживание каждый шаг становится выбором между верностью и выживанием, а тени прошлого всплывают, подрывающие последнюю надежду.",0
1896,"Амбициозный блогер, мечтающий стать звездой интернета, случайно берет на себя организацию семейного собрания в летнем лагере. Вместо уютной встречи с родственниками ждут нелепые казусы: неработающий котелок, ворованные сокровища и таинственное исчезновение тещи. В хаосе он обнаруживает, что настоящие связи рождаются не в идеальных условиях, а в промежутках между смехом и неловкими моментами.",1
1897,"Среднего возраста писатель, разбитый личной трагедией, пытается найти силы в шуме и запахах переполненного жилого комплекса. Каждый день стал напряженным, но в глазах появляется нежность, как будто в тишине скрывается путь к исцелению. Вместе с людьми и шумом он ищет смысл, который ускользает, как тень.",2
1898,"После ухода с сцен старый маг переезжает в шумный дом, где каждый день превращается в хаос. Пытаясь восстановить порядок, он случайно привлекает внимание интернета, что превращает его жизнь в неожиданную сенсацию. Вместо тишины и магии появляется шум, а его старые трюки теперь становятся поводом для смеха и недоумения.",1
1899,"Новый детектив, только что прибывший на тропический остров, сталкивается с неожиданной трагедией — пропавшая экспедиция исчезла без следа, оставив лишь загадочные улики и разрушения. Погружаясь в тайну, он сталкивается с внутренними разногласиями и предательством, которые разрушают доверие и заставляют пересмотреть свои убеждения.",0
1900,"Мэр маленького городка оказывается в неожиданной борьбе за уважение жителей, когда в центре города объявляется абсурдное соревнование. Его сосед, завидующий успехам, превращает ситуацию в личную войну, заставляя героя идти по сложному пути между смехом и глубокими чувствами. В магазинах и коридорах таится не только конкурс, но и возможность переосмыслить отношения, которые казались незыблемыми.",1
1901,"Молодой музыкант, отчаянно ищущий вдохновения, берётся организовать семейную встречу, которая обещает стать настоящим хаосом. Вместе с ним в резортном курортном городке появляется завистливый сосед, который не отпускает шанс унизить его. Смешные провалы, непредсказуемые повороты и искренние эмоции делают эту историю притягивающей, как сама пляжная атмосфера.",1
1902,"Она приехала в город, чтобы начать новую жизнь, но старые привычки и опыт не упускают её. Студентка, с которой она подружилась, сталкивается с её строгими взглядами на жизнь, а дочь, живущая в другом конце света, не понимает, почему мать не может просто отпустить. Каждый день на лекциях и в лабораториях становится напряжённым, как будто они сражаются за понимание друг друга.",2
1903,"В тесной квартире, где каждый звук отдавался эхом, бывший спортсмен борется с тяжелым временем: между уходом за больной матерью и давлением соседей, которые не терпят его присутствия. В битве между долгом и мукой жизни он находит в себе силы, чтобы не потерять связь с тем, что осталось.",2
1904,"Старый доктор, возвращаясь к жизни после увольнения, сталкивается с непростым выбором между личными обещаниями и семейными обязательствами. В тихом пригороде, где каждый знает друг друга, он обнаруживает, что скрытая предательство разрушает не только его отношения с родными, но и его собственное понимание себя. Надежда на примирение и искренность становится единственным путем к искуплению.",2
1905,"Учитель, который вечно путается в разговорах, случайно вовлекается в нелепую историю, чтобы убедить свою семью в любви. В океанском курортном отеле он сталкивается с непредсказуемыми поворотами, где искренность теряет смысл, а смех становится единственным способом выжить.",1
1906,"Молодой музыкант, разбившийся на дороге к успеху, возвращается в университет, где когда-то познал творческое вдохновение. Его попытка спасти увядающий бизнес сталкивается с тенями прошлого — травмой, оставившей глубокие следы в душе. В борьбе за смысл и будущее он сталкивается с собой, разрывая границы между воспоминаниями и реальностью.",2
1907,"Архитектор, потерявший работу, в одиночку несёт ответственность за лечение тяжело больной матери в тихом районе. Его мечты о создании великих проектов разрушены реальностью, и каждый день становится битвой между надеждой и отчаянием. В тишине дома и пустых улиц он ищет смысл, но только тень от прошлого таит в себе настоящую боль.",2
1908,"Спасательный вертолетчик оказывается в центре хаоса, когда его погоня за выживанием пересекается с разгорающимся военным конфликтом на тропическом острове. В борьбе за жизнь он сталкивается с разрушением доверия, которое разрывает связь с теми, кто остался рядом. Каждый поворот пути наполнен страхом, а в конце — неизбежной проверкой на прочность.",0
1909,"В тихом прибрежном поселке живет бывшая медсестра, которая не может простить себе прошлое. Ее действия в прошлом оставили глубокие шрамы, и теперь она ищет прощение среди тех, кто не готов ее принять. С каждым днем она сталкивается с напряжением, но в ее глазах видна надежда на искупление.",2
1910,"Бывший спортсмен, раздавленный личной потерей, пытается найти силы в унылых буднях семейного кафе, где каждый день напоминает о прошлом. Финансовые трудности заставляют его пересмотреть ценности, а тихие разговоры с клиентами превращаются в кусочки исцеления, которые он неосознанно скрывает от самого себя.",2
1911,"Молодой адвокат, застывший в тупике, пытается спасти умирающую фирму в тихом районе, где каждый шаг наполнен неопределенностью. Его усилия превращаются в личную борьбу, когда профессиональные потери начинают разрушать личные связи. В тишине улиц и холодных офисов скрывается глубокая боль, которую он не может оставить без ответа.",2
1912,"Она возвращается в место, где время замерло, чтобы спасти того, кого потеряла. В тишине реабилитационного центра каждая минута наполнена тяжестью прошлого, но в глазах ребенка — огонь, который не угасает. Старые раны не исчезают, но в ней зажигается надежда, что даже в бессилии можно найти силы держать крепко.",2
1913,"Скрытый журналист на тропическом острове бьется за время, чтобы раскрыть заговор, который может привести к катастрофе. В борьбе с врагом он сталкивается с разрывом с близким человеком, который не может понять его выбор. Шторм, разыгрывающийся на горизонте, становится не только природной преградой, но и метафорой внутреннего хаоса.",0
1914,"Молодой основатель стартапа столкнулся с непростой задачей — организовать семейную встречу, которая превратилась в хаос. В переполненном офисе ряд абсурдных случайностей заставили его пересмотреть понятие уважения к родственникам. Попытки сохранить лицо превратились в непрерывный поток смеха и неловкости, оставляя после себя незабываемые впечатления.",1
1915,"Солдат, возвращающийся из длительного отсутствия, должен спасти ученого, которого похитили в секретном лабораторном комплексе. Но его собственные люди, верные в прошлом, теперь становятся угрозой. В борьбе за выживание он сталкивается с тяжестью прошлых ошибок, пытаясь исправить их перед лицом неожиданного врага.",0
1916,"В тени подземных тоннелей, где тени танцуют с светом, он ищет правду, которая может разрушить всё. Каждый шаг преследуется глазами дронов, но в его сердце огонь не гаснет — он ищет искупление за прошлое, где обещания обернулись тьмой. В погоне за правдой, он сталкивается с собственными страхами и мечтой о чистоте, которую уже не вернуть.",0
1917,"Вдова-учитель возвращается в тихое прибрежное село, чтобы заботиться о больной матери, но её старые убеждения сталкиваются с непониманием молодой дочери, которая стремится к новому образу жизни. В борьбе между прошлым и настоящим скрываются не только разногласия, но и глубокая боль, которую трудно выразить словами.",2
1918,"Он бежит по трещащим палубам, где каждый шаг угрожает погрузить его в бездну. Ветер с моря и грохот разрушающейся платформы заставляют забыть о страхе, но в голове не утихают голоса, которые когда-то спасли его. Теперь он должен выжить, несмотря на оружие в руках тех, кто охотится за ним, и разобраться с тем, что оставило его одиноким.",0
1919,"В отдалённом горном посёлке старый врач сталкивается с тяжёлым испытанием: его дочь болеет, а лекарства заканчиваются. В тишине гор и туманов он борётся не только за её жизнь, но и с собственными сомнениями, разрывая границы между прошлым и настоящим. Каждый шаг — это проклятие и надежда, пропитанная горькой любовью.",2
1920,"В тишине промышленного района он находит лишь эхо собственных мыслей, но каждый день ведёт к новым стенам. Попытки прорваться сквозь молчание соседей и ожидания общества превращаются в тяжёлый ритуал, где каждый шаг — это борьба с одиночеством. В сером фоне дома и заводы становятся зеркалом, отражающим тоску, которая не исчезает, даже когда сердце ищет связь.",2
1921,"Молодой основатель стартапа случайно попадает в странный локальный фестиваль, который превращает его офис в хаотичное пространство. Жадный сосед, завидуя его успеху, начинает вмешиваться в события, создавая напряженную атмосферу. В попытке сохранить контроль над ситуацией он сталкивается с непредсказуемыми поворотами, которые заставляют пересмотреть свои приоритеты.",1
1922,"Писатель, возвращающийся в родной город после долгих лет отсутствия, сталкивается с непростым путем к примирению. Его стремление восстановить связь с семьей затуманивается воспоминаниями о прошлом, оставившим неизгладимый след. В умирающем промышленном городе каждый шаг напоминает о прошлых ошибках и нерешенных вопросах, которые теперь требуют внимания.",2
1923,"В пустынном городе на границе курьер сталкивается с непростой задачей: защитить свидетеля, чья жизнь под угрозой из-за связей с коррупционной системой. Постепенно он раскрывает тайну, которая связывает его прошлое с настоящим, и сталкивается с выбором между личными обидами и моральной ответственностью.",0
1924,"На тропическом острове журналист, ведущий скрытную операцию, сталкивается с коррупцией местных властей, пытаясь вернуть украденные документы. Его страх провала и неуверенность в собственных силах превращают каждую минуту в битву за выживание и правду.",0
1925,"Он бежит, но путь к свободе преграждают не только пустые коридоры заброшенной военной базы, а тени прошлого — предательство, которое не оставило шансов на прощение. Каждый шаг в темноте становится битвой не только с коррупцией, но и с собственными страхами, которые заставляют сомневаться, стоит ли верить в спасение.",0
1926,"Неудачливый бухгалтер случайно вовлекается в странный местный фестиваль, где его ждут неожиданные приключения. Семейные интриги и абсурдные ритуалы вынуждают его пересмотреть свои взгляды на жизнь, пока не станет ясно, что настоящая драма — в его собственном безумии.",1
1927,"Марк, неуклюжий курьер, решает открыть доставку еды в тихом туристическом поселке, не зная, как это делается. Его неловкие попытки устроить бизнес приводят к неожиданному вирусному успеху, заставляя его пересмотреть свои планы и чувства. В хаотичной суете он находит неожиданные связи, которые меняют его взгляд на жизнь.",1
1928,"В тихом прибрежном селе ресторатор борется с внутренними противоречиями, пытаясь защитить близкого человека, несмотря на разногласия с поколением. Напряженные моменты и глубокие чувства создают атмосферу, где каждый выбор имеет последствия. Эмоции и тишина моря становятся зеркалом несоответствий, которые невозможно игнорировать.",2
1929,"Марк, непримиримый бухгалтер, случайно попадает в местный фестиваль, где все превращается в хаос. Его секретная двойная жизнь осложняет ситуацию, заставляя сражаться с непредсказуемыми персонажами и неожиданными поворотами. В театре, где реальность и абсурд смешиваются, он обнаруживает, что смешение ролей приносит больше смеха, чем проблем.",1
1930,"Вертолетчик, привлеченный к спасательной миссии, оказывается в центре жестокой гонки за жизнью, где каждый поворот дороги становится испытанием. Снежный шторм, затягивающий горные ущелья, превращает его в ловушку, а прошлое — в тень, которую он не может оставить позади. В борьбе за выживание он сталкивается с собственными страхами и мечтой искупить грехи, оставшиеся в памяти.",0
1931,"В бурю, прорывающейся сквозь развалины заброшенной военной базы, одинокий герой борется с штормом и собственными сомнениями. Его миссия — вернуть украденные документы, но каждый шаг превращается в гонку с временем и разрушением доверия между ним и спутником. В тумане и грохоте таится не только опасность, но и тень прошлого, которая может разрушить всё.",0
1932,"В летнем лагере, где каждый день превращается в абсурдный спектакль, хаотичный организатор свадьб случайно втягивается в странный фестиваль, где традиции переплетаются с нелепыми ритуалами. Его пытка удержать контроль разрушается из-за жаждущего славы конкурента, который превращает каждую минуту в битву за внимание. Смех и хаос становятся единственными спутниками в этом безумном путешествии, где границы между реальным и фантастическим стираются.",1
1933,"Одинокий отец борется с тяжестью прошлого, пытаясь спасти умирающий бизнес в изолированном горном городе, где каждый шаг кажется утопией. Его борьба за будущее сталкивается с непреклонной традицией, а в сердце остаётся тень утраченного доверия.",2
1934,"Border patrol officer сталкивается с смертельной погоней за пределами устоявшегося мира, где каждый шаг приводит к новым угрозам. В заброшенной военной базе он сталкивается с загадочным противником, чьи действия разрывают его связь с близкими, заставляя пересмотреть свои убеждения и выживать в условиях полного хаоса.",0
1935,"Пенсионерка, прибывшая в тихое прибрежное поселение, сталкивается с трудностями адаптации. Ее попытки интегрироваться в местное сообщество сталкиваются с напряженностью, вызванной старыми убеждениями. Вместе с тем, ее сострадание и умение слушать помогают раскрыть скрытые боли соседей, превращая конфликт в путь к пониманию.",2
1936,"Молодой блогер, мечтающий стать знаменитостью, переселяется в шумное общежитие, где каждый сосед — непредсказуемый хаос. Его неловкие попытки привлечь внимание превращаются в неожиданную вирусную волну, когда случайные кадры из летнего лагеря начинают делиться по миру. Вместо удачи приходится справляться с непрерывными съемками и неловкими моментами, которые переплетаются с искренними эмоциями и странными связями.",1
1937,"В отдалённой горной местности, охваченной снежной бурей, одинокий патрульный офицер борется за выживание и правду. Его миссия — защитить ключевого свидетеля, но растущая угроза и собственное сомнение в себе толкают его к пределу. В тишине снежного пустыни каждая секунда становится испытанием, где страх провала превращается в огонь, который не даёт сдаться.",0
1938,"Бывший заключенный, бегущий от прошлого, приземляется на тропический остров, где должен защитить свидетеля, который знает правду о его прошлом. Дроны, следящие за каждым шагом, создают напряжение, а внутренний конфликт между желанием спасти и страхом, что предательство в прошлом снова его обречет, превращает каждую минуту в бой за выживание.",0
1939,"В тени высокозащищённого комплекса, где наука и политика переплетаются, одинокий охранник ввязывается в гонку за правду. Его мотив — не просто выполнение долга, а стремление искупить прошлое, омрачённое собственными ошибками. Когда картель начинает угрожать жизни тех, кто пытается раскрыть тайны власти, он сталкивается с выбором: сохранить тишину или стать тем, кто разрушает преступные схемы.",0
1940,"Писатель, столкнувшись с личной потерей, ищет смысл в повседневности пригородного дома, где прошлые травмы сталкиваются с новыми возможностями. В тишине улиц и шуме семейных вечеров он находит путь к исцелению, оставаясь верен себе и будущему.",2
1941,"Молодой адвокат возвращается в отдалённое сельское село, чтобы справиться с личной болью и найти ответы на вопросы, которые не мог решить в городе. Вместе с местными жителями он сталкивается с разрушительными последствиями раздора, где правда и обвинения переплетаются, а каждый шаг приводит к новым открытиям и разрушению.",2
1942,"Парень, который всё время спотыкается о свои собственные ноги, случайно попадает в странный локальный фестиваль, где каждая деталь выглядит как сценарий из абсурдного сна. Его пытка превращается в хаотичную борьбу с излишне амбициозным конкурентом, чьи планы нарушать порядок в офисе приводят к непредсказуемым последствиям. В смешных ситуациях появляется шанс переосмыслить смысл работы и дружбы.",1
1943,"На борту грузовика, захваченного в отдаленной точке океана, лидер наемников борется за выживание, сражаясь с теми, кто когда-то был его товарищами. Тени прошлого тянутся за ним, превращая каждую минуту в гонку с собственным прошлым и неизбежной встречей с тем, кто разрушил его веру.",0
1944,"В уютном кафе, унаследованном от семьи, старая медсестра возвращается к жизни, чтобы заботиться о тяжелой матери. Межпоколенческие разногласия тонут в аромате кофе и тишине, где прошлое и настоящее сталкиваются в тихих спорах и неожиданных проявлениях любви. Время здесь замедляется, оставляя следы на лицах и сердцах.",2
1945,"В уединённом пустынном городке на границе ожидает решительный шаг — доставить украденные документы до рассвета, несмотря на бушующую стихию. Ветер сносит стены, а тени в пыли тают тайны, оставшиеся после разрыва, который ещё не остыл. Каждый шаг — битва с собой и временем, где правда может стать самым опасным оружием.",0
1946,"Всё идёт к пляжному курорту, где неуклюжий курьер должен собрать семью, но его планы рушатся из-за завистливого соседа, который не жалеет усилий, чтобы испортить праздник. Смешные провалы, непредсказуемые повороты и эмоциональные моменты делают каждый день напряжённым, но добротой и искренностью герои находят выход из любой ситуации.",1
1947,"Он возвращается на тропический остров, где прошлые ошибки превращаются в ловушку. Связь с командой прервана, а каждый шаг в темноте становится испытанием не только тела, но и души. В битве за спасение ученого он сталкивается с собственными страхами, пытаясь искупить вину, застывшую в памяти.",0
1948,"Молодой студент, уверенный в своих силах, наследует разрушающийся аттракционный парк, но его планы рушатся, когда убегает необычный питомец. В роскошном отеле, где он временно останавливается, хаос только усиливается: животное ведёт себя непредсказуемо, а его попытки спасти ситуацию только усугубляют смешные неловкости.",1
1949,"Молодой адвокат прибывает в отдалённое сельское село, где тишина и пустота сталкиваются с его привычкой к городской суете. В поисках нового пути он сталкивается с одиночеством, которое превращается в тяжёлый груз, от которого трудно избавиться. Каждый день становится напоминанием о том, что иногда даже самые сильные корни могут треснуть под давлением безысходности.",2
1950,"Учитель, страдающий социальной неловкостью, вдруг оказывается в центре хаоса, когда его ошибочно принимают за знаменитость. Вместе с ним в пляске событий вовлекается бегущее волшебное животное, которое не даёт ему покоя. Вместо урока вожделения, он получает урок о том, что иногда жизнь становится странным спектаклем, где даже неловкость может стать ключом к незабываемым моментам.",1
1951,"Подводный инженер, переживший личную трагедию, в одиночку борется за выживание в изолированном горном регионе, где снежные лавины и дроновые охраны мешают ему вернуть украденные документы. Его путь превращается в испытание не только физической выносливостью, но и внутренними переживаниями, которые тянутся из прошлого.",0
1952,"Неуклюжий курьер, который вдруг решил стать предпринимателем, сталкивается с непредсказуемыми трудностями. Его бизнес рушится, когда в магазине появляется бегущее животное, которое превращает обычный день в хаос. Абсурдные ситуации и безумные идеи делают каждый момент незабываемым.",1
1953,"Молодой спасатель, привыкший к крахмалу и тревоге, впервые оказывается в ситуации, где его навыки могут спасти не только жизни, но и честь. В борьбе за выживание на корабле, затопленном страхом и неопределенностью, он сталкивается с собственными демонами — прошлыми ошибками, которые теперь преследуют его в каждой волне.",0
1954,"Он вышел из пожарной службы, но не избавился от жажды спасать. Теперь его цель — защитить свидетеля, чья правда может перевернуть всё. В холоде промышленного порта он сталкивается с тайной убийцы, чья тень преследует его каждый шаг. В борьбе за выживание он ищет не только врага, но и свой путь к искуплению.",0
1955,"Студент колледжа возвращается в родной сельский район, чтобы спасти брата, чья жизнь под угрозой из-за конфликта с местными жителями. Внутренние сомнения и жестокость обстоятельств создают напряжённую атмосферу, где каждый выбор имеет последствия. Он пытается сохранить связь с любимым человеком, несмотря на разрушительную силу обстоятельств, что делает его борьбу трогательной и болезненной.",2
1956,"Одинокий патрульный на тропическом острове втягивается в тайну, которая выходит за рамки его обязанностей. Когда тайные операции превращаются в гонку с часом, он сталкивается с внутренними противоречиями и тенью предательства, раздирающей команду. В борьбе за правду каждая секунда становится драмой, а личные обиды — оружием, которое может разрушить всё.",0
1957,"Молодой стартапер, не имея опыта, решает запустить бизнес в тихом туристическом поселке. Секретная двойная жизнь быстро мешает его планам, заставляя пересматривать прибыльные идеи и странные соседей. В смешных ситуациях он учится, что иногда успех начинается с смелости и неожиданного соседа.",1
1958,"В пустынном городе на границе он ищет правду, скрывая боль прошлого. Его путь пересекается с тенями власти, которые не ждут жалости. Каждый шаг — битва с технологией и собственными страхами, где реальность раскалывается на осколки.",0
1959,"Алексей, несгибаемый организатор свадеб, попадает в непростую ситуацию, когда его приглашают устроить фестиваль на кампусе. Вместо привычного порядка ему приходится разбираться с абсурдными случайностями, которые превращают событие в хаотичное шоу. Каждый поворот сюжета наполняет моменты искренним смехом и неожиданными связями, которые делают этот день незабываемым.",1
1960,"Подпольный журналист ввязывается в непростой путь спасения ученого, захваченного в высокозащищенный центр исследований. Незримый враг — загадочный убийца — не дает ему покоя, а внутренние сомнения и желание искушения тянут его в противоположные стороны. Каждый шаг — битва не только с врагом, но и с самим собой.",0
1961,"Он бежит, но не от прошлого, а от самого себя. В ледяном порту, где каждый шаг звенит под снегом, он сталкивается с тенями прошлого и угрозой, которая не даст ему уйти. Груз вины тянет вниз, но в каждом взмахе ножа — шанс начать заново.",0
1962,"Молодой основатель стартапа случайно попадает в ловушку, когда его ошибочно признают знаменитостью. Живя в соседстве с завистливым жителем, который не терпит успеха, он пытается сохранить лицо на телевизионной съемке, где реальность и абсурд смешиваются. Каждый шаг превращается в комический квест, где даже незнакомцы становятся союзниками в борьбе за достоинство.",1
1963,"На борту затопленного судна в открытом море одинокий лидер отряда борется за выживание, чтобы вернуть секретные документы, украденные врагом. Ограниченные ресурсы и раздор среди команды превращают каждую минуту в гонку с тьмой, где доверие становится редкой валютой.",0
1964,"Бывший пожарный, разбирающийся в огне и хаосе, теперь сталкивается с новым испытанием: спасти ученого, похищенного в ледяной тишине промышленного порта. Его путь пересекается с технологией, которая оживляет холод, превращая каждый шаг в битву между прошлым и настоящим. Внутренние раны не дают покоя, но только в этом риске он находит шанс искупить ошибки.",0
1965,"В горах, затерянных в снежных лесах, бывший контрабандист возвращается к прошлому, чтобы разоблачить тайную сеть, угрожающую всей стране. Его путь осложняется не только леденящим ветром и угрозой войны, но и давлением, которое толкает его к решению, от которого зависит судьба многих. В каждой поворотной дороге — выбор между личной свободой и спасением жизни других.",0
1966,"Стремительный ритм жизни в роскошном отеле сталкивается с абсурдом местного фестиваля, где каждый участник пытается превзойти друг друга. Талантливый, но несчастливый музыкант попадает в ловушку, где его мечты о признании сталкиваются с неожиданными испытаниями и хулиганскими шутками. В хаосе рождается неожиданная связь, которая переписывает правила игры.",1
1967,"В тесной квартире, где каждый уголок напоминает о бедности, подросток из-за границы борется с чувством одиночества. Пытаясь восстановить связь с семьёй, он сталкивается с финансовыми трудностями, которые тянутся как цепь, связывающая прошлое и настоящее. Но в сердце его живёт надежда, что даже в самых тесных пространствах можно найти место для любви и обновления.",2
1968,"Писатель, потерявший связь с прошлым, приезжает в затерянный город, где шум заводов сменился тишиной. Его усилия адаптироваться сталкиваются с непониманием молодежи, которая видит в его мечтах лишь устаревшие идеи. В пыли заброшенных улицах он ищет смысл, но каждый шаг напоминает о пропавшей связи между поколениями.",2
1969,"После ухода из мира контрабанды главный герой сталкивается с новой миссией: вернуть украденные документы, которые теперь в опасности. Он должен проникнуть в высокозащищённый центр исследований, где на его пути ожидает армия вооружённых наёмников. Каждый шаг наполнен страхом провала, который тянет его к прошлому, где ошибки обходили его стороной.",0
1970,"Старый маг, уставший от шоу, случайно становится звездой интернета после неудачного выступления на пляже. Его семья, не желающая потерять контроль, вмешивается в его новую жизнь, создавая хаос, который он пытается устранить, но только усугубляя ситуацию. Воды, солнце и смешные моменты делают эту историю яркой и непредсказуемой.",1
1971,"Инженер подводной лодки ввязывается в тайные исследования, которые вынуждают его разобраться с тем, что скрывается за маской официальности. Каждый шаг превращается в битву с непредсказуемыми угрозами, а давление со стороны властей заставляет его выбирать между безопасностью и правдой. В условиях постоянного напряжения его решимость сталкивается с тьмой, где даже свет фактов может оказаться опасным.",0
1972,"Молодой стартапер, который случайно стал знаменитым в интернете, попадает в неловкую ситуацию, когда его непроизвольная популярность перерастает в хаос. В лагере, где все ждут веселья, его пытка выжить среди странных соседей и неожиданных событий превращает отдых в непрерывную цепочку смешных провалов.",1
1973,"Бывший контрабандист возвращается к прошлому, чтобы вернуть украденные документы, но в горах, охваченных снегом, его ждут неожиданные повороты. Враждебный ландшафт и предательство внутри команды тянут к разрушению старых обетов. Внутренний конфликт с родным человеком превращает миссию в личную борьбу, где каждый шаг — это выбор между прошлым и будущим.",0
1974,"В отдалённой горной местности, затопленной снегом, одинокий курьер сталкивается с тайной, которая может изменить всё. Его путь к раскрытию правды омывается чувством вины за прошлые ошибки, а каждая минута становится битвой против коррупции, которая угрожает целому региону. В условиях изоляции и постоянного риска он должен выбрать: сохранить молчание или рискнуть жизнью, чтобы спасти то, что осталось.",0
1975,"Он не был успешным актером, но в интернете его случайно отожгли за смешные ролики. Теперь его имя всплывает в каждом чате, а жизнь превратилась в непрерывный сериал с неожиданными поворотами. В роскошном отеле, где все ждут, что он наконец-то сольётся с реальностью, он пытается сохранить лицо — пока не выходит из убежища долгожданная правда, которая может разрушить всё.",1
1976,"После тяжелой потери он возвращается в семейный кафе, где каждый день наполнен тишиной и неизбежной болью. Его тело борется с болезнью, но в глазах остаётся отзвуки прежней силы, которую теперь приходится перераспределять между вспоминанием и настоящим. В углу зала, за стойкой, он пытается сохранить тепло, хотя сердце уже не отвечает так, как раньше.",2
1977,"В горах, где каждый шаг — это битва за выживание, спасатель волонтер возвращается к месту, где его прошлые ошибки привели к трагедии. Секреты, скрытые в разрушающемся нефтяном комплексе, становятся ключом к раскрытию преступлений, которые затягивают его в ловушку между лояльностью к родине и правдой, которую он не может оставить без ответа.",0
1978,"Восстановленный из тени, разочарованный офицер спецслужб возвращается в родной город, где его прошлые действия обернулись личной трагедией. Скрытый под маской безымянного наблюдателя, он втягивается в тайную борьбу с коррупцией, которая убила его близких, и теперь сталкивается с тем, что правда может обернуться смертельной ловушкой.",0
1979,"Волонтер по спасению в горах, привыкший к экстремальным условиям, теперь борется с новой реальностью — поиски пропавшей экспедиции на грузовике в открытом море. Ограниченные ресурсы и неопределенность погоды превращают каждую минуту в испытание, где страх провала становится сильнее, чем желание спасти тех, кто исчез.",0
1980,"Субмаринный инженер, борющийся с внутренними демонами, получает задание защитить ключевого свидетеля в условиях изоляции и ограниченной связи. В замерзшем промышленном порту каждая минута становится драматичной, а желание искупить вину за прошлые ошибки превращает его в неотступного защитника, готового пойти на все, чтобы спасти жизнь человека, который может изменить ход событий.",0
1981,"Он бежал от прошлого, но теперь должен вернуться в горы, где снег затягивает следы и время уходит. Сквозь метель и истощение он ищет тех, кто исчез в леднице, но ветер в ушах шепчет имя брата — того, кого оставил умирать. Каждый шаг — битва с собой, а снег скрывает не только тени, но и обиды, которые не дают покоя.",0
1982,"В тесных лабиринтах подземного метро, где каждый поворот скрывает тени прошлого, подводный инженер ввязывается в гонку с тенями власти. Его путь к спасению ученого превращается в испытание верой, когда тайны и предательство разрушают последнюю надежду на свет.",0
1983,"Скрытый журналист врывается в хаотичную схватку на разрушающейся платформе, где его ждут не только враги, но и собственные сомнения. Время течет, а давление со стороны властей заставляет его выбирать между правдой и выживанием, пока неясно, кто из них действительно теряет контроль.",0
1984,"В старом многоквартирном доме, где каждый звук отдавался эхом, доктор, привыкший к холодной логике, сталкивается с тем, что его профессиональные навыки не могут спасти того, кого он больше всего ценит. В напряженном балансе между профессиональной ответственностью и личными страхами он пытается сохранить контроль, но болезнь разрушает даже самые твердые убеждения.",2
1985,"В тесной квартире, где шум соседей и нехватка денег тянут за собой цепочку молчаливых обид, отец борется за право быть достойным отца. Каждый день — это битва за еду, за уважение и за шанс вернуть то, что потерял. В глазах его — не отчаяние, а тихая надежда, что даже в самых темных углах жизни можно найти свет.",2
1986,"В условиях разгорающегося конфликта международный курьер вынужден спрятать ключевого свидетеля в заброшенной военной базе, где каждая минута становится битвой за выживание. Внутренний конфликт растет: давление со стороны властей и собственная ответственность за жизнь другого человека превращают его в тюрьму, где не хватает ни времени, ни сил на сомнения.",0
1987,"Возвращаясь в лабораторию, где всё началось, он сталкивается с тенью прошлого — разрушением, которое оставил в сердце. С каждым шагом в тоннелях безопасности центра он чувствует, как страх превращается в бешеную решимость. Ассасин, окутанный туманом, преследует его не только по следам преступления, но и по следам собственной боли.",0
1988,"В тихом горном поселке учительница, переживающая захлестывающую её боль утраты, пытается сохранить для себя остатки тепла. Её усилия в защиту ребёнка, оставшегося без родителей, сталкиваются с тенью прошлого, которая не даёт покоя. В каждом вздохе чувствуется тяжесть несказанных слов и незажитых ран.",2
1989,"Он возвращается к месту, где прошлое обрушивается на настоящее. Сломленный, но не сломленный, бывший пожарный врывается в ледяной порт, где тени ученого превращены в ловушку. Каждый шаг — битва с холодом, технологией и собственными страхами, которые не дают отпустить прошлое.",0
1990,"Когда незнакомец прибывает на тропический остров, чтобы раскрыть скандал в правительстве, его ждет не только бой с вооруженными противниками, но и борьба с собственными сомнениями. Прошлое, которое он пытается заглушить, возвращается, заставляя пересмотреть выборы, которые когда-то изменили судьбы многих.",0
1991,"Юный иммигрант, прибывший в умирающую промышленную городскую область, сталкивается с трудностями адаптации и тяжелым заболеванием. В одиночестве он пытается найти связь с новой средой, но тяжесть болезни и увядание города подрывают его надежды на будущее.",2
1992,"Молодой стартапер, мечтающий о признании, попадает в абсурдную схватку за участие в конкурсе, где победитель определяется не логикой, а хаосом. Его неожиданная вирусная популярность превращает ситуацию в калейдоскоп непредвиденных последствий, где каждый шаг становится танцем между смехом и ужасом. Театральное пространство становится зеркалом его нервного отчаяния и мимолетных побед, где абсурд превращается в драму, которую невозможно игнорировать.",1
1993,"Молодой музыкант, бьющийся за выживание в мире, случайно попадает в странный конкурс в местном торговом центре. Скрытая двойная жизнь и ироничные правила заставляют его пересмотреть свои приоритеты, пока неясно, что действительно важно.",1
1994,"Он приезжает в город, где промышленность умирает, и пытается найти стабильность для себя и сына. Но прошлое не оставляет покоя, и каждый шаг напоминает о потере, которую он до сих пор не смог принять. Сквозь туман старого промышленного района он ищет не только новую жизнь, но и способ примириться с тем, что осталось.",2
1995,"Он случайно становится участником странной соревнования, где нужно организовать свадьбу в условиях, которые выходят из-под контроля. Когда его неожиданная попытка привлечь внимание вирусной волной превращает его в интернет-звезду, он вынужден найти баланс между хаосом и возможностью.",1
1996,"Он бежит, когда остановить время невозможно. Замерзший порт — его ловушка, где каждая секунда угрожает разрушить его планы. Страх провала становится тенью, которую он должен разогнать, чтобы выжить.",0
1997,"Подводный инженер, привыкший к строгим правилам, впервые сталкивается с тем, что его профессиональные навыки могут спасти жизнь не только коллег, но и близких. В условиях постоянной угрозы дронов и строгого контроля в секретном учреждении он вынужден разобраться в тайнами, которые затрагивают его самого, и противостоять не только врагам, но и членам семьи, чьи мотивы остаются загадкой.",0
1998,"Молодой музыкант, потерявший надежду, случайно привлекает внимание благодаря необычному исполнению в магазине. Его популярность растёт, но репутация искажается, превращая его в символ абсурда. Всё становится смешнее, когда он пытается сохранить себя, не теряя душу.",1
1999,"Марк, неуклюжий курьер, случайно берет на себя организацию семейной встречи в роскошном отеле, не подозревая, что его хаотичные попытки создать атмосферу будут сопровождаться непредсказуемыми поворотами. Его неожиданно вирусный успех превращает нелепую ситуацию в масштабную драму, где каждый жест — как сцена в спектакле, а эмоции переплетаются с абсурдом, словно в танце между реальностью и вымышленным.",1
2000,"Бывший спецназовец, привыкший к тишине и точности, снова оказывается в центре хаоса. Его призыв к действию — спасти ученого, захваченного в подземных тоннелях, где каждая секунда угрожает его жизни. Дроны, которые не дают ему покоя, заставляя сомневаться в своих силах, сталкиваются с тенью прошлого — между ним и братом, который не верит в его способность защитить их общую семью.",0
2001,"Он был пожарным, но теперь его жизнь круто изменилась. В одиночку он врывается в заброшенную военную базу, чтобы спасти ученого, захваченного незнакомцем, чья тень прячется в тени прошлого. Его прошлое таяло в тени, но сейчас он вынужден вернуться к тем, кто когда-то разрушил его жизнь, чтобы разобраться с тем, что осталось несказанной.",0
2002,"В уютном туристическом городке мэр, привыкший к порядку, ввязывается в неприятную ситуацию, которая выходит из-под контроля. Его попытки скрыть непростой разговор с местным бизнесменом превращаются в хаос, когда убегает его любимый пёс, застрявший в ловушке между туристами и жителями. Каждый поворот сюжета добавляет нотку юмора, но под кожей — тревога за то, что может случиться, если секрет разоблачить.",1
2003,"Молодой иммигрант, переживающий тяжелую утрата, борется с отвращением к жизни, делясь с тяжелобольной матерью и борясь за её выживание. В университетском дворе он сталкивается с непониманием соседей, которые не могут простить его прошлого. Его душа раскалывается между мечтой о будущем и болезненной реальностью, где каждый шаг — это битва за право существовать.",2
2004,"В тени обрушивающейся платформы герой, привыкший спасать других, сталкивается с угрозой, которая затрагивает его собственное прошлое. Украденные документы становятся ключом к разоблачению предательства внутри команды, а каждый шаг превращается в битву между верой и разочарованием. В хаосе разрушающегося сооружения он должен выбрать: вернуться к тем, кто доверял ему, или спасти то, что осталось от себя.",0
2005,"В ледяном промышленном порту, где тени скрывают преступные схемы, подводный инженер сталкивается с тьмой, которую не может остановить ни холод, ни собственные раны прошлого. Его путь к раскрытию ловушек власти превращается в битву не только за правду, но и за то, чтобы не потерять себя в тишине, которую он сам когда-то разрушил.",0
2006,"Он стоит на краю корабля, ветер срывая с волос капли соленой воды, а в глазах — тень прошлых ошибок. Его задача — защитить свидетеля, но ограниченные ресурсы и бескрайние воды океана делают каждую минуту смертельно опасной. Внутри него бушует борьба между желанием исправить прошлое и страхом потерять то, что осталось.",0
2007,"В ледяной тишине промышленного порта одинокий следователь разгадывает тайну, которая может разрушить всё. Его путь пересекается с лицами, скрывающими страшную правду, и каждый шаг становится битвой не только за правду, но за собственную веру в возможность изменить судьбу.",0
2008,"Молодой студент, потерявший связь с реальностью, попадает в реабилитационный центр, где сталкивается с внутренними противоречиями и внешними вызовами. В поисках поддержки он сталкивается с разногласиями в коллективе, что заставляет его пересмотреть свои убеждения и найти путь к исцелению. Сцены наполнены тишиной и напряжением, отражающими борьбу за внутреннее спокойствие.",2
2009,"Бывший контрабандист, брошенный в прошлом, теперь борется за выживание, защищая ключевого свидетеля, который может раскрыть тайну, способную изменить ход войны. Враг — загадочный убийца, оставляющий за собой лишь следы крови, а тени заброшенной военной базы скрывают не только секреты прошлого, но и нерешенные конфликты с родственником, разрывающими его душу.",0
2010,"В заброшенной военной базе одинокий лидер отчаянной группы охотников за деньгами бьется за выживание, чтобы спасти свидетеля, который может разрушить картель. Каждый шаг превращается в битву с собственными сомнениями — доверие рушится, а верность становится единственной опорой в тени угроз.",0
2011,"После ухода из преступного мира бывший контрабандист вынужден вернуться к опасным делам, чтобы остановить теракт. В изолированном горном регионе, окружённом снегом, он сталкивается с растущим недоверием и угрозой наступающей войны. Внутренние сомнения и внешние враги тянут его к пределу.",0
2012,"Молодой амбициозный студент, уверенный в своих способностях, наследует унылый аттракционный парк, который давно не приносит прибыли. В попытке спасти проект он сталкивается с невероятными случайностями: профессора вдруг начинают устраивать соревнования на территории, а студенты превращают лотереи в культ. В хаосе он учится, что даже самые смелые планы могут разрушиться, если не учитывать непредсказуемость жизни.",1
2013,"После ухода с сцен волшебник, уставший от поисков славы, попадает в тихую турецкую деревню, где его ошибочно принимают за знаменитого артиста. Его ревнивый конкурент, не желающий уступать, начинает соревноваться за внимание местных жителей, в результате чего ситуация выходит из-под контроля. В смешных и трогательных моментах он обнаруживает, что настоящая магия — в простых человеческих связях.",1
2014,"В отчаянии он бежит сквозь снежные хребты, где каждый шаг — это битва за выживание. Но в тени войны он ищет шанс исправить прошлое, превратив страх в силу. В ледяном молчании гор он сталкивается с самим собой, пытаясь не потерять надежду в борьбе за жизнь.",0
2015,"Молодой студент, прибывший в тихое прибрежное село, сталкивается с давлением окружения, которое заставляет его пересмотреть свои убеждения. В одиночестве он ищет смысл в простых ритуалах жизни, но социальные ожидания подрывают его уверенность. В каждой встрече и молчании чувствуется борьба за право быть собой.",2
2016,"В холодном промышленном порту, где лед скрывает следы прошлого, бывший контрабандист возвращается к тенистым делам, чтобы исправить ошибки, которые разрушили его жизнь. Его путь крестится с тайнами, предательством и собственной виной, когда доверие рушится под ударами неожиданных обвинений. В каждой схватке — не только бой, но и борьба с тем, что осталось за спиной.",0
2017,"Молодой музыкант, разочарованный в себе и мире, возвращается в родной город, где тени прошлого не утихают. Его путь к искуплению пересекается с разрухой заброшенных заводов и тихими воспоминаниями, что заставляют его пересмотреть свои ошибки. В каждой ноте он ищет прощение, но только в тишине умирающего места понимает, что исцеление начинается с принятия.",2
2018,"На тропическом острове инструктор по цифровым преступлениям бьется за раскрытие тайной, которая может изменить ход войны. Его усилия осложняются давлением властей и растущей угрозой, превращающей каждый шаг в выбор между личной безопасностью и правдой. В борьбе за свет в темноте он сталкивается с тем, что даже правда может обернуться ловушкой.",0
2019,"Разочарованный разведчик, изгнанный из силовых структур, пытается выжить в суровом порту, где холод и отсутствие ресурсов становятся его союзниками и врагами. Его путь к свободе осложняется не только внешними угрозами, но и внутренними разногласиями с родным человеком, чья верность тает под давлением обстоятельств.",0
2020,"Бухгалтер, привыкший к хаосу, втягивается в нелепую историю, когда случайно запутывает финансовые дела престижного отеля. Его попытки исправить ситуацию только усугубляют кашу, превращая каждую встречу в спектакль из непонимания. Внутренний стресс и внешние провалы создают атмосферу неловкости, где даже простые разговоры превращаются в драматические моменты.",1
2021,"В тесных улицах переполненного мегаполиса одинокий офицер борется с тенями прошлого, когда его миссия — вернуть украденные документы — становится ловушкой для разоблачения предателей внутри команды. Личная боль и неуверенность в каждом шаге превращают его погоню в путь к разрушению и искуплению.",0
2022,"Возвращаясь в заброшенный город на границе, бывший контрабандист сталкивается с тенью прошлого, которую не может оставить позади. Его путь пересекается с таинственным убийцей, чья цель — уничтожить всё, что осталось от его прежней жизни. В каждой схватке он сталкивается не только с врагом, но и с собственными страхами, пытаясь найти смысл в хаосе и искупить вину, которую несёт в себе.",0
2023,"В холодном промышленном порту, где лед скрывает следы преступлений, одинокий офицер пограничной службы ведет расследование, омраченное сомнениями. Его путь к раскрытию тайного бизнеса осложняется угрозами из воздуха, а разрушение доверия внутри команды становится самым страшным врагом. Каждый шаг — битва не только за правду, но и за остатки веры в себя.",0
2024,"Подпольный журналист вовлечён в коварную игру, чтобы предотвратить теракт в секретном научном центре. Коррупционные власти затрудняют его путь, а личные трагедии усиливают внутренний конфликт. Напряжение растёт с каждым шагом, когда лояльность к делу сталкивается с разрушительной силой прошлого.",0
2025,"Мэр маленького городка вынужден вести себя как будто он влюблен, чтобы спасти свою репутацию, но скрывает позорное прошлое, что приводит к нелепым ситуациям в местной телестудии. Его попытки сохранить лицо превращаются в хаос, где каждый жест может разрушить его карьеру и разоблачить тайну.",1
2026,"Он бежит, чтобы спастись, но путь преграждают вооруженные люди, которые не собираются отступать. В тропической гуще острова каждая секунда становится битвой за выживание, а прошлое возвращается, заставляя его пересмотреть выбор. Семейные обиды и нерешенные вопросы превращаются в тяжелый груз, который он несёт в тишине, пока не найдёт способ отомстить и искупить вину.",0
2027,"Молодой детектив, впервые столкнувшись с тайной, должен вырваться из изолированного центра исследований, где его ожидает опасный картель. С каждым шагом он сталкивается с растущим недоверием, которое разрывает его связь с тем, что когда-то было важно. В борьбе за выживание он сталкивается с собственными страхами и неопределенностью, которые могут стать его смертельным недостатком.",0
2028,"Ретирнутый маг должен организовать семейную встречу в роскошном отеле, но его планы рушатся из-за злобного соседа. Смешные ситуации и неожиданные повороты делают эту историю наполненной юмором и глубокими переживаниями, где каждый момент наполнен неожиданностью и теплом.",1
2029,"Молодой детектив, разбирающийся в сложных следах, в одиночку борется с тенями прошлого, пытаясь остановить катастрофу в изолированной горной зоне, где снег затягивает время и надежды. Его путь — это не только гонка против убийцы, но и погружение в собственное прошлое, где каждый шаг становится испытанием на верность себе и остаткам морали.",0
2030,"Пилот вертолета, привлекаемый к расследованию загадочного инсайта, вплетается в сеть теней, где каждое движение может обернуться смертью. Он должен преодолеть собственное сомнение, чтобы раскрыть правду, которая может разрушить всё, что он знает о мире.",0
2031,"Неожиданно попав в центр внимания, неуверенный в себе учитель сталкивается с катастрофической ситуацией, когда его перепутают с известным артистом. В переполненном офисе хаос превращает его неловкость в комичную цепочку непредсказуемых событий, где каждая минута наполнена смешными дилеммами и непростыми выборами.",1
2032,"Он возвращается в пустынный город на границе, где его ждут не только тени прошлого, но и тени, которые прячутся за каждым поворотом. Внутренние сомнения сжимают грудь, когда давление со стороны властей заставляет его выбирать между правдой и безопасностью. В тени пыльных улиц и грохоте выстрелов раскрывается тайна, которая может изменить всё.",0
2033,"В тишине шума города он ищет новый смысл, но тень прошлого не отпускает. Незнакомые лица и пустые подъезды напоминают о том, что адаптация — это не только переезд, но и разрыв с тем, что осталось. В каждом углу жилья скрывается эхо утра, когда мечты о будущем тонут в молчании.",2
2034,"В тихой провинциальной библиотеке она находит утешение, но забота о больной матери вынуждает идти на жертвы. В семейном кафе, где каждая чашка кофе напоминает о прошлом, скрывается тайна, которая разрушает её убеждения. Сквозь туман сомнений и тяжесть потери она пытается сохранить связь, но истина ожидает в тени завтрака.",2
2035,"Молодой адвокат, разрывающийся между долгами и одиночеством, находит в семейном кафе не только укрытие, но и возможность пересмотреть свои приоритеты. Здесь, среди знакомых лиц и тихих разговоров, он сталкивается с тем, что истинная ценность не в успехе, а в связях, которые можно сохранить даже в трудные времена.",2
2036,"В летнем лагере, где дети сражаются с облаками и пингвинами, одинокий бухгалтер попадает в цепь непоправимых ошибок. Пытаясь скрыть глупый прокол, он втягивается в хаос, где каждое слово может превратиться в катастрофу. Его попытки сохранить лицо превращаются в комедию неудач, где даже пыль на штанах становится метафорой провала.",1
2037,"После трагедии, связанной с провалом спасательной операции, волонтер начинает расследование, которое выходит из-под контроля. В подземных тоннелях он сталкивается с предательством, разрушающим доверие и заставляющим пересмотреть свои убеждения.",0
2038,"Студент колледжа, потерявший веру в себя, пытается спасти умирающий бизнес, застряв в ловушке собственных ожиданий. В переполненном жилом комплексе, где каждый сосед словно тень прошлого, он сталкивается с реальностью, что успех — это не только цифры, но и способность жить в моменте.",2
2039,"Молодой музыкант, борющийся за признание, возвращается в тихую горную деревню, чтобы ухаживать за больной матерью. В тоске застывшей местности и непростом выборе между мечтой и обязанностью он сталкивается с напряженностью, вызванной спорами соседей. Сквозь грустную атмосферу звучат вопросы о принадлежности, цене жертв и границах любви.",2
2040,"Один из сотрудников границ сталкивается с невероятными испытаниями, пытаясь раскрыть тайну, которая угрожает безопасности всей страны. В подземных тоннелях, где тени скрывают опасности, он сталкивается с предательством, разрушающим доверие и заставляющим пересмотреть свои убеждения. В каждой сцены чувствуется напряжение, которое тянется к развязке, где правда может стать самым страшным оружием.",0
2041,"Новый детектив, только что прибывший на место преступления, должен защитить ключевого свидетеля, который может разрушить картель, контролирующий всю область. Он сталкивается с давлением со стороны властей, которые хотят ускорить расследование, а в тени заброшенной военной базы скрывается тайна, которую он не готов раскрыть.",0
2042,"Он возвращается к жизни после потери, но финансовые трудности тянут его вниз. На территории университета он находит неожиданные связи, которые помогают ему переосмыслить боль. В каждом шаге — надежда, что даже в тени забвения можно найти свет.",2
2043,"После ухода с работы в качестве медсестры она возвращается в старую клинику, чтобы спасти умирающий бизнес, но сталкивается с сопротивлением соседей и собственными сомнениями. Ее усилия превращаются в борьбу с навязчивыми ожиданиями общества, где каждый шаг наполнен тоской и отчаянием, но в ее глазах искрится незаурядная надежда на восстановление.",2
2044,"Стремительный музыкальный путь приводит к неожиданному повороту: в заброшенный театр попадает несчастный музыкант, который случайно вовлекается в странный фестиваль. Вместе с ним в хаосе оказывается убежавший питомец, который неожиданно становится центральным элементом шоу. Смешные ситуации и ироничные повороты делают это место не просто сценой, а настоящим театром абсурда.",1
2045,"В снежных горах, отрезанных от мира, пилот вертолета борется за выживание, когда внутри его команды скрывается предательство. Поврежденная машина, ледяной ветер и тени прошлого — все это толкает его к решению, которое может разрушить не только планы, но и остатки веры в себя.",0
2046,"Он вырвался из тюрьмы, чтобы спасти свидетеля, который может разрушить коррупционную сеть. В холодном порту, где тени скрывают преступления, он сталкивается с собственными демонами — и с родственником, который не верит в его мотивы. Каждый шаг превращается в битву между правдой и страхом, где жизнь висит на волоске, а сердце разрывается между долгом и личными обидами.",0
2047,"Он — охранник, который впервые чувствует, как давление прошлых ошибок ведёт к разрушению. Попытка сбежать из секретного центра, окружённого бурей, становится испытанием, которое раскрывает его внутренние переживания. В борьбе с элементами и собственными страхами он сталкивается с тем, что некоторые раны не заживают, даже если ты вырвёшься из ловушки.",0
2048,"В холодном промышленном порту, затянутом туманом, журналист, скрывавший свою личность, ищет пропавшую экспедицию, чьи следы прячутся среди разрушенных складов и тенистых улиц. Его погоня за правдой сталкивается с угрозой военных действий, которые превращают каждый шаг в битву между прошлым и желанием искупить собственное прошлое.",0
2049,"Молодой основатель стартапа вынужден притворяться, что влюблен в бизнес-партнера, чтобы выиграть контракт. Вместе с ним на роскошном курорте появляется амбициозный конкурент, который не оставит без внимания ни один поворот судьбы. Смешные ситуации и непростой выбор между честностью и выживанием превращают отдых в хаотичную историю, где искренность часто становится самым рискованным шагом.",1
2050,"Одинокий ветеран спецназа возвращается в заброшенный город на границе пустыни, чтобы найти пропавшую группу исследователей. Его путь пересекается с теневыми следами дронов, которые скрывают правду за ложной безопасностью. Внутри него бушует борьба — между долгом и семейными узами, которые теперь становятся ловушкой на пути к правде.",0
2051,"Невероятные события начинаются, когда неуклюжий курьер случайно попадает в летний лагерь. Его неправильное имя вызывает хаос, а завистливый сосед не готов смотреть на его успех. В смешных ситуациях он учится справляться с неожиданностями и находить радость в хаосе.",1
2052,"Он вернулся в город, где всё изменилось за годы отсутствия, чтобы разобраться в тенях прошлого. Скрытый картель, жаждущий власти, заставляет его бороться не только с врагом, но и с собственными сомнениями. Каждый шаг — это битва между верой в себя и разрушением доверия, оставленного в пустыне.",0
2053,"В разрушенных районах гигантского города бывший пожарный ведет тайную борьбу за жизнь несчастного свидетеля. Его путь преследуют тени прошлого — травма, оставшаяся после пожара, заставляет сомневаться в каждом шаге. В тесноте и хаосе он сталкивается с выбором: спасти того, кто может изменить всё, или сбежать от собственных демонов.",0
2054,"Он погружается в тенистые лабиринты подземки, где тени скрывают не только секреты, но и вины прошлого. Его мотивация — раскрыть правду, но каждый шаг превращается в битву с собственными демонами и лицами, которые когда-то доверяли ему. Внутренний конфликт мешает увидеть ясно, но стремление к правде заставляет идти вперёд, даже если дорога пролегает сквозь разрушения и собственное прошлое.",0
2055,"Воспоминания о былых победах тянутся в прошлое, а настоящий день наполнен тяжелым выбором — между мечтой о возрождении карьеры и необходимостью оставаться рядом с больной матерью. В увядающем промышленном городе, где каждый шаг звенит от пустоты, он борется за маленькую надежду, что даже в безысходности можно найти силы вернуться к жизни.",2
2056,"В тихом пригороде владелец кафе борется с разрушением старого уюта, когда привычные ритуалы теряют смысл. В поисках нового смысла он сталкивается с разочарованием, но в каждом неудачном шаге находит нити связей, которые напоминают о том, что жизнь — это не только работа.",2
2057,"В тени пустынного города на границе он сталкивается с неизбежным — враги охотятся за свидетелем, а дроны превращают каждую ночь в ловушку. Его прошлое, травмированное потерей, теперь становится источником силы, но не уверенности. В бой вступает не только мастерство, но и желание искупить вины, которые оставили след в его сердце.",0
2058,"Молодой стартапер, который неожиданно становится интернет-звездой, оказывается в центре серии абсурдных событий, которые вырывают его из привычной жизни. В попытке справиться с непредсказуемой ситуацией он вовлекает в хаос неприметных жителей театрального сообщества, где каждый эпизод обретает драматичный оттенок.",1
2059,"В одиночку против воли судьбы, инспектор расследует киберпреступления, которые приводят к хаосу на тропическом острове. Его путь пересекается с опасным картелем, чьи планы угрожают всему миру, но настоящая борьба начинается внутри — когда он сталкивается с тайной, связывающей его с братом, чьи действия разрушают его уверенность.",0
2060,"Он вляпывается в неприятную ситуацию, пытаясь скрыть огромное недопонимание. Семья вмешивается, усложняя уже запутанные события. В комьюнити-театре каждая сцена становится источником неловкости и неожиданных поворотов, а его попытки сохранить лицо только усиливают хаос.",1
2061,"Журналист, работающий в тени, борется за выживание, пытаясь вернуть украденные документы, которые могут изменить ход войны. В подпольных тоннелях он сталкивается с не только врагами, но и собственными сомнениями, когда разрыв с родным человеком становится неизбежным. Каждый шаг превращается в битву между верностью и выживанием.",0
2062,"Молодой планировщик свадьб, привыкший к хаосу, решает открыть бизнес, не имея опыта, и втягивается в непредсказуемую историю, где каждая деталь становится источником смеха. В роскошном отеле его планы переплетаются с вмешательством близких, которые не ждут, пока он справится с кризисами, и превращают праздник в хаотичный спектакль.",1
2063,"Молодой иммигрант, прибывший в новую страну, борется с одиночеством в тесном жилом комплексе, где каждый сосед — как стена. Его попытки влиться в жизнь сталкиваются с непониманием и предубеждениями, но в сердце осталась надежда на связь, которая может преодолеть разрыв между людьми.",2
2064,"Он застрял на тропическом острове, где время течет иначе, и каждая минута напряжена. Следуя за тенями опасного картеля, он пытается скрыться, но давление со стороны властей и собственные сомнения превращают бегство в одиночную войну с собой. В тени пальм и шуме волн скрывается не только угроза, но и тень прошлого, которую невозможно оставить позади.",0
2065,"Скрытый в тени, журналист пытается найти потерянную экспедицию, сталкиваясь с коррупцией местных властей. Его путь преследует чувство вины за прошлые ошибки, которые теперь осложняют каждую минуту на тропическом острове, где каждая тень скрывает новые опасности.",0
2066,"Он был бывшим контрабандистом, который теперь пытается выжить на корабле, отдаляясь от места, где всё началось. Однако ограниченная связь и разрушение доверия между ним и командой превращают его бегство в жестокую борьбу за выживание, где каждый шаг — это выбор между надеждой и проклятием прошлого.",0
2067,"Бухгалтер случайно становится объектом внимания благодаря неожиданному случаю. Его жизнь переворачивает убежавший питомец, который привлекает к нему внимание. В условиях переполненного офиса он пытается сохранить достоинство, но каждая попытка только усугубляет ситуацию. Смешные повороты и неловкие моменты делают его путь к спокойствию настоящим испытанием.",1
2068,"Секретный следователь, разгадывающий цифровые загадки, сталкивается с неожиданным испытанием. Чтобы предотвратить катастрофу, он врывается в подземные тоннели, где сталкивается с вооруженными группами, развязывая смертоносную гонку. С каждым шагом он борется не только с врагами, но и с собственными сомнениями, когда давление властей заставляет его пересмотреть свои убеждения.",0
2069,"Ветеран спецназа возвращается к привычным теням подземки, где каждый шаг становится битвой с собственным страхом. Он борется за время, чтобы остановить катастрофу, но разрывы в связях и теснота тоннелей усиливают его тревогу. В тишине под землёй его прошлое и настоящее сталкиваются, превращая каждую секунду в выбор между смертью и спасением.",0
2070,"Мэр маленького городка случайно вляпался в странный фестиваль, который устроили студенты кампуса. Каждый день превращается в хаос из неправильных интерпретаций и нелепых ситуаций, где даже простые задачи становятся квестами. В смешных приключениях он учится, что иногда глупость может быть самым настоящим способом найти друзей и немного смысла в жизни.",1
2071,"Молодой музыкант, страдающий от неудач, случайно привлекает внимание благодаря необычному выступлению в торговых центрах. Но когда его популярность резко возрастает, непредсказуемое событие в магазине превращает его в центр внимания, смешивая смех и болезненные моменты.",1
2072,"Молодой блогер, мечтающий стать звездой интернета, запускает собственную фирму в унылом офисе, где каждый день превращается в хаос из непонимания и провалов. Его попытки устроить бизнес-событие разрушают гармонию с коллегами, а скрытая двойная жизнь ведет к непредвиденным последствиям. Неловкие ситуации и накопленное напряжение превращают рабочее пространство в поле битвы, где искренность теряет значение, а смех становится единственной опорой.",1
2073,"Он возвращается к прошлому, чтобы спасти то, что осталось от прошлого. Среди рушащихся конструкций и взрывающихся баков он сталкивается с тем, что доверие к себе и другим уже не восстанавливается. В хаосе разрушающейся платформы каждая секунда становится битвой за выживание и последний шанс на спасение.",0
2074,"После ухода из жизни она возвращается к семье, но страх брошенности мешает ей обрести покой. На университетском кампусе она сталкивается с прошлыми обидами и сложными отношениями, пытаясь найти путь к примирению и пониманию.",2
2075,"В прошлом он был вором, а теперь вынужден защищать невинного человека, чья жизнь висит на волоске. В тесных улицах мегаполиса, где каждая стена хранит тайны, он борется не только с врагами, но и с собственным прошлым, которое не отпускает. Время течет, а конфликт приближается, заставляя его выбрать между спасением и собственной судьбой.",0
2076,"Ресторанный владелец, потерявший бизнес и погрузившийся в одиночество, приходит в реабилитационный центр, где сталкивается с собственными демонами и ищет путь к исцелению. В напряженной атмосфере центра он сталкивается с разрушительной пустотой прошлого, но в утешении найдет связь с другими, что дарит надежду на восстановление.",2
2077,"Международный курьер, привыкший к риску, возвращается в горы, чтобы вернуть украденные документы, но сталкивается с предательством внутри своей команды. Снежные вершины и изоляция становятся не только препятствием, но и возможностью для искупления прошлых ошибок, когда каждый шаг превращается в битву с самим собой.",0
2078,"Молодой организатор свадьб, привыкший к хаосу, случайно попадает в несерьезную соревновательную программу на кампусе, где его безумные идеи приводят к неожиданному вирусному успеху, смешивая кулинарные эксперименты и ритуалы, которые заставляют всех смеяться и задумываться о границах абсурда. Его путь от нелепых испытаний к незапланированной славе наполнен смешными провалами, но в каждом кадре чувствуется искренняя драма поиска себя в мире, где реальность и выдумка переплетаются так же неожиданно, как брак в сценарии.",1
2079,"Молодой детектив, впервые ступивший на поле боя, сталкивается с невероятной угрозой, прячущейся за стенами заброшенного города на границе пустыни. Его путь к раскрытию заговора превращается в гонку против времени, где каждый шаг — это баланс между страхом провала и жаждой справедливости. В тени пыльных улиц и грозящего руинами прошлого он должен найти силы не только выжить, но и вернуть доверие к себе.",0
2080,"Молодой адвокат возвращается в родной город, чтобы исправить разрушения, оставленные временем и обстоятельствами. В семейном кафе, где запах кофе и воспоминания охватывают каждую стойку, он сталкивается с разрушительной силой прошлого и неизбежностью настоящего. В борьбе за выживание и искреннее примирение он узнаёт, что истинная ценность не в деньгах, а в том, что осталось нерушимым, даже в самых тяжёлых временах.",2
2081,"На острове, затопленном тропической густотой, лидер отряда возвращается к привычной рутине, но теперь его ждет необычный вызов. Спасение ученого, захваченного опасным картелем, превращает его в центр споров между преступными группами и государственными структурами, которые не ждут ни его, ни его решения. В каждой ловушке и каждом повороте чувствуется тяжесть выбора, который может разрушить всё.",0
2082,"Парень, который не может найти свой путь в музыке, берётся организовать семейную встречу в роскошном отеле, но его усилия превращаются в хаос. Всё идёт наперекор: непредвиденные гости, проваленные ритуалы и неловкие моменты заставляют его пересмотреть свои приоритеты. Всё это превращается в непредсказуемый спектакль, где даже роскошь не спасает от смешных провалов.",1
2083,"Бывший спортсмен возвращается к жизни, сталкиваясь с трудностями в спасении умирающего бизнеса. Скрытая предательство разрушает его усилия, оставляя после себя волю к надежде и разочарование. В переполненном жилом комплексе каждый шаг становится испытанием, где прошлое и настоящее переплетаются в трагическом поиске истины.",2
2084,"Повар, живущий в хаосе, пытается скрыть кулинарную ошибку, которая привела к неприятностям. Его путь осложняется беглым питомцем, который убежал с кампуса, создавая цепочку непредсказуемых событий. В смешении кухонных катастроф и неожиданных встреч рождается ироничный и трогательный путь к развязке.",1
2085,"Избалованный студент, уверенный в своих силах, попадает в странную соревновательную игру, организованную местными жителями, которая превращает его в центр внимания. Его попытки превзойти всех сталкиваются с неожиданным вмешательством родственников, которые хотят спасти его от абсурда. В итоге смешные ситуации и неожиданные союзы помогают ему найти баланс между амбициями и реальностью.",1
2086,"Возвращаясь в прошлое, чтобы исправить ошибки, лидер отрядов сталкивается с тенями прошлого и новыми угрозами. Под землей, среди разрушенных тоннелей, он преследует тени коррупции, но каждый шаг приводит к новым опасностям. Вина за прошлые промахи превращает его в жертву, а тени в подземке становятся зеркалом его собственной неуверенности.",0
2087,"Молодой адвокат в умирающем промышленном городе сталкивается с личной трагедией — тяжелая болезнь заставляет его пересмотреть смысл существования. В одиночестве он ищет связь, но каждый шаг приводит к новым вопросам о прошлом и будущем. В тишине заброшенных заводов и пустых улицах он пытается найти силы, чтобы не потерять веру в себя.",2
2088,"Он сражается за выживание в безысходной тишине гор, где снег затягивает следы и время теряет смысл. Поврежденная репутация и пустые руки не останавливают его — он бросает все, чтобы спасти свидетеля, который может изменить ход истории. Но давление изнутри и страх потери контроля заставляют его сомневаться, когда каждая минута становится костью на груди.",0
2089,"В шумном подъезде, где каждый звук отражает хаос жизни, молодой музыкант бьётся за место в мире, где его голос почти утрачен. Он пытается восстановить связь с бывшей возлюбленной, но скрытая предательство разрывает его надежды, заставляя пересмотреть свои убеждения. В каждой ноте и каждом взгляде — тени прошлого, которые не дают покоя.",2
2090,"После трагедии, которая разрушила его карьеру, бывший спортсмен возвращается в тихое прибрежное село, где надежда на прощение и покой уткнулась в нерешённую боль. В тишине волн и тумана он сталкивается с тем, что некоторые раны не заживают, а лишь пересыхают, оставляя в сердце пустоту, которую трудно заполнить.",2
2091,"Одинокий спасатель, привыкший к хаосу гор, сталкивается с новой угрозой, когда в заброшенном военном лагере обнаруживает план террористов. Ограниченная связь и собственные травмы из прошлого заставляют его выбирать между спасением жизни и собственной безопасностью.",0
2092,"Он впервые сталкивается с реальностью, где каждый шаг может стать последним. В пустынном приграничном городе, где тени скрывают тайны, его миссия — спасти свидетеля, который знает слишком много. Один против множества, он борется не только с врагами, но и с собственным страхом провала, который превращает каждый момент в битву за выживание.",0
2093,"После провала карьеры безработный архитектор возвращается на университетский кампус, где пытается найти смысл в руинах прошлого. Его одиночество переплетается с воспоминаниями о потерянных возможностях, а каждый шаг по пустым коридорам напоминает о несбывшихся мечтах. В тишине он ищет не только работу, но и связь, которая может исцелить разбитую душу.",2
2094,"Он пытается адаптироваться к новому городу, где тени прошлого тесно сплетаются с будущим, но скрытая предательство разрушает его надежды. В унылых улицах заброшенного промышленного города каждый шаг напоминает о потерянных связях, а детские смех и тишина становятся единственными опорами в борьбе с бессмысленностью.",2
2095,"После ухода с сцен волшебник сталкивается с непростой ситуацией, когда его заставляют играть роль влюбленного в торговых центрах. Неловкие моменты усиливаются присутствием завистливого соседа, который не оставляет покоя, создавая смешные и непредсказуемые ситуации.",1
2096,"Международный курьер, рано или поздно сталкивающийся с последствиями прошлого, получает задание, которое вынуждает его вернуться в отдалённый пустынный городок на границе. Там ждёт не только спасение ученого, но и тень нависающего конфликта, который разрывает границы между личной болью и необходимостью действовать.",0
2097,"Международный курьер, привлеченный к сложной миссии, втягивается в тайну исчезновения экспедиции, оставляя позади собственные моральные сомнения. Под землей, среди тоннелей, он сталкивается с коррупцией, которая затягивает его в ловушку, где каждый шаг — это выбор между спасением и собственной судьбой.",0
2098,"В тихом кафе, управляемом семьей, молодой рабочий борется с тяжестью прошлого. Его усилия подобрать руки отца, который отвергает его выбор, превращаются в тихую битву между поколениями. В каждом кружке кофе и каждом взгляде скрывается боль, которую трудно выговорить, но невозможно игнорировать.",2
2099,"Он возвращается к месту, где всё началось, чтобы найти тех, кто исчез в буре разрушений. Время уходит, а вражеские силы приближаются, превращая гниющую платформу в ловушку. Его путь — между всплесками памяти и жаждой исправить прошлое, пока не поздно спасти оставшихся.",0
2100,"Она давно уволена с больницы, но тень прошлых ошибок не оставляет покоя. Каждый день в тихом пригороде стал новой попыткой заглянуть в прошлое, где страх и вина превратились в тяжелый груз. Вместо слов она ищет прощение в молчании, оставляя за собой лишь тихие следы на улицах, где время всё ещё ждёт искупление.",2
2101,"В отдалённом пустынном городе на границе бывший спецназовец борется за выживание, преследуемый неизвестными, которые используют дроны для отслеживания его движений. Время от времени он сталкивается с вспышками гнева и сожаления, когда вспоминает, как его связь с родным человеком превратилась в проклятие. Каждый шаг становится битвой между прошлым и настоящим, где ошибки не дают шанса на спасение.",0
2102,"В подземных тоннелях метро подводный инженер сталкивается с вооруженными мечниками, пытаясь раскрыть преступную сеть. Его мотивация — искупить вину за прошлые ошибки, но каждый шаг превращается в битву между страхом и решимостью. Напряженный сюжет раскрывает тайны, которые могут изменить судьбу города.",0
2103,"Владелец небольшого ресторана в пригороде балансирует между обязанностями и заботой о больной матери, сталкиваясь с давлением соседей и собственными сомнениями. Каждый день становится тяжелее, но в сером фоне жизни появляется нежность — маленькие моменты, которые напоминают, что даже в трудное время можно сохранить человечность.",2
2104,"В затихающем промышленном городе, где каждый шаг напоминает о прошлом, студент сталкивается с тайной, разрушающей его уверенность. Пытаясь искупить прошлое, он раскрывает скрытую предательство, которая связывает его с тем, кого считал близким. В тревожной атмосфере, где надежда и боль переплетаются, его путь становится испытанием для души.",2
2105,"Молодой музыкант, борющийся за признание, приезжает в тихий прибрежный резорт, чтобы отдохнуть от критики и суеты. Однако его попытки скрыть личную трагедию и двойную жизнь разрушают иллюзии, превращая отдых в хаос смешных ироничных ситуаций. В каждой неловкой встрече и неожиданном повороте чувствуется тонкая игра между реальностью и желаемым, где даже нелепость становится частью трагедии.",1
2106,"Между штормом и рушащейся платформой он бежит по краю безумия, пытаясь спасти ученого, чья жизнь висит на волоске. В каждой секунде — бой за выживание, но внутри гремит еще один конфликт, связанный с тем, кто остался дома. Его выбор между долгом и семьей становится самым опасным шагом.",0
2107,"В отдалённом порту захватывающий сюжет ведёт к грузовому судну, где тайна преступной сети раскрывается под угрозой бури. Главный герой, бывший охранник, сталкивается с тяжёлым выбором между долгом и личными обидами, когда его связь с семьёй становится ключом к разгадке. В борьбе за правду каждая минута становится критической, а эмоции сжигают всё на пути.",0
2108,"Молодой архитектор, потерявший работу, приезжает в город, чтобы начать новую жизнь. В реабилитационном центре он сталкивается с внутренними страхами, но находит поддержку среди новых людей. Путь к исцелению и связям становится источником надежды.",2
2109,"Молодой детектив оказывается на борту контейнеровоза, где его ждет непростой путь к разгадке таинственного заговора. В тени моря он сталкивается с тремя днями без связи, а в голове неотступно звучит тревога, оставшаяся после нерешенной предательства. Каждый шаг в темноте становится не только испытанием, но и попыткой найти ответ на вопрос, который разрушает его веру в себя.",0
2110,"Недовольный бухгалтер, проклятый судьбой, берётся организовать семейное собрание в роскошном отеле, но непредсказуемые повороты обстоятельств превращают его мечты в хаос. Каждый день становится сценарием абсурда, где даже отель не спасает от смеха и слёз. Всё это превращается в хаотичный спектакль, где каждый участник пытается сохранить лицо, но не может избежать смешного урока.",1
2111,"Молодой адвокат, прикованный к стены реабилитационного центра, сталкивается с тяжестью одиночества, которое проникает в каждую трещину его души. В борьбе за признание прав обездоленных он находит не только закон, но и ускользающую надежду, которая тает под давлением обвинений и разочарования.",2
2112,"Молодой организатор свадьбы, привыкший к хаосу, получает невероятно сложную задачу — устроить семейное собрание в роскошном отеле. Постоянные непонимания и непредсказуемые повороты делают ситуацию ещё более абсурдной. В результате получается не просто мероприятие, а настоящее цирковое шоу, где каждый член семьи становится участником комического спектакля.",1
2113,"После потери мужа учительница осталась одна в отдалённом сельском районе, где каждый день напоминает о её одиночестве. Она пытается найти новое значение жизни, но столкнувается с сопротивлением местного сообщества, которое не готово принять её изменения. В борьбе с традициями она обнаруживает, что её внутренние переживания и внешние трудности становятся частью одной сложной истории.",2
2114,"В отдалённом пустынном городке, где тени танцуют с ветром, бывший пожарный возвращается к прошлому, чтобы спасти ученого, украденного опасным картелем. Его путь пронизан воспоминаниями о потере, которые превращают каждую бойню в личную войну. В тени пыльных улиц и молчаливых пустынь он сталкивается с тем, что даже победа не искупает боль.",0
2115,"Молодой музыкант, терзаемый сомнениями, случайно попадает в тихий туристический городок, где его ошибочно принимают за знаменитость. В попытке сохранить маску успеха он сталкивается с агрессивным конкурентом, который не жалеет усилий, чтобы уничтожить его репутацию. Неловкие ситуации и неожиданные повороты делают его путь к развязке как смешным, так и трогательным.",1
2116,"Писатель среднего возраста, разочарованный в карьере, возвращается в семейное кафе, где его ждут старые обиды и нерешенные вопросы. В напряженной атмосфере он пытается восстановить отношения, сталкиваясь с тем, что прошлое не осталось в прошлом. Каждый шаг к примирению становится испытанием для души.",2
2117,"Молодой музыкант, борющийся за признание, случайно переезжает в шумную общежитковую квартиру, где каждый день становится драматичным спектаклем. Его непреднамеренное выступление на территории университета приводит к вирусному успеху, смешивая надежду и хаос. В смешанных эмоциях он учится находить баланс между амбициями и неожиданными поворотами судьбы.",1
2118,"Телохранитель в борьбе за выживание на изолированном корабле сталкивается с тайной предательства, которая разрушает его доверие к бывшим союзникам. Пока он пытается остановить теракт, каждый шаг становится шагом в темноту, где истинные враги скрываются среди тех, кто должен быть рядом.",0
2119,"В отдаленном горном регионе, окружённом снежными стенами, бывший разведчик, обречённый на изоляцию, должен защитить ключевого свидетеля от вооружённых мечтателей. Внутренняя борьба с нерешённой предательством превращает каждую минуту в битву не только с врагами, но и с самим собой. Снежные вершины становятся не только барьером, но и зеркалом, отражающим разрушенные надежды и остатки веры в правду.",0
2120,"В центре реабилитации, где каждый день — шанс на новый старт, владелец ресторана борется с остатками прошлого. Его попытки вернуть доверие общине сталкиваются с сопротивлением, но в каждом разговоре, в каждом блюде, который он готовит, появляется надежда на примирение.",2
2121,"Студент колледжа, чувствуя себя потерянным в шуме повседневности, ищет смысл жизни, но давление окружения и ожидания общества лишают его уверенности. В тесном общежитии, где каждый день наполнен ритуалами и сравнениями, он сталкивается с внутренними противоречиями, но в хаосе находит первые шаги к собственной идентичности.",2
2122,"Бывший спортсмен, теперь живущий в пригородном районе, борется с чувством вины, когда его близкий человек оказывается в опасности. Скрываемая предательство разрушает его уверенность, заставляя пересмотреть свои убеждения и ценности. В тишине пригорода скрывается тень, которая подрывает его связь с тем, кого он пытается защитить.",2
2123,"Стареющий врач приезжает в маленький горный город, чтобы начать новую жизнь, но сталкивается с трудностями адаптации и разногласиями с молодыми жителями. В поиске смысла в новом окружении он сталкивается с внутренними конфликтами и разрывом между поколениями, что приводит к меланхоличному отражению жизни и одиночества.",2
2124,"Молодой музыкант, разбившийся на дне, приезжает в тихое прибрежное село, чтобы исцелиться от потери. В тишине он сталкивается с страхом брошенности, но в каждом звуке природы и взглядах незнакомцев находит отклик, который медленно раскрывает его внутренний мир. Надежда постепенно возвращается, когда он начинает создавать музыку, которая не только исцеляет, но и связывает его с прошлым и настоящим.",2
2125,"Молодой музыкант, живущий в постоянном кризисе, ставит перед собой непростую задачу — организовать семейную встречу, которая обещает стать настоящим хаосом. Вместе с тем он скрывает свою вторую жизнь, что только усиливает напряжение в уже непростой ситуации. В условиях летнего лагеря, где каждый день превращается в комический фарс, его усилия вынуждены пересечься с непредсказуемыми поворотами судьбы.",1
2126,"Вечерами в пустых аудиториях профессор, потерявший жену, ищет ответы на вопросы, которые не дают покоя. Скрываемая обида, укоренившаяся в тени университета, заставляет его пересмотреть прошлое, где каждый шаг напоминает о разрушении доверия. В поисках прощения он сталкивается с тем, что даже самые светлые воспоминания могут скрывать тень.",2
2127,"Бухгалтер, постоянно сталкивающийся с неприятностями, вынужден вступить в поддельный романтический союз, чтобы избежать катастрофы. Его жизнь становится еще сложнее, когда в дело вмешивается бегущее животное, которое превращает кампус в хаотичную сцену абсурда. В попытках справиться с непредсказуемыми обстоятельствами герой обнаруживает, что даже в хаосе можно найти немного надежды.",1
2128,"Он бежит от прошлого, но путь к свободе преграждает не только вражеские силы, но и те, кто когда-то верил в него. На тропическом острове, где каждая волна моря шепчет тайны, его душа разрывается между желанием искупить вину и страхом, что поздно. Тени прошлых ошибок тянутся за ним, а каждый шаг становится битвой не только с врагами, но и с самим собой.",0
2129,"В центре внимания — бывший охранник, который пытается спасти свидетеля, чтобы искупить прошлое. Остров становится ловушкой, где не хватает ресурсов, и он сталкивается с внутренними борьбой. Каждый шаг — битва с собственными страхами и прошлым, где надежда на спасение тонка, как нить.",0
2130,"Марк, неуклюжий курьер, наследует увядающий аттракционный парк на берегу моря. Скрытый секрет, который он не может скрыть от посетителей, заставляет его бороться не только с упадком бизнеса, но и с собственной неуверенностью. Попытки спасти парк превращаются в хаос, где каждый поворот обещает новый скандал.",1
2131,"Он проник в лабиринт секретных исследований, где каждая стена шепчет правду, но враги ждут за каждым углом. Время течет медленно, а сердце бьется в такт с ритмом пульсов охраны, которая не терпит ошибок. Его выбор — выжить, но цена за каждую секунду становится жестче, чем ожидание.",0
2132,"Он возвращается в холодный порт, где его ждет опасная миссия — найти пропавшую экспедицию. С каждым шагом в тумане вспыхивает старая вина, а морские пираты не дают ему дышать. В битве за правду он должен преодолеть не только врагов, но и собственное прошлое.",0
2133,"Молодой блогер, мечтающий стать звездой интернета, случайно берет на себя организацию семейного собрания в летнем лагере. Вместо уютных воспоминаний ему приходится разбираться с нелепыми ситуациями: неожиданные гости, запутанные родственные связи и катастрофически несогласованные планы. Каждый поворот сюжета добавляет драматизма, но в итоге оставляет ощущение, что хаос — лучший способ найти себя.",1
2134,"Бухгалтер, который случайно попадает в центр внимания, сталкивается с абсурдными ситуациями, когда его ошибочно считают знаменитостью. Завистливый сосед не дает ему покоя, создавая хаос в маленьком театре. Герой пытается сохранить самообладание, но каждый поворот обстоятельств добавляет новых сложностей.",1
2135,"Молодой актер, потерявший веру в себя, случайно переезжает в заброшенный дом на берегу озера, где каждый день превращается в хаос. Его жизнь резко меняется, когда случайное видео с неожиданным смехом начинает вирусировать, превращая его в неожиданную звезду. Вместо разочарования появляется смешанное чувство недоумения и легкого восторга, словно весь мир пересмотрел его с новой стороны.",1
2136,"В тени секретного комплекса, где тайны скрывают правду, журналист, скрывавшийся под чужим именем, борется за выживание и искупление. Каждый шаг в лабиринте охраняемых коридоров — это битва с собственными страхами и моральными долгами. В руках — не только оружие, но и шанс исправить прошлое, которое теперь угрожает разрушить всё.",0
2137,"Подводный инженер, переживший личную трауму, возвращается в отдаленный пустынный город на границе, чтобы раскрыть преступную сеть, которая угрожает его прошлому. Сильный шторм и разрушающие волны становятся не только физическим препятствием, но и напоминанием о его прошлом, заставляя его пересмотреть выбор между мукой прошлого и опасностью настоящего.",0
2138,"Одинокий архитектор, потеряв работу, возвращается в пригород, чтобы ухаживать за тяжело больной матерью. Скрытая обида и неизбежная правда разрывают тонкие нити семейных обязательств, когда он обнаруживает, что его забота — лишь часть сложной игры, в которую вовлечены те, кто казался близким. В тишине пригорода таят обиды, которые невозможно оставить без внимания.",2
2139,"Молодой иммигрант, переживающий тихую боль утраты, находит в семейном кафе утешение и связь с прошлым. Каждый день тяжелый — между долгами и памятью, но в уютном месте, где пахнет кофе и говорят на родном языке, он пытается исцелиться. Незаметные шрамы на душе медленно заживают под тихим светом и теплом, что осталось от тех, кто не ушел.",2
2140,"После ухода с работы медсестры Елена осталась в тени пригородного дома, где каждый день напоминал ей о прошлом. Соседи, ждущие помощи, и собственная неуверенность в будущем заставили её пересмотреть свои ценности. В поисках нового смысла она обнаружила, что истинная сила — в способности дарить уверенность другим, даже если это означает вернуться к тому, что казалось бы уже прошедшим.",2
2141,"Он возвращается к месту, где всё началось, чтобы спасти то, что осталось после разрушений. Тени заброшенного военного полигона прячут не только документы, но и тяжелые воспоминания, которые не дают ему спать. В каждой атаке противников он видит лицо прошлого, и каждый шаг к цели становится испытанием, где страх и решимость сражаются за жизнь.",0
2142,"Одинокий патрульный на границе пустыни бьётся за разгадку исчезновения экспедиции, оставившей за собой лишь следы в песке. Каждый шаг в безлюдной пустыне становится битвой с временем и собственными сомнениями, когда власти требуют скорейшего ответа, а ресурсов хватает только на выживание. В тишине пустыни его выбор между долгом и личной ответственностью становится самым опасным.",0
2143,"Он возвращается к теням прошлого, где каждый шаг превращается в бой за выживание. В заброшенной военной базе, затерянной среди пустынь, он должен разобраться в тайне, которая затянула его в ловушку. Но доверие уже разрушено, а враги ждут за каждым углом, готовые уничтожить его, как в прошлом.",0
2144,"Амбициозный блогер, мечтающий стать звездой соцсетей, наследует увядший аттракционный парк, который теперь стал местом для неожиданных встреч. Его ждет борьба с амбициозным конкурентом, который готов на всё, чтобы уничтожить его мечты. Веселые ситуации и непредсказуемые повороты превращают этот проект в неожиданную историю о дружбе и смелости.",1
2145,"После ухода с сцен волшебника ждет неожиданная встреча: в местном театре его ошибочно признают знаменитостью, а магические трюки превращаются в повод для скандала. Секретная двойная жизнь, которую он скрывал десятилетиями, теперь выходит наружу, смешивая реальность с фальшивым шиком. В смешных спектаклях и неожиданных каверзах он обнаруживает, что даже в забвении можно найти место для волшебства и настоящего счастья.",1
2146,"Он вернулся в заброшенный город на границе, где пыль и тени скрывают правду. Старые навыки и разрушенная вера в систему приводят его в ловушку, где каждый шаг — это битва за выживание. Сестра, оставшаяся в прошлом, теперь становится звеном в цепи, связывающей его с преступной сетью, чьи корни пронизывают правительство.",0
2147,"Учитель, страдающий от социальной неуверенности, пытается скрыть грандиозную ошибку, которая чуть не разрушила его карьеру. Внезапно его нелепая история становится вирусным хитом, превращая его в неожиданного героя. В тени торгового центра он учится смеяться над собой, когда реальность перестаёт соответствовать его планам.",1
2148,"В отдалённом пустынном городе, где каждый шаг — риск, вертолётчик-спасатель ищет украденные документы, омрачённые тенью нерешённой предательства. Его путь пересекается с таинственным убийцей, чьи действия превращают миссию в ловушку, где каждый выбор обречён на последствие.",0
2149,"После ухода с сцены бывший маг попадает в непростую ситуацию, когда ему приходится организовать семейную встречу, которая превращается в хаос. В комьюнити-театре его попытки устроить праздник обретают абсурдные повороты, заставляя пересмотреть понятия семьи и порядка. Непредсказуемые моменты и драматические ошибки делают каждый день напряженным, но полным искренних смеха и неожиданных открытий.",1
2150,"В отдалённом прибрежном посёлке нервный повар, теряющий кухонные инструменты и рецепты, случайно попадает в вирусный тренд. Его непоседливость и хаотичные эксперименты с едой превращают его в интернет-звезду, но скрывать нечего — он одновременно ведёт тайную жизнь агента, который следит за местными загадочными происшествиями. В смешении кулинарных авантюр и шпионских приключений рождается неожиданная связь между реальностью и виртуальным миром.",1
2151,"В прошлом украденный ученый оказался в ловушке, и бывший контрабандист, сомневающийся в своих силах, должен преодолеть снежные хребты и коррупцию, чтобы спасти его. Внутренний конфликт с братом, который выбрал другую дорогу, добавляет напряжения, когда каждый шаг становится не только битвой за жизнь, но и испытанием верности.",0
2152,"Воспоминания о прошлом и тяжесть настоящего сжимают сердце бывшей медсестры, которая пытается найти покой в шуме соседей и тесноте подъезда. Каждый день становится испытанием, где социальные ожидания тянут к разрушению остатки ее сил, но в глазах прохожих она видит отражение собственных больших потерь.",2
2153,"После побега из тюрьмы бывший заключенный в одиночку борется с теневыми силами, которые управляют подпольем в замерзшем промышленном порту. Каждый шаг превращается в битву с лицом, которое он доверял, когда тени коррупции охватывают даже те, кто должен защищать правду.",0
2154,"В тихом городке библиотекарь сталкивается с угрозой закрытия заведения, которое стало частью её жизни. В попытке спасти бизнес она возвращается в реабилитационный центр, где прошлые обиды и травмы всё ещё живы. Каждая страница книги становится шагом к искуплению, но путь к прощению полон тени и света.",2
2155,"Бывший контрабандист, брошенный в безысходность, возвращается в горы, где его прошлое превращается в оружие против неизбежного конфликта. Скрытый в снежных лесах, он сталкивается с тайной, которая может изменить ход войны, но давление властей и угроза разрушения региона заставляют его выбирать между личной моралью и жестокой реальностью.",0
2156,"Старый доктор, живущий в отдалённом сельском поселении, сталкивается с одиночеством и тяжестью прошлых травм. В попытках преодолеть боли прошлого он находит в себе силы помогать другим, но тень прошлого всё равно тянет его обратно в темноту.",2
2157,"Он возвращается к морю, где его прошлые ошибки пробуждают старые раны, чтобы спасти тех, кто исчез в бездне. Вертолет, разбитый ветром, стал единственным оружием в борьбе с хаосом, где каждый момент — это битва за выживание. Океан, кажется, сжимает его в ловушку, но в его глазах — огонь, который не угаснет, пока не найдет тех, кто исчез.",0
2158,"Владелец ресторана, потерявший смысл жизни, сталкивается с пустотой и страхом быть брошенным. Его путь пересекается с молодыми людьми на университетском кампусе, где он начинает осознавать, что истинное предназначение — в поддержке и вдохновлении, а не в материальном успехе.",2
2159,"В тихом кафе, управляемом семьей, молодой музыкант борется с давлением общества и собственными сомнениями. Его путь к прощению пролегает через тихие улицы и воспоминания, которые не дают покоя. Каждая нота его игры становится отражением несбывшихся надежд и тяги к примирению.",2
2160,"Молодой блогер, мечтавший стать мегаинфлюенсером, случайно наследует унылый аттракционный парк, который погряз в долгах и забвении. Его попытки превратить его в «место вдохновения» приводят к нелепым ситуациям, где каждый сотрудник офиса становится участником абсурдного спектакля. В смешных диалогах и непонимании рождается не только хаос, но и незабываемые моменты искренней связи между людьми.",1
2161,"Бывший контрабандист, обреченный на прошлое, теперь бросает все силы в предотвращение катастрофы, о которой не знает никто. Он борется не только с угрозой, но и с собственными сомнениями, которые тянут его обратно к тем теням, которые когда-то оставили его без семьи.",0
2162,"Молодой адвокат сталкивается с непростой задачей — спасти умирающую компанию, застывшую в промежуточном состоянии между восстановлением и крахом. В центре реабилитации, где обитают люди, потерявшие веру в себя и свою судьбу, он сталкивается с разногласиями между жителями, каждый из которых видит в будущем свой путь. Но в каждом из них он видит потенциал, и постепенно начинает верить, что даже в самых сложных ситуациях можно найти путь к обновлению и надежде.",2
2163,"В тишине горного городка одинокий музыкант ищет смысл в разрушенной карьере и пустоте после утраты. Его дни наполнены молчанием, бутылками и воспоминаниями, которые не дают покоя. В каждом аккорде скрывается боль, а каждый шаг к восстановлению — это битва с собой, где надежда и отчаяние тесно переплетаются.",2
2164,"В тесной квартире, заполненной шумом соседей и тишиной ожидания, библиотекарь ведёт скрытую борьбу за жизнь близкого человека. Каждый день становится тяжелее, но в глазах её остаётся огонь, способный пробить даже самую плотную тьму.",2
2165,"Бывшая медсестра, потерявшая веру в будущее, прибывает в затихающий промышленный город, где каждый уголок хранит следы прошлого. Её путь к новой жизни осложняется тенью травмы, которую трудно оставить позади, но в сердце остаётся остаток надежды, что даже в безжизненном месте можно найти смысл.",2
2166,"В холодном тумане промышленного порта вертолетчик сражается с тенями прошлого, раскрывая ледяные тайны власти. Его путь превращается в гонку с тьмой, где каждый шаг — это выбор между правдой и проклятием забвения. В сердце осталась рана, а враг — не просто стрелок, а отражение собственного сомнения.",0
2167,"Одинокий отец сталкивается с трудностями в уходе за больной матерью в тихом сельском поселении. Напряжение растет из-за неопределенности диагноза и отсутствия медицинской помощи. В одиночестве он ищет силы, чтобы не потерять связь с семьей и надежду на выздоровление.",2
2168,"Он возвращается к жизни после потери, но болезнь и падение города тянут его вниз. В умирающем промышленном городе каждый день становится тяжелее, но в сердце остается искра надежды. Сквозь боль и разрушения он ищет смысл, чтобы не потерять себя.",2
2169,"В холодном промышленном порту, затянутом льдом, незнакомец с опытом спасения в горах борется за каждую секунду, чтобы остановить угрозу. Его путь пересекается с теневыми следами дронов, которые скрывают истинную цель. Внутри него борется страх провала и желание спасти тех, кто зависит от его решимости.",0
2170,"Он возвращается в мир, где каждый шаг — это риск, чтобы разоблачить тайную сеть, которая угрожает всем. Но внутри него гремит гнев, а в команде скрывается тень прошлого, которая может разрушить всё. Напряжение растёт, как и вера в то, что правда всё ещё может изменить судьбу.",0
2171,"В одиночестве архитектор, потерявший работу, пытается сохранить уютный дом для отца, страдающего болезнью. Каждый день превращается в борьбу за копейки, а горные дороги, ведущие к лекарствам, становятся символом не только расстояния, но и отчаяния. В тишине горного поселка его мечты о будущем тают, оставляя лишь тень надежды.",2
2172,"Международный курьер, втянутый в тайную миссию, борется с растущим страхом неудачи, когда связь с командой прерывается в пустынном городе на границе. В одиночку он должен разобраться в загадочном следе, который ведет к скрытой угрозе, оставаясь на грани веры в себя и опасности, которая угрожает всем.",0
2173,"Она возвращается в жизнь, где каждый день напоминает о прошлом, но теперь её цель — оградить того, кого любит. В тихом укрытии реабилитационного центра она сталкивается с непониманием и суждениями, которые тянутся из прошлого. Сквозь боль и сомнения она ищет путь, где не только выживает, но и сохраняет тепло, которое осталось после потери.",2
2174,"В тихом промышленном городе, где заводы молчат, писатель средних лет борется с долгами и разрушением семейных связей. В поисках уюта и искренности он сталкивается с прошлым, который не отпускает. Но в серой повседневности появляется шанс вернуть доверие и найти свет в темноте.",2
2175,"Молодой организатор свадьб, живущий на кампусе, случайно попадает в вирусную ситуацию, когда его неорганизованные идеи превращаются в интернет-мем. Пока он пытается справиться с непрерывным потоком запросов, сосед, завидуя его репутации, начинает вмешиваться в его жизнь, создавая цепочку абсурдных происшествий. В хаосе появляется шанс переосмыслить свои приоритеты и найти баланс между безумием и реальностью.",1
2176,"Он бежит по темным тоннелям, где каждый шаг приносит новые опасности, но в погоне за свободой сталкивается с тенью прошлого — неизвестным союзником, который теперь становится врагом. Пока над головой гремит огонь войны, он должен выбрать: спасти себя или раскрыть правду, которая может изменить всё. В тесноте подземелья и вспыхивающей борьбе за выживание его прошлое возвращается, чтобы разрушить всё, что осталось.",0
2177,"Молодой музыкант, разочарованный в карьере, случайно попадает в странный фестиваль маленького туристического городка, где каждая традиция превращается в хаос. Его попытки устроить собственное шоу осложняются вмешательством непримиримых родственников, которые считают, что его судьба — в семейном бизнесе. В итоге он вынужден найти баланс между абсурдом и своей мечтой, спасая лицо как себя, так и родную семью.",1
2178,"Недавно прибывший детектив ввязывается в квест, чтобы спасти ученого, захваченного врагами, но каждый шаг угрожает разрушить остатки доверия. В пустынном городе на границе напряжение растет, а приближающийся конфликт заставляет выбирать между миссией и собственными убеждениями. Тени прошлого и страх потери контроля превращают этот путь в ловушку, где каждый выбор становится последним.",0
2179,"На борту грузового судна в открытом море инспектор, привыкший к цифровым следам, сталкивается с непримиримыми реальными угрозами. Его миссия — раскрыть сеть, готовящую теракт, но слабая связь и хаос на борту лишают его возможности действовать по плану. Внутренний конфликт, связанный с прошлым, заставляет его выбирать между жестокостью и надеждой на спасение.",0
2180,"В темноте заброшенной военной базы международный курьер сражается с собственным страхом и угрозой, которая таится в тени. Его миссия — вернуть украденные документы, но каждое движение преследует риск, а память о прошлом возвращает его к границе разума. В битве за выживание он сталкивается с тем, что даже победа может обернуться потерей себя.",0
2181,"Бухгалтер, который постоянно сталкивается с неприятностями, случайно втягивается в поддельную связь, чтобы избежать неприятностей с работой. В хаотичной атмосфере семейного торгового центра его попытки уладить ситуацию приводят к смешным и драматичным поворотам, где каждый шаг кажется шагом в пропасть.",1
2182,"После неудачного доставки, который случайно попал в интернет, неловкий курьер стал неожиданно знаменит. Теперь его дурацкие подвиги транслируют по местному ТВ, и он вынужден учиться жить в ритме, где каждый шаг может стать сенсацией. В хаосе славы он находит смех и неожиданные союзники в этом безумном мире.",1
2183,"Молодой амбициозный блогер решает пройти через невероятные испытания, чтобы доказать, что он достоин быть в центре внимания. Вместо ожидаемого пути к успеху его ждёт непредсказуемая серия случайностей, разыгравшихся на фоне улюлюканья и восторга в студии, где каждый момент становится частью драматичного и смешного спектакля.",1
2184,"Алекс, вечно в поиске идеи для свадьбы, переехал в таинственное жилье, где каждый сосед — художник в своем стиле. Пока он пытается организовать свадьбу для соседей, его планы рушатся на глазах студентов, превращая вечеринку в хаос, где каждая неловкость становится частью истории. В смешении ошибок и неожиданных встреч рождается неожиданная связь, которая заставляет пересмотреть понятие удачи.",1
2185,"Безработный архитектор, теряя надежду, пытается защитить родную дочь от угроз, возникающих из-за финансовых трудностей. В изолированной деревне он сталкивается с холодом и одиночеством, но в сердце остаётся огонь, жгущий старые обиды и мечты о будущем. Каждый шаг — битва с собой и обстоятельствами, где любовь и надежда тонкой ниткой связывают прошлое и будущее.",2
2186,"Он знает, что каждый шаг может определить судьбу других. С каждым моментом обрушивающаяся платформа становится не только ловушкой, но и полем битвы, где прошлые обиды и страх превращаются в оружие. Предательство, оставшееся без ответа, теперь становится источником сомнений, которые могут привести к трагедии.",0
2187,"На фоне тропической глади преступного мира вспыхивает тенденция к раскрытию тайных связей. Герой, несущий ответственность за безопасность, сталкивается с тьмой, где каждый шаг — это битва с собственным страхом провала. В борьбе за правду и жизнь он обнаруживает, что даже в самых жарких краях может быть холоднее, чем ожидает.",0
2188,"Неудачный актёр, превратившийся в жертву собственной амбициозности, оказывается в центре безумного конкурса, где каждый шаг превращается в хаос. Попытки спасти ситуацию только усугубляют катастрофу, когда публичное мероприятие превращается в мучительный спектакль непонятных правил. В хаотичном мире, где реальность теряет смысл, герою приходится найти смех в безумии, чтобы не потерять себя.",1
2189,"Студент колледжа балансирует между заботой о тяжелобольном отце и стремлением к собственной жизни, сталкиваясь с непростыми решениями в семейном кафе. Вместе с тем он сталкивается с протестами соседей, которые критикуют его за сохранение традиций, что заставляет пересмотреть ценности и границы между личным и общим.",2
2190,"Бывший пожарный, застрявший на изолированном тропическом острове, пытается выбраться, но его связь с командой разрушается из-за предательства. В борьбе за выживание он сталкивается с собственными страхами и мечтой о искуплении. Каждый шаг превращается в испытание, где верность и предательство переплетаются, а надежда на спасение тает в жарком ветре острова.",0
2191,"Молодой музыкант, разочарованный в своей карьере, решает открыть бизнес в бухтый отель, надеясь найти новую цель. Его неловкое предприятие сталкивается с агрессивным конкурентом, который не жалеет усилий, чтобы уничтожить его мечты. В хаотичной борьбе за внимание гостей и признание рождается смесь смеха, неловкости и нежданного тепла.",1
2192,"В отдалённом месте, где солёный ветер срывает с обрывов последние остатки солнца, герой, привыкший спасать других, оказывается в ловушке. Его путь к спасению осложняется не только разрушающимися конструкциями, но и тяжестью собственного прошлого — той ошибки, которая всё ещё сжимает его душу. Каждый шаг становится испытанием, где страх и вина сражаются за контроль над сердцем.",0
2193,"Неорганизованный повар случайно попадает на локальную телестудию, где его ошибочно принимают за знаменитого шефа. В попытке скрыть секретную двойную жизнь он ввязывается в цепочку нелепых ситуаций, наполняя каждый день смешными моментами и непредсказуемыми поворотами.",1
2194,"В одиночестве среди тихих улиц субурбанного района учительница, потерявшая мужа, пытается найти смысл в повседневности, сталкиваясь с непониманием со стороны подростков. Ее усилия превращаются в путь к пониманию, когда она находит в себе силы пересмотреть отношения с миром, который кажется ей чужим.",2
2195,"Она давно не работала в больнице, но теперь в семейном кафе, где душиются и смеются, снова сталкивается с болью, которую не может оставить в прошлом. Защитить любимого человека стало для нее способом справиться с тем, что не смогла отпустить. В каждом кружке кофе и каждом слове близких она ищет силы, чтобы не утонуть в тишине, оставшейся после ухода.",2
2196,"В маленьком туристическом городке нервный повар, привыкший к хаосу на кухне, случайно втягивается в странный фестиваль, где каждая деталь — от танцев до лотерей — выходит из-под контроля. Серия абсурдных ситуаций заставляет его пересмотреть свои приоритеты, а смешные провалы превращаются в незабываемые моменты, наполненные искренними эмоциями и неожиданными связями.",1
2197,"Он бежит по трещащим перекрытиям, где каждый шаг уносит с собой шанс на выживание. Позади — тени, скрывающиеся за маской власти, а впереди — пропасть, в которую он может упасть, не сумев разобраться, кто в итоге предал его.",0
2198,"В замерзшем промышленном порту вертолетчик борется за выживание, преследуемый вооруженными милиционерами. Каждый маневр — это битва против времени и собственного страха провала. В ледяном воздухе каждая секунда становится критичной, а надежда на спасение тает вместе с туманом.",0
2199,"Молодой адвокат приезжает в тихое прибрежное поселение, чтобы начать новую жизнь, но быстро осознает, что здесь скрывается нечто, что разрушает его доверие к окружающим. В поисках ответов он сталкивается с тонкими ловушками прошлого, где каждый жесткий взгляд и тихая речь обретают вес.",2
2200,"Неуклюжий учитель попадает в нелепую ситуацию: его отправляют в летний лагерь, где дети проводят странный конкурс на выживание. В процессе он вынужден раскрыть скрытый секрет, который заставляет его пересмотреть свои убеждения. В хаотичной атмосфере смех и неловкость становятся основой для неожиданных связей и самоиронии.",1
2201,"Молодой студент, полный уверенности, наследует умирающий аттракционный парк, который погружён в хаос и забвение. Его ждёт битва с амбициозным конкурентом, чья ревность и жажда славы усугубляют хаос. В тени старого театра города разыгрывается дуэт из смеха, уважения и неожиданных открытий, где каждый репертуарный номер становится испытанием для души.",1
2202,"В небольшом торгово-развлекательном центре неопытный повар, увлеченный кулинарией, решает открыть собственное кафе. Однако его безудержная непосредственность и скрытый секрет о прошлом приводят к непредсказуемым поворотам. Смешные ситуации и искренние моменты делают путь к успеху не только вкусным, но и трогательным.",1
2203,"Неудачный актер, потерявший веру в себя, случайно втягивается в странное развитие событий, когда его вынуждают выдать себя за возлюбленную. В роскошном отеле он сталкивается с напряженной ситуацией, когда завистливый сосед начинает подозревать его в романе с соседкой. Неловкие диалоги и непредвиденные обстоятельства вынуждают его пересмотреть свои приоритеты, пока неясно, что стоит больше — притворство или искренность.",1
2204,"Новый стартапер, уставший от хаоса офиса, арендует уютную квартиру в загородном доме, где все живут по своим правилам. Вместо спокойной жизни его ждёт каша из непонимания, сарказма и случайных встреч, которые превращают каждую минуту в историю о том, как взрослые могут быть такими же непредсказуемыми, как дети на каникулах.",1
2205,"Подводный инженер оказывается в центре хаоса, когда погон за выживанием превращает его в жертву собственной команды. В переполненном мегаполисе каждая секунда становится битвой за контроль над реальностью, а страх провала заставляет пересмотреть верность и доверие.",0
2206,"Он — бухгалтер, который вечно попадает в нелепые ситуации, а теперь вынужден вести ложную романтику с местной туристкой, чтобы избежать неприятностей. Когда случайная встреча на фестивале превращает их подделку в настоящую катастрофу, он должен найти способ спасти ситуацию, не уронив свою репутацию. В смешных переплетениях обстоятельств и искренней доброты рождается неожиданная связь, которая меняет его взгляд на жизнь.",1
2207,"Мэр маленького городка случайно вляпался в странный фестиваль, который теперь снимают на локальном ТВ. Его сосед, завидуя популярности события, начинает вмешиваться, создавая хаос. В попытке сохранить лицо и не упасть в грязь, он сталкивается с абсурдными ситуациями, где каждый жест кажется нелепым, а смех — единственное, что спасает от паники.",1
2208,"Молодой иммигрант приезжает в новую страну, чтобы начать новую жизнь, но его ждёт тяжёлая болезнь и холодное приветствие в незнакомом городе. В тишине подъезда и тени подвальных лестниц он ищет путь к принятию, вспоминая о доме, который остался позади. Надежда манит, как свет в конце туннеля, даже когда шаги кажутся бесконечными.",2
2209,"В условиях хаоса и угрозы смерти он должен найти способ выжить, несмотря на давление со стороны властей. Сражение за выживание происходит в условиях ураганного шторма на заброшенной военной базе, где каждая секунда становится критичной. Его выбор между личной безопасностью и выполнением миссии поднимает вопросы о предательстве и верности.",0
2210,"Он ведет группу профессионалов через хаос, чтобы спасти ученого, чьи исследования угрожают разрушить всё. В тумане падающей платформы и тени коррумпированных властей его мотивация сталкивается с собственными переживаниями прошлого, которые превращают миссию в личную войну.",0
2211,"Мэр маленького городка случайно попадает в центр внимания после того, как его ошибочно идентифицируют как знаменитость. В попытке справиться с непредвиденными обстоятельствами он вовлечён в цепочку смешных казусов, вплетаясь в съёмки местного телевизионного шоу. Его неловкость и усилия сохранить достоинство создают ситуацию, которая наполняет каждый момент иронией и неповторимым душевным теплом.",1
2212,"Импульсивный студент, уверенный в своей привлекательности, втягивается в ложную связь, чтобы завоевать внимание местной красавицы, но его планы рушатся на непредсказуемом фестивале, где каждая минута становится катастрофой в стиле абсурда. Его самоуверенность сталкивается с хаосом, когда мнимая романтика превращается в публичную трагедию, а сердце начинает сомневаться в собственных убеждениях.",1
2213,"После увольнения из разведки офицер возвращается к прошлому, чтобы разоблачить тайную сеть, угрожающую его бывшим коллегам. В заброшенной военной базе он сталкивается с вооруженными мечниками, которые не только угрожают его жизни, но и разрушают остатки доверия, оставшегося после предательства.",0
2214,"Он — бывший актер, который потерял веру в себя и теперь вынужден собрать семью на летнем лагере, чтобы исправить прошлые ошибки. Вместо уютного воссоединения начинается хаос: нелепые ситуации, непредвиденные гости и вирусный хайп, который делает его жизнь неожиданно популярной. В смешных приключениях он находит не только смех, но и шанс переосмыслить свои мечты.",1
2215,"В прошлом он торговал запрещенными товарами, но теперь его мотивирует не жадность, а ужас перед неудачей. Он проникает в секретный комплекс, где исчезла экспедиция, и сталкивается с беспощадными системами наблюдения, которые не дают ему дышать. Каждый шаг — битва между решимостью и трепетом, когда время утекает, а правда прячется за сталью и кодом.",0
2216,"В тени разрушающейся платформы одинокий охранник бьется за выживание, сталкиваясь с тайной, которая связана с его прошлым. Его путь преследуют не только враги, но и собственные страхи, которые мешают разобраться в хаосе. Каждый шаг — бой за время, а сердце колотится под грузом несправедливости, которую он не может оставить без ответа.",0
2217,"В тесном подъезде старого жилого дома, где каждый шаг эхом отражается в сердце, молодой рабочий сталкивается с пробуждением старых обид и тайных надежд. Пытаясь восстановить разрушенные отношения, он вынужден пересмотреть свои выборы и ценности в условиях постоянного напряжения соседей и собственных сомнений. Каждый день становится напоминанием о том, что даже в самых плотных пространствах можно найти место для искупления и понимания.",2
2218,"Он возвращается к прошлому, чтобы исправить ошибки, но каждый шаг превращается в битву за выживание. Внутри секретного комплекса, где каждая стена охраняется огнём, его страх провала сталкивается с неизбежной реальностью.",0
2219,"В узком пространстве жилого комплекса средневековый писатель борется с собственными сомнениями, пытаясь спасти близкого человека. Его карьера рушится, а в доме гремит постоянный шум, но в каждом вздохе скрывается нежность к тем, кто остается. В тишине разговоров и тяжелых решений чувствуется не только страх, но и тихая надежда на то, что даже в хаосе можно сохранить тепло.",2
2220,"Он бежит по палубе, преслуженный тенями дронов, каждый вздох — это шаг к свободе. Ветер в волосах, соленый воздух, но в сердце — тишина трауматического прошлого, которое не отпускает. Нужно выбраться из этого моря, но тени в небе не дают покоя. В каждой тени — голос прошлого, который шепчет: не сдавайся.",0
2221,"Амбициозный студент, мечтающий стать знаменитостью, случайно становится объектом внимания после того, как его ошибочно принимают за известного личности. Незапланированный вирусный успех вынуждает его пересмотреть свои приоритеты и разобраться, что на самом деле важно в жизни. На фоне школьных коридоров и неожиданных ситуаций он обнаруживает, что настоящая слава — это не вирусные тренды, а искренние моменты, которые остаются с тобой дольше, чем лайки.",1
2222,"Владелец небольшого ресторана в тихом прибрежном селе пытается справиться с личной потерей, но прошлый травматический опыт продолжает мешать ему жить в настоящем. Постепенно он находит силы справляться с болью, но каждый шаг напоминает о неизбежной потере, оставляя в сердце сладкий осадок незабываемых воспоминаний.",2
2223,"Повар с хаотичной жизнью вдруг оказывается в неожиданной ситуации, когда его вынуждают играть роль влюбленного в телевизионном шоу. Чтобы спасти карьеру, он соглашается на ложную романтику, но вскоре в дело вмешивается бегущая собака, которая превращает хаос в настоящий абсурд. В каждой сценической съемке рождается неожиданная глубина, смешанная с непринужденной иронией.",1
2224,"Молодой студент, столкнувшись с неизбежностью, ищет смысл в трудных временах. В реабилитационном центре он сталкивается с собственными ограничениями и мечтами, которые теперь кажутся недостижимыми. В тишине больничных коридоров он пытается найти связь между болью и возможностью начать заново.",2
2225,"В подводном инженере скрывается не только техническая экспертиза, но и жестокая правда, которую он готов вырвать из тени. Скрытые системы наблюдения и тайные лаборатории становятся его врагами, а каждый шаг — битва за выживание. Внутри него борются вера в справедливость и страх потерять то, что связывает его с прошлым.",0
2226,"Молодой адвокат возвращается в умирающий промышленный город, где его прошлое и будущее пересекаются с судьбой обитателей. Он сталкивается с разрушением традиций и несправедливостью, пытаясь найти баланс между правом и человечностью, пока не поймет, что спасение города — это не только дело, но и искупление.",2
2227,"После ухода из спецназа он возвращается в заброшенный пустынный город на границе, где тайна преступной сети ждет раскрытия. Испытывая вину за прошлое, он должен преодолеть разрыв в связях, чтобы разоблачить убийц, но каждый шаг ведет к новым опасностям и внутренним сомнениям.",0
2228,"Молодой амбициозный парень, мечтающий стать знаменитостью, решает запустить собственный бизнес на береговом курорте, несмотря на отсутствие опыта. Его планы осложняются вмешательством близких, которые с увлечением пытаются переправить его в традиционный образ жизни, создавая ситуацию, где реальность и абсурд смешиваются в неожиданных комбинациях.",1
2229,"В отчаянной бегстве от вооруженных врагов, укрывшись в тесном пространстве мегаполиса, герой сталкивается с тяжестью прошлого. Его стремление к свободе противоречит мучительной памяти о предательстве, которое не даёт покоя даже в опасности. Каждый шаг превращается в испытание, где внешняя борьба и внутренний разлад переплетаются в единый поток напряжения.",0
2230,"Он возвращается в горы, где когда-то спасал жизни, чтобы разоблачить тайную сеть, угрожающую всему региону. Снежный лабиринт становится не только препятствием, но и зеркалом его внутренних сомнений — когда доверие рушится, а каждый шаг превращается в битву с собой.",0
2231,"Молодой стартапер получает неожиданное наследие — увядающий аттракционный парк на берегу океана. Попытки спасти проект превращаются в цепочку нелепых ситуаций, где каждый шаг кажется шагом в пропасть. Смешные недоразумения и непонимание между гостями и сотрудниками создают атмосферу, где даже хаос выглядит как лайфхак.",1
2232,"В тесных стенах реабилитационного центра заводской рабочий борется с тоской и нехваткой денег, чтобы спасти своего ребенка от разрушительных последствий прошлого. Его усилия подрываются на каждом шаге, оставляя лишь ощущение беспомощности и тяжелого выбора между настоящим и будущим.",2
2233,"В унылой тишине семейного кафе, где каждый уголок хранит воспоминания, безработный архитектор пытается справиться с болью утраты. Конфликт за будущее заведения заставляет его пересмотреть свои приоритеты, а тихие разговоры клиентов превращаются в путь к исцелению. В каждой чашке кофе — нотка надежды, а в каждом вздохе — отголосок прошлого.",2
2234,"Он уволился с трюков, но не отказался от магии — теперь её приходится использовать, чтобы выкрутить из ситуации. В лагере подростков он попадает в нелепую историю, где каждая случайность превращает его в жертву сценария, который не даст спокойно уйти. Шутки и нелепые повороты вынуждают его пересмотреть понятия любви и самообмана.",1
2235,"Студент, уверенный в себе до предела, пытается скрыть серьезную ошибку, которая привела к неприятной ситуации. Его пытка убежать от правды осложняется убегающим питомцем, который впутывает его в ещё больше неприятностей. В уютном туристическом поселке каждая минута становится драматичной и смешной, где даже нелепые происшествия приобретают глубину и эмоции.",1
2236,"Он возвращается к прошлому, чтобы найти тех, кто исчез в лабиринте секретов и оружия. Напряженные сцены в условиях постоянной угрозы вынуждают его бороться не только с техникой, но и с собственным страхом потерять контроль.",0
2237,"Повар, привыкший к хаосу на кухне, впервые столкнулся с настоящим бедствием — соседом, который превратил подъезд в поле битвы. В условиях шумного резервного отеля и неожиданного соседства всё становится еще сложнее. Его попытки сохранить порядок превращаются в цепочку абсурдных ситуаций, где каждый день — новая история.",1
2238,"В тени переполненного мегаполиса журналист, скрывавшийся под чужим именем, борется за выживание, когда верность команде оказывается хрупкой. С каждым шагом к свободе растет тревога — кто-то из тех, кто держал его в тени, может сорвать план. Внутренний разлад и внешняя опасность смыкаются в тесном пространстве, где каждый выбор становится вопросом жизни или смерти.",0
2239,"Воспоминания о прошлом и жестокость настоящего сталкиваются в тесных улицах гигантского города, где каждый шаг превращается в битву. Он идет к правде, но тени власти и оружие ментеров заставляют пересмотреть свои убеждения. Внутренний разрыв между мстительностью и желанием спасти тех, кто остался в тени, делает его путь жестоким и непредсказуемым.",0
2240,"Скрытый журналист должен предотвратить теракт на тропическом острове, сталкиваясь с дронами и разгадывая тайну, связанную с нерешенной предательством. Его путь пронизан тенями прошлого, где каждый шаг приводит к новым угрозам и внутренним сомнениям. В борьбе за выживание он сталкивается с не только внешними врагами, но и собственными страхами, что делает каждый момент напряженным и тревожным.",0
2241,"Неловкий курьер, привыкший к хаосу доставок, оказывается в центре абсурдного соревновательного формата, где каждая ошибка превращается в публичный скандал. Его неловкий секрет — скрытый в прошлом, — начинает влиять на его способность выживать, когда в офисе начинает сходить с ума весь коллектив. В хаотичном ритме он пытается сохранить достоинство, но каждый шаг становится еще сложнее.",1
2242,"В опасном путь к спасению ученого, захваченного на тропическом острове, ведет непростой выбор между личными обидами и долгом. Герой, преследуемый тенями прошлого, должен преодолеть ограничения связи и собственную сомнительную мотивацию, чтобы не потерять то, что действительно важно.",0
2243,"Одинокий отец возвращается в отдаленный сельский район, чтобы исправить разрушившиеся отношения с детьми. Воспоминания и непонимание превращаются в тяжелую дорогу к примирению, где каждая встреча наполнена болью и надеждой. В тишине деревни старые обиды сталкиваются с новыми возможностями, раскрывая глубину семейных связей.",2
2244,"В роскошном отеле, где каждый уголок пахнет успехом, одинокий музыкант пытается скрыть катастрофическую ошибку, которая угрожает разрушить его карьеру. Секретная двойная жизнь и непростые отношения с клиентом добавляют напряжения, а ироничные моменты подчеркивают абсурдность ситуации.",1
2245,"Он возвращается к прошлому, чтобы остановить катастрофу, но миссия сталкивается с личными трагедиями. В заброшенной базе он сталкивается с бывшими коллегами, которые не хотят, чтобы он вмешивался. Внутренний конфликт с близким человеком добавляет напряжения, когда каждый шаг может привести к разрушению.",0
2246,"Неловкий курьер, который постоянно теряет пакеты и падает в лифте, случайно попадает в непредсказуемый конкурс, где победитель определяется не по правилам. Вместе с ним в бой вступает завистливый сосед, который пытается испортить ему жизнь, но в офисном хаосе даже непрошеные проблемы превращаются в шанс для неожиданных побед.",1
2247,"В отдалённом пустынном городе на границе герой, в прошлом охранник, борется с виной за прошлые ошибки, пока пытается предотвратить теракт. Его путь пересекается с опасным картелем, чьи планы угрожают всему населению. Каждый шаг наполнен напряжением, а прошлое не даёт покоя, отражаясь в каждом решении.",0
2248,"В тихом горном городке библиотекарь, живя в одиночестве, сталкивается с тяжелым заболеванием, которое заставляет её пересмотреть смысл жизни. Сквозь шепот боли и молчание окружения она ищет связь, оставаясь верной себе и тихим сопротивлением забвению.",2
2249,"Молодой парень, уверенный в своих силах, втягивается в странную игру, где победа зависит от смекалки и удачи. Его семья, не желающая видеть его в неприглядном свете, пытается вмешаться, создавая неловкие ситуации. В центре внимания — торговый центр, где абсурдные правила и непредсказуемые повороты делают каждую минуту напряженной и смешной.",1
2250,"Она, бывшая медсестра, с трудом справляется с воспоминаниями о прошлом, когда потеряла кого-то близкого. Теперь её мотивацией становится защита другого человека, чья жизнь вдруг пересеклась с её собственной. На фоне университетского лагеря, где каждый шаг звучит как шаг в неизбежной судьбе, она сталкивается с внутренними демонами, которые не позволяют ей отпустить прошлое.",2
2251,"В тихом прибрежном поселке, где каждый знает каждую историю, писатель среднего возраста сталкивается с тяжестью ухода за больной матерью. Его внутренние сомнения и борьба с общинной критикой заставляют пересмотреть ценности, которые связывают его с родиной. В тени волн и воспоминаний появляется шанс найти баланс между долгом и надеждой.",2
2252,"Бывший разведчик, разочарованный и изгнанный, пытается уйти с острова, но его путь пересекается с опасным картелем. Пока он борется с врагами, в его сердце растет сомнение, и доверие к тем, кто остался с ним, начинает рушиться.",0
2253,"В бурном море, где шторм разрывает небо, подводный инженер борется с тайной, которая угрожает всему. Его руки трясутся не только от ветра, но и от тени, оставшейся после предательства, которое не дает покоя. В борьбе с врагом и природой он сталкивается с тем, что сам не знает, кто настоящий враг — внешний или внутри.",0
2254,"После неудачного свадебного планирования девушка вдруг стала интернет-звездой, неожиданно оказавшись в центре хаоса и смеха. Вместе с ростом популярности приходит постоянное недопонимание, особенно когда её шутки в комедийном театре перерастают в настоящие катастрофы.",1
2255,"В тихом промышленном городе, где заводы молчат и улицы пустуют, молодой адвокат борется с одиночеством и бедностью, ища смысл в разрушенном мире. Его путь — между пустыми кабинетами и тихими разговорами с людьми, которые забыли, как верить в будущее. В каждом шаге — тень отчаяния, но в глазах героя flickers надежда, что даже в гниющем городе можно найти свет.",2
2256,"В маленьком городке главный герой, уставший от рутины, пытается скрыть огромную ошибку, которая превращает его жизнь в хаос. Его сосед, завидуя его успехам, начинает подтасовки, что превращает обычный офис в центр скандала. Смешные ситуации и неожиданные повороты делают каждый день приключением, наполненным юмором и добротой.",1
2257,"Молодой студент, убежденный в своей непогрешимости, случайно ввязывается в нелепую ситуацию: чтобы угодить родителям, он вынужден выйти замуж за девушку, которую не любит. В хаотичном мире торгового центра его самоуверенность сталкивается с непредсказуемыми поворотами, а семейные ожидания превращают романтику в квест с неожиданными последствиями.",1
2258,"В условиях строгого контроля и ограниченного доступа к информации детектив, разбирающийся в цифровых преступлениях, пытается раскрыть масштабную сеть, которая связана с его личной трагедией. Каждый шаг в тенистом коридоре исследовательского центра становится битвой не только с врагом, но и с собственными страхами, которые тянут его обратно в прошлое.",0
2259,"Уверенный в себе студент случайно вовлекается в странный локальный фестиваль, который превращает его жизнь в хаос. Секретная двойная жизнь участников и неожиданные повороты в телевизионной студии заставляют его пересмотреть свои убеждения. В хаотичной суете он обнаруживает, что даже самая уверенная уверенность может привести к непредсказуемым последствиям.",1
2260,"Амбициозный блогер, стремящийся к славе, случайно вовлекается в странный местный фестиваль, который превращает его офис в хаотичное пространство несоответствий и непонимания. Каждый шаг превращается в комический квест, где мешки с едой и неожиданные гости создают непрекращающийся поток смеха и разочарований. В итоге он понимает, что настоящий успех — это не миллионы подписчиков, а умение находить смех в хаосе.",1
2261,"Писатель среднего возраста, потерявший веру в свои таланты, приезжает в тихое сельское селение, где его ждут неожиданные вызовы. В борьбе между старыми убеждениями и стремлением к переменам он сталкивается с непониманием молодежи, которая видит в его опыте лишь препятствие. Каждый шаг превращается в испытание, где искренность и жестокость сталкиваются в тишине, оставляя следы на душе.",2
2262,"Писатель, потерявший веру в свои таланты, приезжает в тихую сельскую глушь, где ожидает встречи с неожиданными испытаниями. В отдалении от шума города он сталкивается с внутренними боями, но в простоте жизни находит возможность переосмыслить свою ценность. Каждый шаг превращается в испытание, а тишина — в зеркало, отражающее его скрытые страхи и надежды.",2
2263,"Молодой студент, переживший тяжелое прошлое, приезжает в тихое прибрежное село, чтобы найти утешение в тишине и сокрыть боль. Однако каждый шаг к исцелению приводит его к воспоминаниям, которые не позволяют забыть, что некоторые раны не заживают, а просто покрываются песком.",2
2264,"Юноша, уверенный в своей безупречности, случайно становится лицом местного телеканала, что превращает его жизнь в хаос. Его сосед, завидуя резкому росту популярности, начинает вмешиваться в происходящее, создавая нелепые ситуации. В попытке сохранить лицо и избежать скандалов герой вынужден играть роль, которую не выбирал, но в процессе обнаруживает, что смешные обстоятельства могут привести к неожиданной искренности.",1
2265,"Он возвращается в заброшенный комплекс, где скрывается правда о коррупции, которую когда-то сам вынудил замолчать. Технические навыки и мотивация искупить прошлое сталкиваются с предательством тех, кто обещал верность. В тени разрушенных стен каждая минута становится битвой между честностью и страхом потерять всё.",0
2266,"Молодой музыкант, борющийся за признание, случайно наследует унылый аттракционный парк, который больше не выдерживает веса времени. В попытке спасти проект он сталкивается с непредсказуемыми событиями, заставляющими пересмотреть смысл успеха и связи с людьми. В хаотичном офисе, заполненном шумом и смехом, каждый день превращается в новый вызов, где смешное и трогательное переплетаются как ноты в неожиданной мелодии.",1
2267,"Новый детектив впервые оказывается в центре опасной операции, когда его просят спасти ученого, похищенного на грузовом судне в открытом море. С каждым шагом он сталкивается с техническими сложностями и личными разногласиями, которые заставляют его пересмотреть свои убеждения и ценности.",0
2268,"Он возвращается в тени прошлого, где каждый шаг превращается в битву с собственными шрамами. В пустынном городке, окружённом угрозой войны, его миссия — отыскать украденные документы, но врагом оказывается не только внешний, а та боль, что не даёт спать. Время уходит, а выбор между прошлым и настоящим становится смертельным.",0
2269,"После провала миссии и потери доверия коллег, разгневанный разведчик отправляется в пустыню, где исчезла экспедиция. В одиночку он сталкивается с вооруженными бандами, которые скрывают правду. Его страх неудачи и мучительная сомнительность в себе становятся главным препятствием на пути к правде.",0
2270,"Серый шторм бушует над океаном, а на корабле в тесном пространстве бьётся с собой лидер отрядов — человек, привыкший к риску, но теперь сжимает руки от страха перед провалом. Его план спастись из изолированной зоны превращается в гонку с технологиями, которые не дают ему дышать. Каждый шаг — это битва не только с машинами, но и с собственным страхом потерять контроль.",0
2271,"Молодой студент, балансирующий между учебой и заботой о больной матери, оказывается в реабилитационном центре, где сталкивается с тяжелым прошлым. В тишине палаты и шуме машин он пытается разобраться в собственных сомнениях, а каждый день становится напоминанием о том, что некоторые раны не заживают.",2
2272,"Незадачливый бухгалтер попадает в неожиданную ситуацию, когда случайно вовлекается в странный местный фестиваль, проходящий в летнем лагере. Попытки справиться с хаосом усугубляются убегающим питомцем, который превращает обычный отдых в незабываемую смесь смеха и непредсказуемых поворотов. В итоге герою приходится пересмотреть свои приоритеты, пока неясно, что важнее — работа или незабываемые моменты.",1
2273,"Возвращаясь в замерзший промышленный порт, герой сталкивается с тьмой, где тени скрывают убийц. Его вина за прошлые ошибки превращает каждый шаг в битву с собой, а холодный ветер сушит не только кожу, но и остатки веры в справедливость. В тишине улиц, окутанных льдом, он ищет не только пропавших, но и возможность искупить прошлое.",0
2274,"Юный иммигрант, прибывший в новую страну, сталкивается с трудностями, пытаясь спасти семейный кофейня. Его усилия подрываются неудачами в карьере, но вдохновение возрождается в уютных атмосферах заведения, где прошлое и настоящее переплетаются. Надежда на будущее становится крепче, когда он учится ценить не только бизнес, но и связь с родными.",2
2275,"Амбициозный блогер, стремящийся к славе, случайно попадает в странный локальный фестиваль, который превращает обычный торговый центр в хаотичный спектакль. В попытке увлечь аудиторию и найти потерянного питомца, он сталкивается с непредсказуемыми ситуациями, где каждый поворот становится новым поводом для смеха и неожиданных открытий.",1
2276,"Вертолетный пилот борется с внутренним стрессом, когда в горах, затопленных снегом, ему приходится спасать жизнь ключевого свидетеля, угрожаемого вооруженными бандами. Давление со стороны властей заставляет его выбирать между выполнением приказов и сохранением чести, а каждый момент напряженного полета становится испытанием его веры в справедливость.",0
2277,"Ретирнутый маг, получивший в наследство умирающий аттракционный парк, пытается спасти его, но его волшебные трюки вызывают хаос в роскошном отеле, где все ожидают порядка. Попытки совместить магию с бизнесом приводят к непредсказуемым поворотам, смешным недоразумениям и незабываемым эмоциям.",1
2278,"Бывший маг, уставший от тайн колдовства, решает открыть магазин сувениров в тихом курортном городе, но его непрофессиональные шутки и неловкие попытки впечатлить клиентов приводят к хаосу. Секретная двойная жизнь, которую он скрывает, начинает влиять на его новую реальность, заставляя выбирать между искренностью и спасением от собственного прошлого.",1
2279,"Педагог с трудностями в общении попадает в странный конкурс, который заставляет его выступать перед студентами в условиях полного хаоса. Семья, не понимая абсурда ситуации, вмешивается с неожиданными советами, усиливая его внутренний конфликт. Время от времени вспыхивающие смех и нелепые моменты раскрывают его скрытую способность к жизни, даже если это происходит в самый неподходящий момент.",1
2280,"В безработном архитекторе, увязшем в пыльных улицах разрушающегося промышленного города, вспыхивает искра надежды. Он пытается спасти заброшенное здание, но столкнувшись с непримиримым родителем, понимает, что его мечты — это не просто проекты, а битва за смысл жизни. Меланхоличные пейзажи и тихие конфликты подчеркивают разрыв между прошлым и будущим, оставляя в сердце ощущение неизбежного ухода.",2
2281,"В тени гигантских небоскребов мегаполиса лидер отряда бойцов бьется за каждую секунду, чтобы остановить катастрофу. Его руки трясутся не от страха, а от желания искупить прошлое, но технологии противостоят ему с неожиданной жестокостью. В хаосе теней и светодиодных огней он узнает, что даже победа не гарантирует покоя.",0
2282,"Средневековый писатель, разорвавший связь с семьей, возвращается в отдалённое сельское село, чтобы искупить прошлое. Погружаясь в тишину и воспоминания, он сталкивается с тенями прошлых обид, но в уединении находит путь к примирению. В каждом вздохе природы и каждом слове, которое он пишет, появляется надежда на новый старт.",2
2283,"Молодой студент, прибывший в новую город, сталкивается с трудностями адаптации, оставаясь погруженным в неисследованную боль прошлого. В реабилитационном центре, где тишина сопровождает каждую мысль, его путь к восстановлению становится испытанием на прочность души. Сквозь обрывки воспоминаний и неуверенность в будущем, он ищет способ не потерять себя в этом новом мире.",2
2284,"Анна, неуверенная в себе учительница, попадает в странный конкурс на летней станции. Её скрытая жизнь и абсурдные правила осложняют ситуацию. Когда всё становится слишком запутанным, она узнаёт, что настоящая борьба — внутри себя.",1
2285,"В тесном пространстве корабля, где волны бьют по борту, одинокий детектив бьётся за жизнь свидетеля, чья информация может изменить ход преступлений. Недостаток ресурсов и разрушительные волны океана не дают ему передышки, а разрыв доверия с коллегой заставляет сомневаться в каждом шаге.",0
2286,"Писатель, осужденный за прошлое, приходит в реабилитационный центр, где сталкивается с собственными демонами и попытками искупить вину. В тишине и уединении он сталкивается с людьми, чьи судьбы переплетаются с его, и начинает осознавать, что прощение — это не конец, а начало долгого пути.",2
2287,"Молодой стартапер, убежденный в своей инновационности, случайно втягивается в странный фестиваль на кампусе, где традиции переплетаются с абсурдом. Его соперник — амбициозный студент, готовый на любые жестокие манипуляции, чтобы выиграть внимание жюри. В хаосе конкурсов и нелепых ритуалов он обнаруживает, что смешные ситуации могут привести к неожиданному пониманию.",1
2288,"Организатор свадьб, привыкший к хаосу, вдруг оказывается в непрерывном калейдоскопе событий, где каждый день — это новый вызов. Его неожиданно вспыхивающая вражда с амбициозным конкурентом превращает простую работу в абсурдный спектакль, где даже магазины торгового центра становятся полем битвы. В хаотичном ритме появляются неожиданные повороты, которые заставляют пересмотреть понятия успеха и устойчивости.",1
2289,"В центре повествования – владелец ресторана, который пытается восстановить разрушенные отношения в переполненном жилом комплексе, где незажитое горе сталкивается с новыми возможностями. Каждый шаг к прошлому наполнен тишиной и нерешенными вопросами, но в сердце ощущается тихая надежда на примирение.",2
2290,"Спешащий организатор свадьбы в роскошном отеле борется с непредвиденными последствиями своей нелепой ошибки, пытаясь спрятать трагедию за маской улыбки. Каждый поворот сюжета становится всё более абсурдным, когда случайное видео о его провале заражает интернет. В хаосе смеха и неожиданных связях рождается искренность, которая переворачивает планы на свадьбе.",1
2291,"В ледяном мраке промышленного порта бывший пожарный бежит от охоты, которая переворачивает его жизнь. Его путь пересекается с вооруженными преследователями, чьи действия заставляют его пересмотреть свои убеждения и страх неудачи. Каждый шаг — битва не только за выживание, но и за то, чтобы не потерять себя в бездне страха.",0
2292,"В тихом прибрежном поселке, где каждый знает каждую историю, заводской рабочий пытается восстановить разрушенные отношения, сталкиваясь с напряженностью, вызванной конфликтом в сообществе. В тени моря и шума производства скрывается тайна, которая связывает его прошлое с будущим, и каждый шаг к примирению наполнен надеждой и болью.",2
2293,"Фабричный рабочий, разрывающийся между прошлым и настоящим, пытается искупить свою вину, но тяжесть прошлых ошибок тянет его обратно в пропасть. В переполненном жилом комплексе, где каждый шаг напоминает о прошлом, он ищет способ загладить отношения, но путь к прощению осложняется тенью собственных страшных воспоминаний. В тишине улиц и шуме соседей он находит немного надежды, но цена искупления кажется высокой.",2
2294,"Пилот вертолета сталкивается с критической ситуацией, когда его миссия остановить опасную схему осложняется предательством в команде. В условиях обрушивающейся платформы он должен преодолеть внутренние сомнения и разрушить план, не теряя веру в себя и коллег. Эмоции подогреваются страхом и неопределенностью, создавая напряженную атмосферу.",0
2295,"В тихом прибрежном городке библиотекарь, потерявший близкого человека, борется с неисправленной болью. Его путь к исцелению ведет через встречи с соседями, которые помогают раскрыть скрытые смыслы жизни. В каждом вздохе моря и каждом взгляде на книги он находит фрагменты своего нового предназначения.",2
2296,"В тихой атмосфере университета молодой музыкант борется с собственными сомнениями и страхом за будущее близкого человека. Его битва за защиту любимого сталкивается с непониманием поколений, где талант и искренность сталкиваются с традициями и ожиданиями. Каждая нота становится метафорой разрыва между мечтой и реальностью, оставляя глубокий след в сердце.",2
2297,"Учитель, привыкший к хаосу урока, оказывается в неловком положении, когда его вынуждают сыграть роль влюбленного в баре на берегу моря. Секретная двойная жизнь соседа-бизнесмена добавляет сложности, заставляя его сомневаться в своих чувствах и манерах. В каждой встрече — смесь смеха, неловкости и неожиданных откровений, которые переплетаются с воспоминаниями о прошлом.",1
2298,"В уединенных горах охота за пропавшими учеными превращается в ловушку для души. Герой, привыкший к хаосу спасения, теперь сталкивается с тайной, которая разрушает доверие и раскрывает его собственную вину. В тени секретного центра каждое движение — это битва между прошлым и настоящим, где правда может обернуться катастрофой.",0
2299,"На руинах нефтяной платформы в бурном море остался один человек, который должен остановить теракт, который может уничтожить целый район. Его прошлое — травма, оставившая шрамы на душе, сталкивается с настоящим, где каждая секунда — битва за выживание. В тумане опасности он ищет не только врага, но и ответ за те, кто остался без защиты.",0
2300,"Амбициозный организатор свадьбы, привыкший к хаосу, решает переехать в старую квартиру на берегу моря. Но вместо уюта ждут родственники, которые не хотят отступать, и внезапные приключения на пляже. Смешные столкновения и непредвиденные обстоятельства превращают простой переезд в незабываемую историю о любви, дружбе и том, как хаос может превратиться в уют.",1
2301,"После случайного прокола на работе он вдруг стал героем интернета. Теперь ему приходится справляться с агрессивным конкурентом, который не жалеет ни сил, ни репутации. В роскошном отеле каждый момент превращается в драматичный эпизод, где искренность теряет значение, а слава — цену.",1
2302,"Мэр маленького городка случайно втягивается в странный локальный фестиваль, где каждая деталь превращается в спор между ним и амбициозным конкурентом. В условиях телевизионного студии, где реальность и выдумки смешиваются, он вынужден балансировать между обязанностями и абсурдом, который превращает обычные праздники в хаотичную сцену.",1
2303,"Пенсионер-маг, привыкший к аплодисментам и загадкам, получает в наследство увядший амusement-парк, который вряд ли когда-либо вернётся к былой славе. В попытках спасти проект он сталкивается с непредвиденными обстоятельствами: родственники, не желающие отступать, вмешиваются в дела, а комьюнити-театр становится местом, где неловкость и смешные провалы превращаются в неожиданные повороты.",1
2304,"Мэр маленького городка, привыкший к порядку, вдруг оказывается в тесной, шумной квартире, где каждый день — это новая история. Его сосед, завидуя его статусу, начинает вмешиваться в его жизнь, что превращает утренние кофе-брейки в спектакли. Вместе с этим он случайно попадает в локальную телестудию, где его неожиданная харизма становится причиной кучи смешных ситуаций.",1
2305,"В условиях хаоса городского упадка ведущий расследование по цифровым преступлениям сталкивается с непростым выбором — защитить ключевого свидетеля, который может изменить ход войны. Под землей, среди разрушенных тоннелей, он борется не только с врагами, но и с собственными сомнениями, когда давление властей заставляет его пересмотреть свои убеждения.",0
2306,"Повар-хаотик, пытаясь спрятать кулинарную катастрофу, ввязывается в нелепую историю с завистливым соседом, который не жалеет усилий, чтобы уничтожить его репутацию. В хаотичном коллегиуме смешные ситуации переплетаются с непростыми отношениями, а каждый поворот сюжета добавляет драматизма и иронии.",1
2307,"Он преследует тени, скрывающиеся за границей, но вражеские танки уже приближаются к острову. Каждый шаг становится битвой между верой в правду и страхом, что все привело к этому. Тени, которые он пытается разоблачить, начинают казаться частью той же сети, что удерживает его в тумане.",0
2308,"В условиях хаотичного мегаполиса, где каждый уголок скрывает тени, телохранитель ввязывается в преследование тайной, уходящей корнями в подполье. Его путь осложняется не только угрозами, но и разрывом, который оставляет после себя не только следы, но и нерешенные вопросы. В битве за правду он сталкивается с собственными страхами, превращая каждую минуту в испытание веры в себя.",0
2309,"В холодном промышленном порту, где лед касается костей, лидер банды охотников защищает последнее остаток веры в систему, которая оказалась вовлечена в тайный хаос. Когда тени тайн начинают разрушать его связь с командой, он сталкивается с таинственным убийцей, чьи действия заставляют его пересмотреть ценность доверия и собственной морали.",0
2310,"В тихом прибрежном поселке молодая учительница, потерявшая мужа, пытается восстановить разрушенные отношения с дочерью, сталкиваясь с давлением соседей и собственными сомнениями. В поисках утешения она находит силы смотреть в лицо прошлому и верить в будущее, которое может быть не таким уж тусклым.",2
2311,"В тесных проходах подземных тоннелей преследуют не только враги, но и собственные сомнения. Главный герой, разгадывая сложную схему, сталкивается с грозой, которая разрушает не только стены, но и его уверенность. В тени молнии всплывают воспоминания о прошлых провалах, заставляя пересмотреть выбор, который определяет судьбу всех — включая свою.",0
2312,"В мраке замерзшего промышленного порта международный курьер бежит от вооруженных охотников, преследующих его за тайную доставку. Его путь — не просто спасение, а попытка искупить прошлое, оставшееся в памяти как тень. Каждый шаг превращается в битву между страхом и желанием начать заново.",0
2313,"Он возвращается к прошлому, чтобы исправить ошибки, которые когда-то привели к трагедии. В напряженной обстановке высокозащищенного центра, где ученого похитили, он сталкивается с вооруженными противниками, но внутри борется с виной и страхом повторения прошлого. Каждый шаг — это битва между надеждой на искупление и тенью прошлых промахов.",0
2314,"Учитель, страдающий от социальной неуверенности, решает открыть бизнес в подростковом центре, но его неловкие попытки увлечь клиентов превращаются в хаос. Семья, не желающая отпускать его из виду, вмешивается с неожиданными последствиями, смешивая личные амбиции с коммерческими рисками. В тени магазинов и лайтовых вывесок он учится не только продавать, но и понимать, что иногда даже ошибки могут стать началом чего-то нового.",1
2315,"Молодой адвокат возвращается в умирающий промышленный город, чтобы позаботиться о тяжелобольном отце. Встречая сопротивление и непонимание, он сталкивается с разрывом между поколениями, где старые устои сталкиваются с новыми реалиями. В напряженной атмосфере он пытается найти баланс между долгом и собственными убеждениями, оставаясь верным себе и близким.",2
2316,"Пограничный офицер ввязывается в смертельную гонку за пропавшую экспедицию, оставшуюся на рушащейся нефтяной платформе. Его путь пересекается с лицами, чьи мотивы скрыты за маской вежливости, и каждый шаг превращается в испытание веры в себя и других. В тумане нефтяных башен и гулких турбин оставляется не только след от борьбы, но и тень разочарования, которое не оставляет покоя.",0
2317,"Одинокий архитектор, потерявший работу, находит утешение в уютном семейном кафе, где каждый день сталкивается с тишиной и непониманием. Его попытки обрести связь с людьми разрушаются давлением окружения, но в глазах прохожих и тихих разговорах он начинает видеть отражение собственной души.",2
2318,"В переполненном мегасити, где каждый шаг превращается в бой, молодой детектив впервые сталкивается с невероятным испытанием. Спасая ученого, захваченного вооруженными морскими пехотинцами, он сталкивается с давлением властей, которые требуют скорости и жесткости. Внутренний конфликт между верой в себя и страхом ошибки превращает каждую минуту в азартную игру, где жизнь — единственный ставка.",0
2319,"Международный курьер ввязывается в опасную миссию, чтобы вернуть украденные документы, но сильный шторм и угрозы с обеих сторон превращают её в нечто непредсказуемое. Он борется не только с внешними угрозами, но и с внутренним конфликтом — давлением властей, которые требуют жестоких решений. Каждый шаг становится выбором между личной ответственностью и безжалостной реальностью.",0
2320,"Главный герой, привыкший к безупречному порядку на свадьбах, оказывается в ловушке непредсказуемой квартиры, где каждый уголок напоминает о хаосе. Семья, которая не отпускает его в покой, заставляет его пересмотреть приоритеты, а попытки организовать праздник в торговый центр превращаются в неловкие сценарии, где каждый момент кажется напряженным и непредсказуемым.",1
2321,"Новый детектив, только что прибывший на работу, получает задачу, которая выходит за рамки его опыта. Нужно защитить ключевого свидетеля, который находится на борту грузового судна, где опасный картель готов поймать его в ловушку. Страх провала преследует его на каждом шагу, но он знает, что его жизнь и судьба других зависят от его решимости.",0
2322,"Воспоминания о прошлом и тяжесть настоящего сталкиваются в душе бывшего спортсмена, который возвращается в реабилитационный центр, чтобы ухаживать за больной матерью. В тишине кабинета и шуме аппаратур поднимается вопрос о границах сил, когда тело и дух сталкиваются с неизбежностью. Здесь каждая минута — баланс между заботой и собственной болью, где прощание и надежда танцуют в тени.",2
2323,"Владелец уютного ресторана в тихом горном поселке чувствует, как его жизнь теряет смысл, пока его сын отвергает традиции и мечтает уйти в большой мир. В борьбе между старыми устоями и новыми идеями скрывается не только разногласие поколений, но и глубокая боль утраты. В тишине гор и вспоминаниях прошлого он ищет путь, который соединит прошлое с будущим, не теряя себя.",2
2324,"В тихом углу университета, где звучат тусклые эхо прошлого, одинокий рабочий заводского цеха пытается найти связь в мире, который отвергает его. Его усилия превращаются в тяжелую борьбу с давлением окружения, где каждый шаг — это битва за право существовать. В холоде стен и шума лекций скрывается глубокая боль, но в глазах героини — искра надежды, что даже в одиночестве можно обрести истинное чувство.",2
2325,"Одинокий отец, разрывающийся между воспитанием сына и собственными ошибками, возвращается в центр реабилитации, где жестокие правила и осуждение соседей не прощают его прошлые промахи. Его путь к искуплению превращается в тяжелое путешествие через собственное прошлое и непростые отношения с сыном, чья жизнь теперь зависит от его способности вернуть доверие.",2
2326,"В бурном море, где рушится нефтяная платформа, одинокий бывший пожарный борется за жизнь и честь. Его страх провала преследует, как тень, но в глазах — огонь, который не угаснет. Нужно спасти свидетеля, пока за спиной не завалит обломками морской глубины.",0
2327,"В тихом пригородном районе владелец ресторана сталкивается с тяжестью прошлого, разрушающего его отношения. Попытки восстановить связь с близким человеком превращаются в тонкую игру между прошлым и настоящим, где каждый жест — это битва за прощение.",2
2328,"В тихой горной деревне библиотекарь, заботящаяся о больной матери, сталкивается с тайной предательства, которая разрушает её уверенность в людях. Скрупулёзная рутинная жизнь вдруг превращается в тяжёлый тест на верность и выбор, где каждая минута тянет к развязке, а эмоции сгорают в тишине.",2
2329,"В отчаянии отставной спецназовец возвращается в подземный лабиринт, где скрывается правда о коррупции в власти. Его путь преслуживают тени прошлого и неутолимое давление изнутри, заставляя выбирать между молчанием и разоблачением. В тесных проходах метро каждое движение становится шагом к развязке, где правда может обернуться гибелью.",0
2330,"В отдаленном пустынном городе на границе одинокий офицер патрулирования сталкивается с неожиданной задачей — спасти ученого, похищенного вооруженными бандами. В погоне за ними он сталкивается с собственными разрывами прошлого, когда тень предательства, оставшегося без ответа, преследует каждый шаг.",0
2331,"Он ухаживает за детьми, но не может найти себе место в жизни. Студенты и преподаватели университета становятся его неожиданным спутником в поиске нового смысла. Каждый день — это битва за будущее, где надежда и разочарование переплетаются в тихой борьбе за простой, но важный смысл существования.",2
2332,"В тихом кафе, унаследованном от семьи, бывшая медсестра борется с одиночеством и бедностью, находит в рутине немного тепла, но не уверенность в будущем. Ее руки, привычные к помощи другим, теперь тянутся к чашке кофе, а не к спасению. В каждом вздохе — тоска по утраченным связям и молчаливые вопросы, которые не решаются даже среди шума завтрака.",2
2333,"Писатель среднего возраста возвращается в родной город, чтобы разобраться с прошлым и попытаться восстановить связь с семьей. В семейном кафе, где время остановилось, он сталкивается с непростым наследием, которое разделяет поколения. Напряженная атмосфера и тихие столкновения между старым и новым диктуют ход размышлений, пронизанных болью и надеждой на примирение.",2
2334,"В тихом прибрежном поселении владелец ресторана борется с тяжестью заботы о больной матери, пока неизбежные расходы подрывают его усилия. Каждый день становится битвой между долгом и надеждой, а морской ветер несёт тень над его решимостью. В тишине волн скрывается борьба за сохранение доброты и будущего.",2
2335,"Старый маг, ушедший из профессии, теперь живет в тихом туристическом городке, где его прошлый статус превращает в неловкую тему разговоров. Чтобы избежать скандала, он вынужден придумать фейковую связь, но его секрет — скрытая трагедия прошлого — начинает выходить из-под контроля. В смешных и неловких ситуациях он пытается сохранить лицо, но каждый шаг приносит новые повороты, которые заставляют его пересмотреть свои убеждения.",1
2336,"В теневом мире мегаполиса международный курьер втягивается в тайну, которая может разрушить систему. Его миссия — раскрыть коррупцию, но каждый шаг преслугает тень загадочного убийцы, чьи действия заставляют его сомневаться в собственной решимости. В хаотичном городе, где каждая улица пропитана страхом, он борется не только с врагом, но и с угрозой потерять контроль над своей жизнью.",0
2337,"Мэр маленького города случайно попадает в вирусный момент, превращаясь в интернет-звезду, но не готов к непредвиденным последствиям. В хаотичном офисе он пытается совместить скромную жизнь и секретную двойную идентичность, сталкиваясь с смешными и непредсказуемыми ситуациями. Его борьба между реальностью и виртуальным успехом наполняет каждый день неожиданными поворотами и непринужденным юмором.",1
2338,"В снежных горах, где связь прервана, бывший пожарный ищет украденные документы, не зная, кто стоит за этим. Его путь пересекается с тенью прошлого — братом, который теперь мешает ему дышать. Каждый шаг в ледяной тишине становится испытанием, где страх и ненависть сражаются с остатками веры в себя.",0
2339,"В пустынном приграничном городке, окружённом тенями прошлого, герой — охранник — борется за выживание, когда вихрь войны угрожает разрушить всё. Его путь пронизан страхом провала, но в каждом шаге — бой за контроль над собственной судьбой.",0
2340,"Он вырвался из тюрьмы, но теперь его преследуют не только враги. Чтобы спасти свидетеля, который может разрушить преступную империю, ему приходится действовать в одиночку, в условиях, где связь прерывается на каждом шагу. Замерзший порт становится ловушкой, где прошлое и настоящее переплетаются в борьбе за выживание. Тени прошлого не отпускают, а каждый шаг превращается в битву с собственными страхами.",0
2341,"Новый детектив, только что прибывший на место, сталкивается с невероятной задачей: спасти ученого, захваченного в ловушку в секретном комплексе. Его путь преследует тень загадочного убийцы, который манипулирует реальностью, а давление со стороны властей заставляет сомневаться в собственных решениях. В каждой секунде — баланс между верой в себя и страхом потерять контроль.",0
2342,"Рушащаяся нефтяная платформа становится ареной для последней битвы циберрасследователя, который в одиночку борется с тайной, которую скрывает преступная сеть. Ограниченная связь и разрушающаяся инфраструктура не дают ему покоя, но в тени киберпреступлений таится нерешенная предательство, которое может разрушить не только его миссию, но и его самооценку.",0
2343,"Бывший спортсмен, привыкший к дисциплине и силе, теперь сталкивается с тяжелым выбором: работать на кампусе, чтобы приносить деньги, или ухаживать за больной матерью. Каждый день наполнен тяжестью не только физического труда, но и морального давления. В тишине университетских коридоров он ищет силы, чтобы не потерять себя, но тень прошлого и бремя настоящего сжимают его душу.",2
2344,"Он убегает, но не от врага — от собственного прошлого, которое преследует его на каждом шагу. В бешеном танце с смертью на обрушивающейся платформе он сталкивается с лицами, которые когда-то верили в него, теперь же молчат за спиной. Каждый удар, каждый крик — напоминание о том, что даже в одиночку невозможно выжить, если не научиться верить в себя снова.",0
2345,"В снежных горах, где путь к спасению преграждает ледяной панцирь, пилот вертолета бросает все силы в спасение ученого, захваченного незнакомцем. Каждый виток винта и шаг по обледенелой тропе напряжен, а внутри — битва с собственными страхами и обидой, которые разрывают связь с родной семьей.",0
2346,"Выйдя из тюрьмы, бывший заключенный должен остановить катастрофу, которая угрожает тысячам жизней. В заброшенном военном комплексе он сталкивается с таинственным убийцей, чьи действия ведут к хаосу. Внутренний конфликт, вызванный неисполненной местью, заставляет его пересмотреть свои цели и ценности, когда судьба его и врага переплетаются в опасной игре выживания.",0
2347,"Он возвращается в таинственную горную область, где снег затянул все следы, чтобы разоблачить тайную сеть, укрытую в тени коррупции. Его путь преследует не только враги, но и собственные сомнения, оставшиеся после прошлых провалов, которые теперь снова ведут к краху.",0
2348,"Неуклюжий курьер, привыкший к рутине, вдруг получает непростое задание — переехать в хаотичный дом, где каждая деталь становится причиной неприятных ситуаций. В переполненном офисном здании он сталкивается с абсурдными недоразумениями, которые заставляют его пересмотреть свои приоритеты и найти баланс между хаосом и порядком.",1
2349,"Он возвращается в горы, где однажды потерял веру, чтобы найти тех, кто исчез в снежном мраке. Коррумпированные власти и стихия не дают ему покоя, но в каждом шаге он ищет шанс исправить прошлые ошибки.",0
2350,"Молодой адвокат возвращается в тихую горную деревню, чтобы ухаживать за больной матерью. В одиночку несущая ответственность, он сталкивается с пустотой и страхом потерять то, что считал неотъемлемым. Каждый день — битва между долгом и желанием уйти, но в тишине гор скрывается не только боль, но и тихая надежда на примирение.",2
2351,"В унылых переулках переполненного мегаполиса беглец, отбывающий срок за преступление, ищет способ восстановить украденные документы — единственное, что осталось от его прошлого. Его путь пересекается с лицами, которые не только мешают, но и заставляют пересмотреть свои моральные устои. В каждой сцене — битва не только за выживание, но и за возможность начать заново.",0
2352,"Повар, живущий в хаосе, случайно делает блюдо, которое вызывает вирусную реакцию. Он пытается скрыть ошибку, но ситуация выходит из-под контроля, превращая его нелепые попытки в неожиданный феномен. В промышленном торговом центре его действия переплетаются с иронией и тревогой, создавая смесь смеха и непонятного напряжения.",1
2353,"В стареющем городе, где заводы молчат, доктор, потеряв жену, пытается найти смысл в пустоте. Его руки, привыкшие к операционном столу, теперь дрожат не от хирургического ножа, а от тишины, которая звенит в каждой трещине стен. В тени заброшенных фабрик он сталкивается с тем, что даже боль не может вылечить, когда сердце уже не слушается.",2
2354,"После ухода с работы в больницу, бывшая сестра моргает в уцелевших краях старого промышленного города. Она пытается заботиться о больной матери, но разногласия в восприятии болезни и жизни разрывают их связь. В тишине падающих заводских крыш и грустных взглядов скрывается непростой путь к примирению.",2
2355,"В тесном подъезде старого дома, где шум и запахи кухни переплетаются, владелец кафе борется с болезнью, которая заставляет его пересмотреть ценности. В попытке восстановить связь с семьей он сталкивается с непростыми выборами, где каждый момент наполнен тревогой и нежностью. Сцены из прошлого и настоящего переплетаются, создавая атмосферу, где надежда и боль существуют вместе.",2
2356,"После ухода из мира шоу-бизнеса маг оказался в затруднительном положении, когда наследил руины заброшенного парка развлечений. Попытки спасти его превращаются в хаос, когда случайности начинают действовать как настоящий чародей. В небольшой туристической деревне, где каждый житель знает каждый, его неожиданное возвращение к магии раскрывает скрытые таланты и дарит возможность переосмыслить прошлое.",1
2357,"Амбициозный инфлюенсер, мечтающий о славе, попадает в взрывную ситуацию — неожиданное соревнование в люкс-отеле, где каждая минута превращается в хаос. Его путь осложняется бегущим питомцем, которое не только мешает, но и заставляет пересмотреть свои приоритеты. В смехотворной борьбе за признание рождается неожиданная ирония, смешанная с нотками предательства и искренней нежности.",1
2358,"Субмаринный инженер, разочарованный в прошлом, втягивается в хаотичную борьбу за выживание, когда его вынуждают спасти ключевого свидетеля. В тени заброшенной военной базы он сталкивается с выбором: спасти жизнь или уйти из тьмы, где каждый шаг превращается в битву между прошлым и настоящим.",0
2359,"Когда телохранитель становится свидетелем скандала, он ввязывается в опасную игру, где каждый шаг приводит к новым угрозам. Замерзший промышленный порт становится логистическим узлом, где коррупция таится под маской порядка. Но личная трагедия разрывает его настроение, когда он сталкивается с непростым выбором между долгом и семьёй.",0
2360,"Бывший спецназовец, разочарованный в прошлом, возвращается к прошлым делам, чтобы спасти ученого, захваченного в ловушку. Его путь пересекается с тайным убийцей, который не только охотится за ним, но и пытается уничтожить его миссию. В разрушенной военной базе каждая секунда становится смертельно опасной, а незаконченная предательство заставляет пересмотреть верность себе и прошлому.",0
2361,"В тихом прибрежном поселке трудовой коллектив разбивается под тяжестью упадка. Один из работников, привязанный к заводу, борется с боязнью брошенности, пытаясь спасти умирающую промышленность. Его усилия становятся не только борьбой за бизнес, но и попыткой сохранить связь с местными людьми, чьи судьбы тесно переплетены с историей завода.",2
2362,"После ухода из профессии маг начинает нелепые попытки запустить собственный бизнес, не зная, с чего начать. Его смешные эксперименты на локальном телестудии привлекают внимание завистливого соседа, который пытается уничтожить проект. В хаотичном мире мага и его бывших коллег рождается неожиданная связь, которая перерастает в смешные и трогательные моменты.",1
2363,"Она живет в тесном доме, где каждый звук напоминает о прошлом. Секрет, скрытый за стенами, медленно разрушает ее надежду на будущее. В тишине улицы и шуме соседей она ищет ответы, но каждая встреча приносит новые вопросы.",2
2364,"Он возвращается на тропический остров, где в прошлом провалил задание, которое привело к гибели коллег. Теперь его мотивирует не только спасение ученого, но и желание искупить вину, хотя ограничения связи и хаос острова ставят каждый шаг под угрозу. Время течет, а с каждым шагом в темноте становится яснее — его выбор может изменить всё.",0
2365,"Мэрия маленького городка решает запустить собственный бизнес, но без опыта и с упрямством, которое не оставит ни одного места для ошибок. Вместе с убежавшим питомцем и группой необычных школьников он оказывается в центре непредсказуемых приключений, где каждый день становится новой историей о смехе, доброте и том, как даже нелепые идеи могут привести к настоящему вдохновению.",1
2366,"Молодой детектив, впервые столкнувшись с криминалом, врывается в разрушенный комплекс, где скрывается ключ к разоблачению заговора. Странные звуки и тусклый свет заставляют его сомневаться в своей подготовке, а резкие ветра и гроза усугубляют хаос. В каждой тени он чувствует, как страх провала бьет корни в его уверенность, но впереди — шанс исправить прошлые ошибки.",0
2367,"Одинокий детектив, только что прибывший в отдалённую горную область, ввязывается в гонку с тайной, которая угрожает всему региону. Его путь осложняется не только вооружёнными бандитами, но и разрушительной борьбой с близким человеком, чьи мотивы скрываются за ледяной маской. Снежные хребты становятся как тюрьмой, так и испытанием, где каждая минута — битва между верой в себя и страхом потерять всё.",0
2368,"В центре действия – владелец ресторана, который пытается восстановить отношения с семьей, но каждый шаг осложняется давлением окружения. В узком пространстве многоквартирного дома теснится не только жизнь, но и неразрешенные обиды, которые превращают простые моменты в испытания. Воспоминания и надежда соперничают, оставляя после каждого разговора смесь горечи и тепла.",2
2369,"Возвращаясь в родной город, бывший спортсмен сталкивается с разрушением старого дела и разногласиями с сыном, который видит в его идеях прошлое. В переполненном жилом комплексе прошлые победы и текущие потери переплетаются, создавая тяжелую но надежную атмосферу. Каждый шаг — это битва между воспоминаниями и реальностью, где надежда и разочарование живут рядом.",2
2370,"Недостойный доставщик ежедневно сталкивается с катастрофами на дороге, но его неловкие моменты вдруг превращаются в вирусный хит. Семья, которая всегда считала его дураком, теперь пытается управлять его репутацией, создавая хаос в маленьком туристическом поселке. Пока он пытается сохранить лицо, его неловкость превращается в неожиданную связь с местными жителями.",1
2371,"Музыкант, разорванный прошлым, возвращается в реабилитационный центр, чтобы спасти свою дочь от теней прошлого. Его творчество становится не только способом выразить боль, но и оружием против тех, кто пытается разрушить связь, которую он считает последним укрытием. В тишине пустых коридоров и звуке гитары раскрывается трагедия, где страх и любовь сражаются за право жить.",2
2372,"В условиях хаоса разрушающейся платформы лидер отрядов сталкивается с неизбежным выбором: спасти ученого, чьи исследования могут изменить ход войны, или выполнить приказ, который разрушит всё, что он ценит. Давление со стороны властей и угроза наступающего конфликта толкают его к решению, где каждый шаг — это баланс между долгом и выживанием.",0
2373,"В пыльном городке на границе таится тайна, которую бывший пожарный готов разоблачить, несмотря на враждебную тишину и собственные сомнения. Его путь превращается в гонку с тьмой, где каждый шаг уносит в прошлое, а вера в себя становится единственным оружием против предательства и жары пустыни.",0
2374,"В тихом городке библиотекарь, разрывающаяся между болью прошлого и заботой о близком, находит в университете новые смыслы жизни. Пока она пытается защитить того, кого любит, неизгладимая тень утраты тихо подкрадывается, но в каждом вздохе надежды ощущается шанс начать заново.",2
2375,"Студент, уверен в себе, пытается скрыть ошибку, но семья вмешивается. В неловком курортном месте его непонимание превращается в хаос. Эмоции и смех сопровождают каждый шаг к разрешению.",1
2376,"Он бежал от прошлого, но судьба не дала ему уйти. В тени мегаполиса, где каждый уголок пульсирует от тени и угрозы, он пытается вернуть украденные документы, зная, что каждая минута — это битва с собственным страхом и желанием искупить вину. В руках — не только ключ к разоблачению картеля, но и шанс стать человеком, а не просто тенью прошлого.",0
2377,"Он случайно упаковал подарок для бабушки, но в коробке оказался секрет, который может разрушить семейные отношения. В маленьком туристическом городке, где все знают друг друга, его неловкость становится неотъемлемой частью праздника. Смешные ситуации и неразговорчивые моменты делают эту историю теплой и искренней.",1
2378,"Он возвращается в родной район, где каждый шаг напоминает о прошлом, но сейчас его ждут другие вызовы. Попытки восстановить связь с семьёй сталкиваются с ожиданиями, которые не унимаются, даже когда сердце требует иного. В тишине подъезда и гулких улиц скрывается борьба между долгом и желанием быть настоящим.",2
2379,"Международный курьер вынужден ввязаться в непростой путь, чтобы спасти ключевого свидетеля, чья жизнь теперь в опасности. В тени высокозащищенного центра исследований он сталкивается с загадочным преследователем, чьи действия заставляют его пересмотреть свои собственные мотивы и прошлое. Вина за прошлые ошибки превращает каждую минуту в битву между страхом и решимостью.",0
2380,"В тесной квартире, где каждый звук кажется громче, отец борется с одиночеством, пока болезнь не превращает его жизнь в тяжелый ритуал. Вокруг него — шум соседей, но в сердце — тишина, которая не исчезает даже в моменты, когда кажется, что всё должно измениться.",2
2381,"Ветеран спецназа возвращается в прошлое, чтобы спасти уязвимого свидетеля, за которого теперь отвечают его собственные сомнения. В тени заброшенной военной базы он сталкивается с преступной организацией, чья жестокость заставляет его пересмотреть свои убеждения и страх неудачи. Каждый шаг — битва между прошлым и настоящим, где даже победа может обернуться потерей.",0
2382,"В увядшей промышленной деревне одинокий отец борется с давлением общества, пытаясь защитить сына от жестоких реалий, которые разрушают их мир. Его тихие усилия поднимают вопросы о морали и цене человеческой жизни в условиях безысходности. Каждый шаг — это битва за сохранение человечности в мире, где надежда кажется почти непостижимой.",2
2383,"Молодой основатель стартапа случайно вляпывается в абсурдную ситуацию, когда его вынуждают сыграть роль влюбленного в обмен на помощь отца. В летнем лагере, где каждый день превращается в цирк, он пытается сохранить лицо, но семейные интриги и нелепые приключения делают его жизнь еще сложнее.",1
2384,"Он стоит на краю обрушивающейся платформы, где каждый шаг уносит жизни, а каждый выбор — ворота между правдой и тенями прошлого. Внутренний конфликт сокрушают, как волны, но он не сдается, ведь за каждым шагом следят глаза, которые когда-то оставили его в одиночестве.",0
2385,"В холодном тумане промышленного порта спасатель ищет пропавших, чьи следы приводят к тайной войны за ресурсы. Его руки дрожат не только от холода, но и от вины за прошлые ошибки, которые теперь преследуют его в каждой повороте. В битве за правду и спасение он сталкивается с собственными страхами, которые могут разрушить всё, что осталось.",0
2386,"Он ведет расследование, которое может изменить всё, но связь с командой нарушена, а тоннели превращаются в ловушку. С каждым шагом он сталкивается с тенью прошлого, когда выбор между долгом и семьей превращается в битву, где каждый удар — это не только угроза, но и отражение собственной души.",0
2387,"Он возвращается в горы, где в прошлом потерял брата, чтобы спасти жизни, но теперь сталкивается с новой угрозой. Снежные хребты, которые когда-то спасали, теперь скрывают дронов, которые готовы уничтожить всё, что он ценит. В битве за выживание каждая секунда — это борьба с собственными страхами и тенью прошлого.",0
2388,"Молодой амбициозный студент, мечтающий стать знаменитостью, решает запустить собственный лайфстайл-брендинг, не осознавая, что его секретная двойная жизнь — тайный студент-секретарь — вскоре превратится в хаос. В попытках совместить оба существования он впутывает друзей в абсурдные ситуации, где каждый день становится новым вызовом, а смех — единственным способом выжить.",1
2389,"Бывший маг, который случайно стал знаменит в интернете, оказывается в нелепой ситуации, когда семья вмешивается в его новую жизнь. В летнем лагере он сталкивается с неожиданными поворотами, смешными конфликтами и попытками сохранить баланс между магией и реальностью. Его внутренние сомнения и внешние шутки создают тонкую игру между иллюзией и правдой.",1
2390,"В одиночестве она переселяется в шумный район, где каждый день сталкивается с непониманием и холодом. Старые привычки и новые реалии тянутся в противоположные стороны, а в узких стенах квартиры тихие ссоры превращаются в громкие разговоры. Время и боль тают в молчании, которое дарит немного тепла.",2
2391,"Молодой музыкант, теряющий надежду, вынужден вступить в ложную связь с актрисой из местного театра, чтобы выжить в мире, где талант не всегда приносит награды. Когда их симулякр превращается в хит, он сталкивается с непредсказуемыми последствиями, которые заставляют пересмотреть свои приоритеты и понять, что иногда иллюзия становится настоящей.",1
2392,"В центре, где технологии и безопасность на грани, инженер подводного судна сталкивается с кризисом, который может изменить всё. Его борьба за спасение не только с оружие, но и с собственными сомнениями, ищущими искупление. В тени лабиринтов секретных лабораторий каждая минута становится испытанием, где страх и решимость борются за выживание.",0
2393,"В подземных лабиринтах метрополитена подожжен огонь спасения — подводный инженер ввязывается в смертельно опасную миссию, чтобы спасти ученого, исчезнувшего в тени коррумпированных властей. Каждый шаг превращается в битву с собственными сомнениями, когда доверие рушится, а тени прошлого возвращаются, чтобы остановить его на пути к правде.",0
2394,"Молодой студент возвращается в тихое прибрежное село, чтобы восстановить связь с семьей, но сталкивается с непониманием между поколениями, где каждое слово становится камнем, а тишина — зеркалом прошлого. В поисках взаимопонимания он сталкивается с непреодолимыми преградами, где старые обиды и непонятные ожидания тянут его в разные миры.",2
2395,"В ледяных тенистых переулках промышленного порта одинокий детектив, несущий тень прошлых ошибок, борется за каждую минуту, чтобы остановить неизбежное. Его путь пересекается с таинственным убийцей, чья смерть становится единственной надеждой на спасение. В холоде и тумане он сталкивается с собственными страхами, где каждый шаг — это выбор между прошлым и будущим.",0
2396,"Бывший спецназовец возвращается на тропический остров, чтобы найти пропавшую экспедицию, но ограниченная связь и изоляция заставляют его пересмотреть свои убеждения. В погоне за правдой он сталкивается с внутренними сомнениями и разрушением доверия, которое раздирает его душу.",0
2397,"Вертолетный пилот ввязывается в ловушку, чтобы спасти уязвимого свидетеля, окруженного врагами изнутри. Каждый полет становится битвой с собственными сомнениями, разгораясь в пылу нерешенного обмана. В тени секретного центра тени сжимаются, а вера в правду начинает колебаться, как сама жизнь на краю.",0
2398,"Средневековый писатель, столкнувшись с личной потерей, возвращается в отдалённое сельское поселение, где старые узы и новые конфликты заставляют его пересмотреть свои убеждения. В тишине природы и громких спорах соседей он пытается найти путь к исцелению, но каждый шаг приводит к новым разрывам между прошлым и настоящим.",2
2399,"Студент, прибывший в тихий промышленный город, сталкивается с трудностями адаптации, пытаясь найти место среди пустых улиц и остатков прошлого. Его попытки понять местные ценности сталкиваются с разногласиями, которые разрывают связь между поколениями. В тишине умирающего города эмоции прорываются через скрытые обиды и непонимание.",2
2400,"В отдалённой горной зоне, затопленной снегом, подводный инженер борется за выживание и правду, погружаясь в тенистые лабиринты опасного картеля. Его миссия — вернуть украденные документы, но прошлое, проклятое ошибками, преследует его каждым шагом, превращая выживание в тяжёлый выбор между мукой совести и безжалостной реальностью.",0
2401,"Молодой музыкант, потерявший веру в свои силы, приезжает в тихое прибрежное поселение, чтобы начать новую жизнь. Он сталкивается с сопротивлением местных жителей, которые не готовы принимать чужака в свои ряды. Но через музыку он находит связь с людьми, раскрывая скрытые боли и надежды, которые объединяют их в тишине океана.",2
2402,"В тени разрушающейся нефтяной платформы одинокий офицер границы разгадывает тайну, которая может разрушить всё, что он когда-либо верил. Но когда его собственные люди начинают сомневаться, а прошлое возвращается в виде тяжёлых обвинений, он сталкивается с выбором между правдой и выживанием.",0
2403,"В маленьком горном городе безработный архитектор сталкивается с давлением соседей, пытаясь защитить любимого человека. Его усилия превращаются в путь к пониманию и надежде, где каждый шаг — это борьба за будущее. В тишине горного ландшафта рождается сила, которая связывает его с тем, что действительно важно.",2
2404,"Международный курьер возвращается в заброшенную военную базу, чтобы вернуть украденные документы, но сталкивается с опасной группировкой, которая не намерена отпускать его живым. Внутренний страх неудачи заставляет его пересмотреть свои приоритеты, когда каждый шаг превращается в битву между верой в себя и грозящей разрушить всё тьмой.",0
2405,"Вертолетчик-спасатель возвращается из опасной миссии, когда получает задание отыскать потерянную экспедицию на разрушающейся платформе. Сильный шторм и разрушающаяся платформа становятся не только техническими препятствиями, но и отражением его собственного травматического прошлого. В борьбе с элементами природы и собственными страхами он сталкивается с тем, что некоторые раны не заживают, даже если мир вокруг уже меняется.",0
2406,"В тропическом лесу острова, где каждый шаг превращается в битву за выживание, герой — спасатель, вынужден бросить всё ради спасения невинных. Власти, не веря в его расследование, оказывают давление, заставляя выбирать между долгом и правдой. В тени пальм и ловушек картеля его решимость сталкивается с тьмой, где каждая секунда — это битва за жизнь.",0
2407,"В пыльной тишине разрушающейся платформы одинокий спасатель бьется за последние шансы спасти ученого, чьи исследования могут изменить мир. Время течет, а каждая минута уносит остатки стабильности, когда власти требуют уступить давлению, а вдали грохочет бой, который может уничтожить все.",0
2408,"В центре, защищенном множеством слоев безопасности, подводный инженер сталкивается с неожиданным испытанием, которое заставляет его пересмотреть свои убеждения. Его борьба с вооруженными группами превращается в личную войну, где каждый шаг обретает значение, а прошлое не остается позади.",0
2409,"Новый детектив входит в хаотичную сеть лабиринтов, где каждый шаг под угрозой. В поисках пропавших ученых он сталкивается с предательством, разрушающим доверие. Его миссия — не только раскрыть загадку, но и искупить прошлое, которое тянет его в пропасть.",0
2410,"На изолированном тропическом острове сражение за выживание становится жестоким испытанием. Главный герой, волонтер по спасению, борется с преступной группировкой, которая не дает ему уйти. Внутренний конфликт с близким человеком добавляет трагичности, когда каждый шаг превращается в выбор между спасением и жертвой.",0
2411,"Покинутый мечтой о музыке, молодой музыкант возвращается в родной город, чтобы восстановить разрушенные отношения и найти ответ на вопрос, что значит принадлежать кому-то. В семейном кафе, где каждый уголок напоминает о прошлом, он сталкивается с разногласиями соседей и старых обид, но в каждом звуке скрыта надежда на примирение.",2
2412,"В глухом сельском посёлке без интернета и шума уволенный архитектор возвращается к родным, чтобы исправить разрушённые отношения. В тишине он раскрывает тайну предательства, которая разлучила его с семьёй, но в каждом шаге появляется шанс начать заново. Надежда светит сквозь облака прошлого, обретая силы в простоте и любви.",2
2413,"Вертолетчик, привыкший к штормам и усталости, получает задание — найти потерянную экспедицию в изолированном горном регионе, где снег угрожает жизни. Но по мере поисков он сталкивается с предательством внутри своей команды, что заставляет его пересмотреть свои убеждения и прошлые ошибки, оставившие тень на его душу.",0
2414,"Вдовы учительница, ведя уроки в старом классе, сталкивается с тяжелым выбором — между заботой о больной матери и борьбой за выживание в условиях финансового кризиса. В тишине субурбанского района каждая мелочь становится тяжелым грузом, а её решимость тестировать пределы человеческой выносливости.",2
2415,"Молодой иммигрант, прибывший в тихую горную деревню, борется с отсутствием связи с родными и бедственными обстоятельствами. В попытке восстановить отношения с семьёй он сталкивается с тяжёлыми реалиями, которые заставляют пересмотреть ценности и найти силы в простых человеческих связях.",2
2416,"После провала карьеры архитектор без работы возвращается на университетский кампус, где сталкивается с одиночеством и попытками найти новое смысл. В напряженной атмосфере он сталкивается с воспоминаниями о прошлом, пытаясь найти в себе силы продолжить путь, несмотря на тяжесть потери прежнего предназначения.",2
2417,"Учитель, который не умеет общаться, случайно въезжает в роскошный отель, где каждый житель — хитрый игрок в игры, не имеющие отношения к жизни. Его неловкость и попытки устроить порядок сталкиваются с агрессивной соперницей, которая видит в нем угрозу для своей статусной карьеры. В хаосе непонимания и сарказма герою приходится осознать, что даже в идеальных условиях люди остаются непредсказуемыми.",1
2418,"Бухгалтер, привыкший к хаосу на рабочем месте, случайно втягивается в нелепую ситуацию, когда его вынуждают признаться в романе с коллегой. Семья, не желающая видеть его в одиночестве, усиливает напряжение, заставляя его играть роль, которую он не выбирает. В переполненном офисе смешки и неловкие моменты превращаются в цепляющий сюжет, где искренность теряет смысл, а драма становится повседневностью.",1
2419,"Он возвращается к жизни после долгих лет службы, но всплывает старые обиды и тревоги. В условиях хаоса мегаполиса, где каждая минута важна, он сталкивается с личными страхами и неопределенностью. С каждым шагом он сталкивается с риском провала, но вспоминает, почему когда-то выбрал этот путь.",0
2420,"Социально неловкий учитель, привыкший к уютной классной комнате, сталкивается с хаосом при переезде в старом здании. Попытка организовать встречу в переполненном офисе превращается в непредсказуемую сагу, где смешные казусы и непростые отношения раскрывают истинные мотивы персонажей. Вместо уюта — взаимные недопонимания, но в каждом провале скрывается шанс найти себя среди непредсказуемых соседей.",1
2421,"В одиночку он бросает вызов тайной, скрывающейся под стальными стенами лаборатории. Его миссия — раскрыть преступную сеть, но каждый шаг затруднен тишиной, разрываемой лишь шепотом ветра. Давление со стороны властей толкает его к решению, где правда становится страшнее, чем смерть.",0
2422,"Повар с неуправляемым распорядком жизни случайно втягивается в фестиваль, где кулинарные рецепты переплетаются с ритуалами и странными традициями. Его непредсказуемые действия приводят к тому, что весь отель становится центром неожиданного внимания, а его хаотичные идеи начинают влиять на судьбы участников.",1
2423,"Он возвращается к прошлому, чтобы исправить ошибки, но каждый шаг проклят тенями заброшенной военной базы и лицами, которые когда-то верили в него. Скрытые цели и коррумпированные власти тянут его в бездну, где доверие рушится, а выбор становится жестоким. В тени разрушенных стен он должен решить: спасти мир или вернуться к тем, кто оставил его в одиночку.",0
2424,"Он возвращается в родной город, где промышленность увядают, а его бизнес под угрозой. С одиночеством в доме и пустыми глазами в офисе, он борется не только за сохранение дела, но и за связь с детьми, у которых остался лишь пустой холодильник. В каждой улице, где раньше гудели машины, теперь тишина — и он чувствует, как сам теряет веру в будущее.",2
2425,"Старый врач, теряя веру в себя, возвращается в родной город, где его детство связано с умирающим кафе. В попытке спасти семейное дело он сталкивается с разочарованием, когда прошлое и настоящее переплетаются в тихих, но болезненных моментах. Его борьба за смысл жизни и сохранение памяти о близких превращается в тонкую игру между надеждой и тоской.",2
2426,"Молодой основатель стартапа случайно становится интернет-звездой, но его репутация рушится, когда неловкий секрет выходит из-под контроля. На фоне хаоса университетского кампуса он пытается сохранить лицо, сталкиваясь с абсурдными ситуациями, которые разрушают его планы. В каждой сцене — смесь смеха и непонятного напряжения, как будто реальность сдвинулась с места.",1
2427,"После ухода с сцен волшебника ждет неожиданная ловушка: он вынужден притворяться возлюбленным телевизионной ведущей, чтобы спасти свою репутацию. Нелепые повороты событий усиливаются появлением завистливого соседа, который не отступает, пока не выяснит правду. В хаосе лжи и абсурда герою предстоит найти баланс между иллюзией и реальностью, не потеряв душу.",1
2428,"Молодой основатель стартапа случайно становится центром внимания после того, как его ошибочно принимают за известного артиста. Его сосед, завидуя популярности, начинает вмешиваться в его жизнь, создавая хаос, который затрагивает даже самые неожиданные моменты. Пока он пытается сохранить лицо и не упасть в пропасть самодовольства, его настоящая жизнь вдруг становится не такой уж простой.",1
2429,"В отдалённом пустынном городке на границе международный курьер сталкивается с непростой миссией — защитить ключевого свидетеля, чья судьба связана с тайной, которую хотят уничтожить коррумпированные власти. Внутренние сомнения и нерешённая предательство добавляют напряжённости, когда каждый шаг превращается в битву за выживание и правду.",0
2430,"В летнем лагере случайное сходство с известной личностью вынуждает бухгалтера вести двойную жизнь, где каждый день — это новый спектакль из неожиданных поворотов. Его внутренние конфликты и внешние приключения переплетаются в пляске между реальностью и мечтой, где даже нелепость становится поводом для искренней смеха и глубоких размышлений.",1
2431,"Старый врач, разрываясь между болью прошлого и неуверенностью будущего, сталкивается с непониманием молодых соседей, которые живут по другим правилам. В тесном, шумном подъезде он пытается найти смысл в хаосе, но каждый день приносит новые вопросы, которые не дают покоя.",2
2432,"Студент колледжа, одинокий и потерянный, попадает в реабилитационный центр, где сталкивается с конфликтом внутри сообщества. Его путь к исцелению становится не только личной борьбой, но и испытанием для всех, кто окружает его. В тишине убежища раскрываются скрытые страхи, а каждый шаг к связям наполнен болью и надеждой.",2
2433,"Он возвращается в мир, где каждая секунда — битва за выживание. После тяжелых потерь в прошлом, бывший спецназовец теперь сталкивается с новой угрозой: дронов, охраняющих секретный объект. Его путь к разгадке скрытых угроз переплетается с личной болью, которую он пытается заглушить, но она возвращается с каждым шагом в тенистые коридоры безопасности.",0
2434,"Бывший маг, утративший волшебство, находит себя в ловушке умирающего аттракционного парка, где каждый день напоминает ему о прошлом. Секрет, связанный с его прошлым, начинает разрушать его планы, заставляя сомневаться в собственной достоинстве. На фоне хаотичных событий на кампусе он пытается совладать с прошлыми обидами и настоящим, но жизнь не дает покоя.",1
2435,"После разоблачения и изгнания из силовых структур, бывший разведчик должен сам разобраться с преступной группировкой, которая угрожает его бывшим коллегам. На тропическом острове, где ресурсы на исходе, он сталкивается с давлением со стороны властей, которые не хотят, чтобы правда вышла наружу. В одиночку борясь за справедливость, он сталкивается с собственными сомнениями и риском потерять всё, что осталось.",0
2436,"Мэр маленького городка находит себя в центре хаоса, когда наследует руины аттракционов и обещания мечты. Скрывая секретную двойную жизнь, он пытается спасти парк, но столкнувшись с шумом магазинов и непредсказуемыми клиентами, понимает, что спасение — это не всегда логичный выбор.",1
2437,"После ухода из подразделения спецназа он возвращается в тенистую пустыню, где его охота за ним превращает каждый шаг в битву. Система дронов преследует его, заставляя выбираться из-под земли, но в тени улицы города ждут не только враги — возвращение в прошлое разжигает битву с близким.",0
2438,"На борту грузовика, плывущего сквозь бескрайние волны, подводный инженер разгадывает тайну, которая может разрушить систему. Его путь преследует не только тени прошлых ошибок, но и угрозы, которые поджидают в темноте. Каждый шаг — битва между правдой и страхом, где даже молчание может стать проклятием.",0
2439,"Неупорядоченный повар, который случайно попадает в центр внимания, сталкивается с хаосом, когда его ошибочно признают знаменитостью. Его секретная двойная жизнь, скрытая за кулисами телестудии, теперь выходит из-под контроля, превращая каждую минуту в новую смешную ситуацию. В мире, где реальность и вымысел переплетаются, герой вынужден найти баланс между идентичностью и неожиданным признанием.",1
2440,"В тесных улицах переполненной мегаполиса герой, привыкший защищать, впервые сталкивается с тем, что его доверие подвергается испытанию. Следуя за исчезнувшей экспедицией, он ввязывается в сеть опасного картеля, где каждый шаг превращается в битву за выживание. Внутренние сомнения и разочарование заставляют его пересмотреть свои приоритеты, когда граница между правдой и ложью становится неясной.",0
2441,"В тихом промышленном городке, где заводы ушли в прошлое, библиотекарша сталкивается с тяжелым испытанием — заботой о больной матери и разногласиями в сообществе, которое борется за свою будущее. Но в сером фоне появляется светлая нить надежды, связывающая её с людьми, которые тоже ищут смысл в трудностях.",2
2442,"Пилот вертолета приземляется на тропический остров, где его миссия раскрыть коррупцию в правительстве сталкивается с трудностями связи. Вина за прошлые ошибки тянет его в тень, но он не может смотреть в сторону, пока не разоблачит правду. Каждый шаг — это битва с собой и тем, что скрывается под покровом власти.",0
2443,"В отдалённом горном регионе, затопленном снегом, подводный инженер сталкивается с неожиданной задачей — спасти ученого, украденного вооружёнными мерканты. С каждым шагом он сталкивается с ловушками, а в его сердце ещё не исчезло ощущение предательства, которое когда-то разрушило его доверие.",0
2444,"Он бежит через улицы гигантского города, где каждый шаг преследуется тенями прошлого. Армия оружейников преследует его, но настоящая борьба разворачивается внутри — тени предательства, которые он не может простить. В хаосе мегаполиса его дыхание сливается с ритмом вспышек огня и шепотом обид, которые не дают покоя даже в моменте угрозы.",0
2445,"Стареющий доктор, потерявший смысл жизни, живет в тихой, но грустной деревне, где промышленность увядают вместе с надеждами. Его попытки помочь молодежи, которая презирает его опыт, сталкиваются с непониманием и разочарованием. В поисках нового назначения он находит в себе силы преодолеть разрыв поколений, но путь к примирению омрачен тоской по прошлому и страхом утраты.",2
2446,"Молодой музыкант, разочарованный в жизни, приезжает на береговой курорт, чтобы отдохнуть и найти вдохновение. Чтобы пройти через шумную вечеринку, он соглашается на поддельную связь с местной красоткой, не подозревая, что она скрывает вторую личность. Ситуация раскалывается в смесь абсурда и искренней дуэли, где искренность теряет смысл, а смех становится единственным способом выжить.",1
2447,"Он бьется за жизнь, превращая бурю в преграду, чтобы спасти ученого, чья судьба связана с тайнами, которые могут изменить мир. В борьбе с элементами природы и собственными сомнениями он сталкивается с тем, что доверие — самое хрупкое и ценное, что остается после катастрофы.",0
2448,"Телохранитель ввязывается в смертельную гонку, когда его поймали вооруженные морские пираты. Он должен выжить, чтобы защитить семью, но его разрывает конфликт с родственником, который винит его в трагедии. В условиях угрозы изнутри и снаружи он сталкивается с выбором между долгом и личными чувствами.",0
2449,"В тихом, обмирывающемся промышленном городе старый владелец кафе пытается найти смысл в руинах прошлого. Его руки, сжимающие кружку с кофе, трясутся не от холода, а от тени утраченного ребенка. Каждый день — это попытка вернуться к тем, кто остался, но время не прощает, а только усугубляет боль.",2
2450,"Молодой основатель стартапа попадает в непростую ситуацию, когда его случайно принимают за знаменитого технолога. В небольшом туристическом поселке он вынужден участвовать в нелепом мероприятии, которое быстро выходит из-под контроля. Пока он пытается справиться с хаосом, в его жизни появляются неожиданные знакомства и смешные приключения.",1
2451,"Он был инженером подводных лодок, но теперь его жизнь вдруг превратилась в гонку с часом. Нужно спасти свидетеля, который может раскрыть тайну, связанную с коррупцией местных властей. На тропическом острове, где каждый шаг может стать последним, он сталкивается с собственными страхами и желанием искупить прошлое.",0
2452,"Молодой музыкант, потерявший связь с семьей, возвращается в отдалённое сельское село, где ждут его сомнения и старые обиды. В тишине природы он сталкивается с тем, что страх быть брошенным может разрушить даже самые искренние намерения. Эмоциональный путь к примирению раскрывается через музыку и тишину, где каждый момент наполнен трагедией и надеждой.",2
2453,"После ухода с работы в больницу женщина, привыкшая к порядку и уважению, столкнулась с неожиданными трудностями при переселении в новую городскую квартиру. Ее старые навыки и опыт не находят применения в повседневной жизни, что вызывает внутренние сомнения и одиночество. В тесном подъезде, где каждый звук и запах напоминают о прошлом, она пытается найти баланс между потерянной профессией и новой реальностью, где ценится не только умение, но и умение жить.",2
2454,"В холодном порту, где лед скрывает скрытые угрозы, инженер подводного корабля бьется за выживание, сталкиваясь с предательством тех, кто должен защищать. Его решимость тает под давлением обмана и разрушения, но в сердце осталась вера в то, что даже в безысходности можно найти свет.",0
2455,"Подводный инженер оказывается в центре коварной игры, где каждый шаг под угрозой. Ограниченная связь и отдаленный пустынный город на границе превращают его погоню в тяжелую борьбу за выживание. Потеря доверия между ним и союзниками добавляет хаоса, когда тени прошлого и настоящего сталкиваются в пыльной пустыне.",0
2456,"Он стоит на краю пропасти, где каждый шаг может стать последним. Секретная миссия, связанная с угрожающим мирной жизни планом, вынуждает его проникнуть в заброшенную военную базу, где время течет иначе. Но доверие внутри команды начинает рушиться, а давление со стороны властей заставляет сомневаться в собственных решениях.",0
2457,"В центре повествования — владелец ресторана, который убежден, что счастье найдётся за кулисами, но реальность раскрывает другую правду. Студенческая среда сталкивает его с давлением общества, заставляя пересмотреть свои убеждения и найти новый смысл в жизни.",2
2458,"В небольшом туристическом поселке, где каждый уголок напоминает о прошлом, молодой основатель стартапа пытается организовать семейное собрание, которое обретает собственную жизнь. Последовательность абсурдных совпадений превращает событие в хаотичное, где даже самые нелепые ситуации получают неожиданные повороты. Смесь неловкости, смеха и неожиданных открытий оставляет после этого впечатление, что некоторые воспоминания лучше оставлять в прошлом, а другие — переписывать с нуля.",1
2459,"В прошлом убийца, теперь беглец, борется за жизнь несчастного свидетеля в темных подземных лабиринтах, где бушует ураган. Его путь пересекается с родственником, чья ненависть и тень прошлого превращают спасение в ловушку. В тумане и грохоте каждая секунда становится битвой между прошлым и надеждой на новое начало.",0
2460,"Она возвращается к тому, что когда-то было важно, но теперь все изменилось. Город, где она жила, тоже умирает, и она пытается найти смысл в этом упадке. Болезнь заставляет её пересмотреть отношения, которые казались незыблемыми, и раскрыть те части себя, которые долгие годы скрывала.",2
2461,"В пустынном городе на границе охота за беглецом превращается в гонку с тьмой. Он должен разоблачить тайный план, но каждый шаг угрожает его жизни. Ветер и гроза разрывают небо, а разочарование в друзьях становится самым страшным врагом. В тени пустыни его выбор между спасением и правдой определяет судьбу всех.",0
